Frequency	n	k	ε1	ε2	σRe	σIm
0.0	inf				0.0	
0.011111111111108584	11.613169729487376	37.01017914544765	-1234.8876492122463	-859.6109842696353	531.3590055328456	770.5025294170032
0.022222222222217168	6.942967123179558	20.895306983602325	-388.40906146542784	-290.15085883179034	358.70707709570434	494.52233857850825
0.03333333333332575	5.537948884964337	14.299482577858496	-173.80632414200093	-158.37960719523684	293.7017980782792	343.8205949612155
0.044444444444434336	4.95761122765482	10.68363587343627	-89.56216639160522	-105.93062631664692	261.9193718326397	250.12908915798917
0.055555555555542924	4.695013867832341	8.428683262215143	-48.99954631560772	-79.14556960733287	244.61478464362926	187.2946905940343
0.0666666666666515	4.573409738972321	6.920882953141604	-26.982544210559166	-63.30406700037066	234.78424568584077	143.09623328093116
0.07777777777776008	4.515168098557737	5.867877162597803	-14.045239437103348	-52.98890354163418	229.28152529201273	110.96624428165313
0.08888888888886867	4.482694014793593	5.10882037520505	-6.005499995843959	-45.80255703717447	226.49874516261843	87.0611580437024
0.09999999999997726	4.457785674647615	4.546651225983322	-0.8001842496421432	-40.53599340561494	225.51187670472567	68.9853285113726
0.11111111111108585	4.432419192989803	4.119567638309436	2.675502375777988	-36.51930133372484	225.74001489673387	55.165793239787014
0.12222222222219442	4.403811362182863	3.787135493648312	5.051159266440042	-33.35566063410889	226.8027524838945	44.529026729310516
0.133333333333303	4.371606860452723	3.5225301524959285	6.702727867114326	-30.798233961605558	228.45104498860286	36.32633409259847
0.1444444444444116	4.336346630679474	3.307757522991841	7.862642270496105	-28.687166379860702	230.52450261256465	30.03268152284104
0.15555555555552017	4.298718360688885	3.1305755819841496	8.678476070008339	-26.91492546759911	232.92028148811343	25.282707060329752
0.16666666666662877	4.2592454694558475	2.9824900405424217	9.245925127145425	-25.406314385754992	235.56947607654834	21.827179496536804
0.17777777777773734	4.218195836029395	2.8574490735383042	9.628160903230812	-24.106559567330653	238.41924317704587	19.501927838584425
0.18888888888884592	4.175588148754114	2.750989683400792	9.867592149838222	-22.97399983870636	241.41909866617056	18.204768200773394
0.19999999999995452	4.131236985381355	2.6596709334637176	9.993269555071059	-21.975461858538125	244.50998871958552	17.87728719851006
0.2111111111110631	4.084814149501318	2.5806871128478956	10.025760661546967	-21.083254467993576	247.61522283654884	18.48887348871455
0.2222222222221717	4.035923183782285	2.511594813902956	9.980567436167114	-20.273207475396585	250.63317152096332	20.020685924037355
0.23333333333328027	3.984193296033448	2.450118211835117	9.870716968191758	-19.52348910816586	253.43279795694076	22.447680062848974
0.24444444444438884	3.9294004533319304	2.394021878496663	9.708847167924489	-18.814141309302695	255.85456581887252	25.717893726489937
0.2555555555554974	3.8716148507572052	2.341062525773896	9.508827803020882	-18.127384882674775	257.720568664117	29.730603243004914
0.266666666666606	3.8113511384090373	2.289045330173217	9.286668976664053	-17.448711050051163	258.8574577397986	34.31903857503527
0.2777777777777146	3.749663240229527	2.236001830401167	9.060270229571227	-16.768507737082384	259.1316816122455	39.24764544172847
0.2888888888888232	3.6881024957621165	2.1804580238870703	8.847702825313245	-16.083505359604874	258.4878564996446	44.23385208809265
0.29999999999993177	3.628488833318397	2.1216852965355937	8.66438271598097	-15.397022812590466	256.9724744664914	48.9947210407524
0.31111111111104034	3.5725458205345517	2.059788836872193	8.52035358731559	-14.717380000702958	254.72679065434912	53.30218062017896
0.3222222222221489	3.521554107775704	1.995557244113637	8.419094619457521	-14.054925620619883	251.94899981614907	57.02100109030233
0.33333333333325754	3.4761774690993748	1.9301402434311012	8.358368437361865	-13.419020052834354	248.84455693260892	60.11335900590334
0.3444444444443661	3.4365023113530606	1.8647117473064203	8.332398235392365	-12.816172459251435	245.58742512185586	62.614786610049464
0.3555555555554747	3.4022140443760436	1.8002442168626605	8.334181163402143	-12.249632315833791	242.30318372731375	64.59935132595285
0.36666666666658326	3.3728001652121726	1.737426014469438	8.357131798700102	-11.719981497292894	239.07103131348524	66.14992058456303
0.37777777777769184	3.3477071579705506	1.6766836571017079	8.395875129535302	-11.226091761063255	235.9356641009032	67.34020576932367
0.38888888888880047	3.3264294202733264	1.6182528353509342	8.446390448938601	-10.76600768190415	232.92109268434038	68.22790808217937
0.39999999999990904	3.3085403936016275	1.5622553910501613	8.505797629228319	-10.33757013282273	230.04195978546377	68.85528883476465
0.4111111111110176	3.2936869264641664	1.5087596503301903	8.57201788709649	-9.93876387093839	227.31086035791054	69.2534029553792
0.4222222222221262	3.2815667510086306	1.4578171610417467	8.643449466297522	-9.56784864944878	224.74186601468236	69.44724025805746
0.43333333333323476	3.271903357091289	1.4094780866644847	8.71872310135787	-9.223352167008269	222.3512049847594	69.4601462361416
0.4444444444443434	3.26442636376793	1.3637916059353892	8.796551940043281	-8.903994546201776	220.15622293889203	69.31681425486907
0.45555555555545196	3.2588603596248094	1.3207983412711792	8.875662585229243	-8.608594714853695	218.17360506958275	69.04477849107161
0.46666666666656054	3.2549217343475974	1.2805205341587538	8.954782658326153	-8.335988235823445	216.41754817864603	68.6746952238399
0.4777777777776691	3.252321296054745	1.2429535978767727	9.032660166296402	-8.084968912764987	214.89825997365247	68.23982491174071
0.4888888888887777	3.2507701022244597	1.208060679415104	9.108095652367542	-7.854255076631176	213.62091305953143	67.77509474858871
0.49999999999988626	3.249986381318712	1.1757704205057213	9.179975397020897	-7.642475708401939	212.58502566181943	67.31601276284883
0.5111111111109948	3.2497021802634682	1.1459773238039213	9.247300233736341	-7.448170015396195	211.7841734258687	66.89758347183471
0.5222222222221035	3.2496690997515763	1.11854388196529	9.30920884199824	-7.269794979877554	211.205931259966	66.55327711263828
0.533333333333212	3.249663014968667	1.0933037190277777	9.364996688815278	-7.105737319704529	210.83197408328127	66.31404159467841
0.5444444444443206	3.249487988921255	1.070065252119528	9.414132546349872	-6.954328368248801	210.6383103550244	66.20731761805555
0.5555555555554292	3.2489796931073407	1.0486156888438622	9.456274183334383	-6.813862157854948	210.59566980242397	66.25601806649497
0.5666666666665378	3.248008593309856	1.0287254595830624	9.491283751020285	-6.682618265764835	210.6701083543506	66.47745883331433
0.5777777777776464	3.246482970000758	1.010153394651842	9.519241793778303	-6.558891585651319	210.82392041808174	66.88227679161922
0.5888888888887549	3.24435155688996	0.9926530457784231	9.540456955401126	-6.441030909045575	211.01695019784853	67.47343681616394
0.5999999999998635	3.241605250061891	0.9759804674588821	9.555466724367557	-6.327486814545142	211.20835679455598	68.24550192115431
0.6111111111109722	3.2382770549970328	0.9599034751041374	9.565023603403256	-6.216866796883288	211.35880305680706	69.18439617351456
0.6222222222220807	3.234439331926704	0.9442118914853339	9.57006169589215	-6.1079921589861454	211.43290992366244	70.26789678693177
0.6333333333331893	3.2301976105434766	0.9287276832855611	9.57164149345982	-5.999947886789196	211.40167452568448	71.4670181994659
0.6444444444442978	3.2256808407022213	0.9133133888382255	9.570875539842225	-5.892114999864564	211.2444449851358	72.74828654933671
0.6555555555554065	3.221028832944924	0.8978771135357777	9.5688434316512	-5.784176142280207	210.95003926527409	74.07667873651384
0.6666666666665151	3.216378538680875	0.8823728053417453	9.56650913648026	-5.676089908433655	210.51672518746796	75.4187907860226
0.6777777777776236	3.211851349990889	0.8667954746374931	9.564654699586258	-5.568036430760851	209.95102161374197	76.74569490921981
0.6888888888887322	3.207543496033933	0.851172180785516	9.563841197606413	-5.460343584967202	209.2655549972309	78.03499820386313
0.6999999999998407	3.203520887238136	0.8355505371323165	9.564401374868911	-5.3534071960928395	208.47640861609605	79.2718123629601
0.7111111111109494	3.199818701216509	0.819986861129022	9.566461268230679	-5.247618585984938	207.60046629762488	80.44860388235607
0.722222222222058	3.1964450160091387	0.8045358622493517	9.569982786724355	-5.14330929417511	206.6531774387219	81.56412212149361
0.7333333333331665	3.193387172016432	0.7892431151671415	9.574816935560372	-5.040717679154075	205.64700966359658	82.62173518380021
0.7444444444442752	3.190619365148894	0.7741408053629685	9.580757946735107	-4.939977289886096	204.59067923231564	83.6275308507432
0.7555555555553837	3.1881101421169515	0.7592465947672417	9.587590886603317	-4.841123538290405	203.4891075739578	84.5884909401429
0.7666666666664923	3.1858288159562087	0.7445650403644665	9.595128145244	-4.74411352189343	202.34396344252391	85.51096330506529
0.7777777777776009	3.1837502024407818	0.7300908005421254	9.603232774505477	-4.648853468052288	201.15460837505364	86.39956755375529
0.7888888888887094	3.181857417525728	0.7158128211721394	9.611828630509079	-4.555228669213179	199.91925326199657	87.25659333676462
0.7999999999998181	3.1801427506552513	0.7017187442687371	9.620898718487055	-4.4631315551702615	198.63614302781295	88.08188608416144
0.8111111111109266	3.178606844701496	0.6877988889627017	9.630474161524875	-4.372484512469856	197.3046083963529	88.87316196972174
0.8222222222220352	3.1772565778507005	0.6740493030051501	9.640616898613816	-4.283255163537586	195.925857380142	89.6266506238652
0.8333333333331439	3.1761021521533577	0.6604735673807202	9.651399547704576	-4.195463037596622	194.50342435723397	90.33793344837355
0.8444444444442524	3.1751539351027205	0.6470832449539774	9.662885785698123	-4.1091778231093175	193.04324840149786	91.00283233072474
0.855555555555361	3.1744195645292206	0.6338970715583783	9.675114074335598	-4.02451053170539	191.553407741676	91.6182118720315
0.8666666666664695	3.1739017175095103	0.6209391612759478	9.688086670403742	-3.9415997408852914	190.0435841728766	92.18258719054077
0.8777777777775781	3.173596783442038	0.6082366070276295	9.701764773745168	-3.860595479269168	188.52436132303222	92.69647275718185
0.8888888888886868	3.1734945052224997	0.5958168884144663	9.7160696101575	-3.781643243004152	187.00646963835416	93.16245573947366
0.8999999999997953	3.1735784966638296	0.5837054565858806	9.73088841443892	-3.7048701708125864	185.50008016984143	93.58501998247176
0.9111111111109039	3.173827434620711	0.5719237726346268	9.74608378304646	-3.630374720199113	184.01422454995418	93.97017700271438
0.9222222222220124	3.174216670333915	0.5604879603981556	9.761504716474441	-3.5582204548345615	182.55638760616478	94.32497560272797
0.9333333333331211	3.1747200013057832	0.5494081226071397	9.77699780150429	-3.4884339114414926	181.132288755644	94.65696326855492
0.9444444444442296	3.1753113786617866	0.5386882784219306	9.792417290149833	-3.4210060400497695	179.74584323990442	94.97366406379189
0.9555555555553382	3.175966379183335	0.5283268180152999	9.80763321506873	-3.355896422475009	178.3992763912926	95.28212352385474
0.9666666666664468	3.1766633320423656	0.5183173357255069	9.822537064628918	-3.2930393495222203	177.0933535037989	95.58855468861661
0.9777777777775554	3.1773840480885216	0.5086496927534941	9.837044879109177	-3.23235083964016	175.827683454569	95.89810336773682
0.988888888888664	3.178114148955663	0.49931116730035696	9.851097902001332	-3.173735771057665	174.60105459957447	96.21473642722715
0.9999999999997725	3.1788430320318612	0.49028756870350004	9.864661122272327	-3.117094442929927	173.41176535558384	96.54124499162575
1.0111111111108813	3.1795635350890725	0.48156421790358306	9.87772017770303	-3.062328054099842	172.25791823148617	96.87934524316556
1.0222222222219897	3.1802713815877546	0.4731267259327819	9.890277161754213	-3.0093427726966784	171.13765404206498	97.22985306101482
1.0333333333330983	3.1809644951881246	0.4649615323244076	9.902345893105979	-2.9580522519044123	170.0493118903168	97.59290510140293
1.044444444444207	3.18164227085764	0.457056194156029	9.913947175091765	-2.908378614968277	168.99150953533248	97.96819800941287
1.0555555555553156	3.182304881429196	0.44939944193698894	9.925104499954813	-2.860252075575273	167.9631472781995	98.35521909134609
1.066666666666424	3.182952684116687	0.4419810391689065	9.935840550340796	-2.8136094699027074	166.96334585688533	98.75344561022592
1.0777777777775326	3.1835857731816426	0.4347914970397044	9.94617472930653	-2.7683920485519025	165.99133451983639	99.16249538739851
1.0888888888886412	3.1842037046705207	0.42782170382722595	9.956121822571838	-2.724542908530214	165.046309105212	99.58221797633036
1.0999999999997498	3.184805398848775	0.4210625302620669	9.96569177414561	-2.6820044392631126	164.1272814543473	100.01272266411934
1.1111111111108585	3.185389207353417	0.41450446793469026	9.974890448385809	-2.6407161171178655	163.2329408957591	100.45434632984919
1.1222222222219669	3.185953116499551	0.40813734881041264	9.983721165039208	-2.600612916804797	162.3615460623265	100.907570217897
1.1333333333330755	3.1864950465434463	0.40195018122628334	9.992186733458079	-2.5616245228695846	161.51086126250024	101.37289954484095
1.1444444444441841	3.187013199611232	0.3959311226548038	10.000291680609529	-2.5236754280755065	160.67814639384957	101.85072322334742
1.1555555555552928	3.187506406736165	0.3900675933223192	10.008044365623833	-2.486685905550099	159.86020339270468	102.34117261674773
1.1666666666664014	3.187974427065553	0.3843465187802657	10.01545870112543	-2.4505737460063144	159.05347594617194	102.84399797271517
1.1777777777775098	3.188418159569746	0.37875467510155336	10.022555256362843	-2.4152565682314635	158.2541932092812	103.35847897903163
1.1888888888886184	3.18883973893417	0.3732790988823323	10.029361594943339	-2.3806544484590377	157.45854318254186	103.88338185193284
1.199999999999727	3.1892425017268624	0.3679075169446132	10.035911793796666	-2.3466925794891127	156.66285782738626	104.4169698321839
1.2111111111108357	3.1896308249134537	0.3626287485365042	10.042245189972927	-2.3133036686636466	155.86379044863725	104.9570674915654
1.2222222222219443	3.1900098544852473	0.35743303635663787	10.048404496233864	-2.280429816592517	155.05846666416747	105.50117260634968
1.2333333333330527	3.1903851553529115	0.35231227159367245	10.054433502780727	-2.2480236826822315	154.24459340753288	106.04660341631721
1.2444444444441614	3.1907623229395625	0.3472600912689459	10.060374630502556	-2.216048830963013	153.42051550413683	106.59066468715712
1.25555555555527	3.191146600827017	0.34227184171175534	10.066266614341068	-2.1844792484745414	152.58521573348125	107.13081375885547
1.2666666666663786	3.1915425469549095	0.33734441780918706	10.072142572796412	-2.153298124831508	151.73826104212984	107.66480797558656
1.2777777777774872	3.1919537837294123	0.33247600160869895	10.078028665818804	-2.1224960626682257	150.87970377376647	108.19081744950117
1.2888888888885957	3.1923828562259073	0.3276657341852714	10.08394346736591	-2.092068944771471	150.009951645223	108.70749155769683
1.2999999999997043	3.192831209190103	0.32291336037558266	10.089898092069284	-2.062015709743222	149.1296231967345	109.2139732274015
1.311111111110813	3.1932992795979858	0.3182188867477109	10.095897029198063	-2.0323362836118766	148.2394063674411	109.70986116083367
1.3222222222219215	3.193786688740351	0.3135822893885928	10.101939560956867	-2.0030298833480247	147.3399367563327	110.195125984263
1.3333333333330302	3.1942925074241253	0.30900330056744557	10.10802158322433	-1.9740938555438328	146.43170928787185	110.66999128513483
1.3444444444441386	3.194815560746684	0.3044812931123041	10.114137609333808	-1.9455231463829226	145.5150327877228	111.13479420577355
1.3555555555552472	3.1953547354955156	0.30001526953380186	10.120282723700177	-1.9173104244515946	144.59003182537862	111.58984238765119
1.3666666666663558	3.1959092537416978	0.2956039506777688	10.12645426249551	-1.8894468028273714	143.65669457598014	112.0352844227498
1.3777777777774645	3.1964788805863145	0.29124594713931934	10.132653032309259	-1.8619230381743848	142.71495992244724	112.47100948470857
1.388888888888573	3.1970640419397074	0.2869399870029841	10.138883932122587	-1.834731029283775	141.76483214218135	112.8965885445044
1.3999999999996815	3.1976658389577484	0.2826851668238178	10.14515591409515	-1.8078654022651888	140.80650790047025	113.31126477626161
1.4111111111107901	3.1982859581816627	0.2784811900739288	10.151481297077005	-1.7813249596623302	139.84049844064648	113.71399492193054
1.4222222222218988	3.1989264890142546	0.2743285590653383	10.1578745237982	-1.7551137885744446	138.86773016871524	114.10353721924905
1.4333333333330074	3.1995896711976206	0.27022869250681103	10.164350517780557	-1.7292418668120608	137.88960932111289	114.47857585720362
1.444444444444116	3.200277602869417	0.26618395051156335	10.170922839917678	-1.7037250701309148	136.90804075240044	114.83786762370123
1.4555555555552244	3.200991943466757	0.26219756056147114	10.177601861374699	-1.6785845579078125	135.9253964183776	115.18039406867024
1.466666666666333	3.201733644892365	0.25827344982342965	10.184393157952051	-1.6538455877641893	134.94443498613683	115.50550237336135
1.4777777777774417	3.2025027394590766	0.2544159995399539	10.191296295420978	-1.6295358709778431	133.96817929481145	115.8130200319313
1.4888888888885503	3.2032982053497228	0.25062974467016985	10.19830412348332	-1.6056836226184286	132.99976243060183	116.10333190835213
1.499999999999659	3.2041179212085558	0.24691904593348252	10.205402637765134	-1.5823154803263797	132.04225560853556	116.3774125101919
1.5111111111107673	3.2049587124600185	0.2432877620376872	10.212571413416073	-1.5594544651551707	131.09849187146008	116.63681072111682
1.522222222221876	3.2058164841418204	0.23973894785103417	10.219784566878701	-1.537118141823323	130.1708991131589	116.88358819715762
1.5333333333329846	3.206686428970432	0.23627460056788824	10.227012166869626	-1.5153171103029135	129.2613545422033	117.1202158767411
1.5444444444440932	3.207563295045004	0.23289547143901262	10.234221991103164	-1.494053931539958	128.3710708525364	117.3494355509769
1.5555555555552019	3.208441694678387	0.22960095602490355	10.241381509143169	-1.4733225608966387	127.5005223477012	117.57409534954108
1.5666666666663103	3.2093164338183406	0.22638907142202105	10.248459960717145	-1.4531083347031324	126.64941717149883	117.796969552231
1.577777777777419	3.210182840000752	0.223256524373302	10.255430390560049	-1.4333885269227675	125.81671953088168	118.02057450803676
1.5888888888885275	3.211037065668262	0.2201988692430058	10.262271495079544	-1.4141334619150614	125.00072313906601	118.24699364114356
1.5999999999996362	3.2118763432702857	0.2172107491413722	10.268969134916746	-1.3953081333423798	124.19917383855585	118.4777253472756
1.6111111111107448	3.212699169471162	0.2142862068966048	10.27551737505456	-1.3768742378516958	123.4094354047736	118.71356762617773
1.6222222222218532	3.213505398803999	0.21141904541084014	10.281918935380018	-1.3587924876754454	122.62868806424764	118.95455206202342
1.6333333333329618	3.214296232884732	0.20860321007051122	10.288184973485258	-1.3410250245946131	121.85414480027406	119.19993680984798
1.6444444444440705	3.2150741000063894	0.20583316064305757	10.294334178511583	-1.3235377274118978	121.08326686938234	119.44826341645552
1.655555555555179	3.215842431006927	0.20310419798935472	10.300391225823642	-1.3063021956195975	120.31395805249463	119.6974758713806
1.6666666666662877	3.216605349330907	0.20041271318569884	10.306384717737751	-1.2892972106140792	119.54471782086007	119.94509304269486
1.6777777777773961	3.2173673041516415	0.19775633375114532	10.312344802285306	-1.2725095247996694	118.77473718727713	120.18841880218653
1.6888888888885047	3.218132683092752	0.19513395299943598	10.318300706376569	-1.2559339034571397	118.00392727588682	120.42476902484253
1.6999999999996134	3.218905443779009	0.1925456423736903	10.324278431593042	-1.2395724328251958	117.23287864915714	120.65169235677547
1.711111111110722	3.2196888004576296	0.18999246055402266	10.330298836724918	-1.2234331948343495	116.4627577781481	120.86716271349856
1.7222222222218306	3.2204849938525713	0.1874761846556162	10.33637627581657	-1.2075284787762912	115.6951542306657	121.0697256656707
1.733333333332939	3.2212951609090377	0.18499899606265968	10.342517885151791	-1.1918727415793515	114.93189698496307	121.25858729905829
1.7444444444440477	3.2221193084415765	0.18256315554046942	10.348723532071128	-1.1764805369539386	114.17486015734244	121.43364148959621
1.7555555555551563	3.2229563831329933	0.18017069956173593	10.35498636659714	-1.1613646124120671	113.42577744488445	121.59543849446497
1.766666666666265	3.2238044214865798	0.17782318349947127	10.361293863406535	-1.1465343304168298	112.68608136715582	121.74510330398861
1.7777777777773736	3.224660757989826	0.17552148913570148	10.367629210971106	-1.1319945163996683	111.9567788703994	121.88421579326292
1.788888888888482	3.2255222678472175	0.173265705416339	10.373972895704835	-1.1177447821493154	111.23836996837464	122.01466631460582
1.7999999999995906	3.2263856215284634	0.17105508375905407	10.380304337125793	-1.103779325459118	110.53081156556262	122.13850030612501
1.8111111111106992	3.227247531142599	0.16888806316589497	10.386603449386072	-1.0900871697831798	109.8335248711085	122.25776425465129
1.8222222222218079	3.2281049723758652	0.16676235608218845	10.392852029271703	-1.0766527817480542	109.14544200663293	122.37436345878646
1.8333333333329163	3.2289553697357354	0.16467508320548546	10.399034896716506	-1.0634569883560625	108.46508547071602	122.4899398859161
1.8444444444440249	3.229796736698975	0.1626229439443519	10.40514073849422	-1.050478107327696	107.79067287556336	122.60577625643866
1.8555555555551335	3.2306277658980447	0.16060240860803765	10.411162628140689	-1.0376932010384592	107.12023863447871	122.72273042139366
1.8666666666662421	3.23144786770007	0.1586099184169498	10.417098215443099	-1.025079365329069	106.45176392148562	122.84120212636611
1.8777777777773508	3.232257158500549	0.15664207993285517	10.42294959747235	-1.0126149683707726	105.7833061934146	122.96113234035622
1.8888888888884592	3.2330564028285123	0.1546958415046973	10.428722900491593	-1.0002807617354128	105.11311987754922	123.08203344514715
1.8999999999995678	3.233846915915487	0.15276864086415454	10.434427617944625	-0.9880607962142935	104.43976054165094	123.20304675808977
1.9111111111106764	3.2346304356136693	0.15085851513714923	10.44007576340889	-0.9759430890682167	103.76216603279222	123.3230221831243
1.922222222221785	3.235408974265674	0.14896416725403644	10.445680907633172	-0.9639200071554447	103.07970970745325	123.44061339911106
1.9333333333328937	3.236184662130059	0.14708498593008984	10.45125717431979	-0.9519883509931445	102.3922229161264	123.55438105691276
1.944444444444002	3.236959594074155	0.1452210198267256	10.456818269069203	-0.9401491467787051	101.69998620845118	123.66289611363264
1.9555555555551107	3.237735690387877	0.14337290988561113	10.462376609522394	-0.9284071747428161	101.00369108187724	123.76483575878022
1.9666666666662194	3.2385145807943037	0.1415417868139438	10.467942612602819	-0.9167702807772719	100.30437626902746	123.85906537823932
1.977777777777328	3.2392975182277435	0.13972914298409161	10.473524178197348	-0.905248532184915	99.6033443209606	123.94470154780352
1.9888888888884366	3.240085325996229	0.1379366893801321	10.479126389458937	-0.8938532863541316	98.90206542462542	124.02115297313851
1.999999999999545	3.240878378895223	0.136166208590492	10.48475143042862	-0.8825962427141251	98.20207590591917	124.08813836123498
2.0111111111106537	3.241676616015237	0.13441941425736512	10.490398703890705	-0.8714885438731313	97.50487871934868	124.1456821946693
2.0222222222217625	3.242479580663915	0.1326978260101178	10.496065117994627	-0.8605399824725998	96.81185249714379	124.19409108229188
2.033333333332871	3.2432864811754225	0.13100266696417956	10.501745500223526	-0.8497583575256994	96.1241745663061	124.23391464149516
2.0444444444439793	3.2440962654759726	0.12933478861666706	10.507433092128634	-0.8391490094949079	95.44276190777153	124.26589565903507
2.055555555555088	3.244907702087756	0.12769462565601994	10.51312007764701	-0.8287145486128638	94.76823248972191	124.290914576518
2.0666666666661966	3.245719460685522	0.12608218102034371	10.518798101101869	-0.8184547771668087	94.10088789402212	124.30993320267577
2.0777777777773054	3.246530186237704	0.12449703962435218	10.524458737277394	-0.8083667944753817	93.44071677219394	124.3239420442715
2.088888888888414	3.247338562014562	0.12293840760682831	10.5300938842819	-0.7984452635486359	92.78741747995703	124.33391486634744
2.0999999999995222	3.248143358187729	0.12140517276147082	10.535696059365815	-0.7886828111096105	92.14043728116609	124.3407731330319
2.111111111110631	3.2489434642576525	0.11989598100368633	10.54125858768168	-0.7790705277453727	91.499024795206	124.34536192477691
2.1222222222217395	3.249737905024513	0.11840932327571484	10.546775683514499	-0.7695985323147837	90.86229188580451	124.34843785095694
2.133333333332848	3.2505258411778826	0.11694362717557197	10.552242432228201	-0.7602565641905376	90.22928094658522	124.35066844447387
2.1444444444439568	3.2513065567649098	0.1154973477814392	10.557654688717946	-0.7510345682615008	89.5990335194456	124.35264158424106
2.155555555555065	3.2520794367329424	0.11406905260008887	10.56300891406017	-0.7419232406567148	88.97065637239417	124.35488270555155
2.166666666666174	3.2528439384041783	0.11265749625839758	10.568301976149595	-0.7329145076398399	88.34338154594718	124.35787695719186
2.1777777777772824	3.2535995610784054	0.1112616814364555	10.573530942093525	-0.724001915772994	87.71661742548774	124.36209309660725
2.188888888888391	3.254345817962932	0.1098809035547066	10.578692889926824	-0.7151809179144953	87.08998857602185	124.3680058022979
2.1999999999994997	3.2550822143030107	0.10851477781202791	10.583784764868197	-0.70644904648995	86.46336284086702	124.37611323305536
2.211111111110608	3.255808234945489	0.10716324825657017	10.58880330096196	-0.6978059723144979	85.83686500466334	124.38694707727427
2.222222222221717	3.256523343676676	0.1058265795853069	10.593745022964393	-0.6892534536020191	85.21087709860369	124.401072972423
2.2333333333328254	3.2572269955969517	0.10450533324659915	10.598606336168562	-0.6807951852693568	84.58602612860966	124.4190799915205
2.2444444444439338	3.2579186626181533	0.10320033011039506	10.603383704100763	-0.6724365629100204	83.963160589887	124.44155882446157
2.2555555555550426	3.2585978710017462	0.10191260243873036	10.608073906361279	-0.6641843786701883	83.3433175610493	124.46906924360886
2.266666666666151	3.259264248773005	0.1006433381222539	10.612674361821469	-0.6560464676380707	82.72768243001417	124.50209837164388
2.27777777777726	3.259917579946642	0.09939382015501957	10.617183496560164	-0.6480313233228063	82.11754339148949	124.54101208143314
2.2888888888883683	3.2605578618348705	0.09816536412785008	10.621601131658828	-0.6401476995338887	81.51424278662412	124.5860025025341
2.2999999999994767	3.2611853613122146	0.09695925617350798	10.62592886347936	-0.6324042137535304	80.9191271571243	124.63703505131528
2.3111111111105855	3.2618006658087486	0.09577669334795173	10.630170408481728	-0.6248089642626186	80.33349759668315	124.69379860990334
2.322222222221694	3.2624047249602475	0.0946187279393676	10.634331885766084	-0.6173691701982421	79.75856164494758	124.75566247170116
2.333333333332803	3.2629988792445785	0.09348621671763882	10.638422013235198	-0.6100908407489425	79.1953876288624	124.82164345187562
2.344444444443911	3.2635848725294103	0.09237977572353018	10.642452197240077	-0.6029784771579455	78.6448620561712	124.89038616301735
2.3555555555550196	3.2641648461845025	0.09129974089197272	10.646436500379757	-0.5960348093706621	78.10765044367106	124.96015892565703
2.3666666666661285	3.2647413132424736	0.09024613463751906	10.650391477575178	-0.5892605682231021	77.5841618481805	125.02886714171689
2.377777777777237	3.265317111957706	0.08921863851785845	10.654335876184833	-0.5826542941158642	77.07451737896754	125.09408526072632
2.3888888888883457	3.2658953389937566	0.08821657223175847	10.658290201644823	-0.576212184147412	76.57852311181549	125.15310773004401
2.399999999999454	3.266479263339837	0.08723887948179371	10.662276155735926	-0.5699279815685646	76.09564808677531	125.20301856264022
2.4111111111105625	3.267072222898398	0.0862841216025283	10.666315959993561	-0.5637929139296156	75.6250084273653	125.2407783947395
2.4222222222216714	3.267677506509571	0.08535048026640057	10.670431582066904	-0.5577956890726123	75.1653590252512	125.2633271308417
2.43333333333278	3.2682982249844823	0.08443577096166185	10.674643888018828	-0.5519225607183915	74.71509463127363	125.26769948361863
2.4444444444438886	3.268937175508749	0.08353746920603931	10.678971748661768	-0.5461574772710786	74.27226250651648	125.25114990846883
2.455555555554997	3.2695967045589525	0.08265275152591743	10.683431133127957	-0.5404823280237391	73.83458893111124	125.21128259642062
2.4666666666661055	3.270278575203775	0.08177855300539542	10.688034227705177	-0.5348772996094219	73.39952175480391	125.14618136172489
2.4777777777772143	3.2709838453044227	0.08091164261765676	10.69278862233142	-0.5293213517988002	72.96429072086896	125.05453347109874
2.4888888888883227	3.2717127635886567	0.08004871654749626	10.697696610408023	-0.523792815274668	72.52598644397288	124.93574079969491
2.4999999999994316	3.272464690734469	0.07918650830063731	10.702754649006998	-0.518270104792775	72.08165765316126	124.79001127612342
2.51111111111054	3.2732380523323106	0.07832191263932867	10.707953025236735	-0.512732529564995	71.62842466174162	124.61842352927098
2.5222222222216484	3.2740303297605653	0.07745211842814238	10.713275769543069	-0.5071611696758908	71.16360510838598	124.42295812315658
2.5333333333327572	3.274838093514813	0.07657474353975215	10.718700847387558	-0.5015397742902153	70.68484601983712	124.20648988005645
2.5444444444438656	3.275657081356943	0.0756879633395516	10.724200646849395	-0.4958556261733738	70.19025443638752	123.97273760360825
2.5555555555549745	3.2764823208765286	0.07479062324643523	10.729742761690853	-0.4901003096685643	69.67851751796911	123.72616998685547
2.566666666666083	3.277308292899497	0.07388232573049491	10.73529104865247	-0.48427031763050576	69.14900250313809	123.47186945873972
2.5777777777771913	3.27812912895759	0.07296348303871945	10.740806916263105	-0.4783674381988586	68.60182734627679	123.21535890812692
2.5888888888883	3.278938833141626	0.07203532896868205	10.746250782864541	-0.47239887502708694	68.03789439982853	122.96239925649249
2.5999999999994086	3.2797315165028316	0.0710998859875818	10.751583626554517	-0.46637707378646015	67.45888205675351	122.7187683275416
2.6111111111105174	3.28050163104761	0.07015988759553102	10.756768541478612	-0.46031925138251295	66.86719256474242	122.49003304609617
2.622222222221626	3.281244190461753	0.06921865960876734	10.76177221460097	-0.4542466494256349	66.26585786834764	122.28132746556513
2.6333333333327342	3.281954965964085	0.06827996750008444	10.766566244654506	-0.44818355682553696	65.65840885925792	122.09714843885418
2.644444444443843	3.2826306479036576	0.0673478396425993	10.771128239051862	-0.4421561649617947	65.04871637062259	121.94117906326761
2.6555555555549515	3.2832689665242882	0.06642637795496101	10.775442642853253	-0.4361913305962732	64.44081429562218	121.81614764178556
2.6666666666660603	3.2838687683001213	0.06551956791761157	10.779501273636845	-0.4303153255943265	63.83871616092494	121.72372720017395
2.6777777777771687	3.2844300470100136	0.06463109928091389	10.78330355470794	-0.4245526488990417	63.246236336995366	121.66447795926629
2.688888888888277	3.284953930974424	0.06376420722641607	10.786856454501107	-0.4189249663677665	62.66682596908353	121.63783289279617
2.699999999999386	3.2854426294816963	0.06292154157291686	10.790174151221692	-0.4134502299927317	62.103431921126926	121.64212478115358
2.7111111111104944	3.285899342371473	0.06210506916784006	10.793277448580938	-0.408142011873081	61.558384843061944	121.67465205045903
2.7222222222216033	3.286328137153661	0.06131601217370208	10.796192971698966	-0.40300907212898707	61.03332019708203	121.73178007084707
2.7333333333327117	3.286733798096612	0.06055482278850393	10.798952172987633	-0.3980551653934536	60.52913396000295	121.80907433188219
2.74444444444382	3.2871216516583686	0.05982119318514058	10.801590177647146	-0.3932790786938273	60.04597293659182	121.90146179281359
2.755555555554929	3.2874973726433	0.05911409818992958	10.804144498531791	-0.3886748849711431	59.5832582703381	122.00341654020261
2.7666666666660373	3.2878667756971787	0.05843186743284158	10.806653651601671	-0.3842323911487637	59.1397398388503	122.10916551336139
2.777777777777146	3.288235597258503	0.05777228330647187	10.80915570635954	-0.3799377570064879	58.71357870644146	122.21290941191268
2.7888888888882546	3.288609273846802	0.0571327009190792	10.81168681051688	-0.37577426016479915	58.3024545414228	122.30905297794247
2.799999999999363	3.2889927234371346	0.05651018612739272	10.814279733686266	-0.3717231819461455	57.90369469973425	122.39243778617943
2.811111111110472	3.289390137457114	0.055901667479998564	10.816962479973089	-0.36776478735222873	57.51442131280885	122.45856966026318
2.8222222222215803	3.28980479131566	0.05530409731245869	10.819757021783927	-0.3638793686358282	57.13171199481512	122.5038322027814
2.833333333332689	3.290238881021567	0.054714616212030866	10.822678204958821	-0.3600483152419938	56.75276857681689	122.52567801640018
2.8444444444437975	3.2906933920087353	0.05413071365315655	10.825732866049357	-0.3562551634463186	56.37508659636002	122.52279041496661
2.855555555554906	3.2911680034925954	0.053550376017130204	10.82891918444186	-0.35248656824515234	55.9966163288041	122.49521110058436
2.8666666666660148	3.291661027416266	0.05297221186397132	10.832226264181347	-0.34873313065734396	55.61590436428633	122.44443361091871
2.877777777777123	3.292169375436552	0.05239554377826415	10.835633903554477	-0.3449900092722928	55.23220371128	122.37346825760856
2.888888888888232	3.292688540872205	0.051820456951740146	10.839112467432443	-0.34125724957551234	54.84554081057957	122.2868914040784
2.8999999999993404	3.293212575836529	0.051247797349684196	10.842622732914673	-0.3375397814318039	54.456730233153976	122.19089952430394
2.911111111110449	3.293734037838345	0.05067911698620028	10.846115539116386	-0.3338470652500786	54.06733247181591	122.09339555343114
2.9222222222215577	3.294243875972544	0.05011657022277158	10.849531043771718	-0.33019240908222647	53.679556924147256	122.0041404574795
2.933333333332666	3.294731225234161	0.04956277236859853	10.852797378128136	-0.3265920274639889	53.29612019787758	121.93500575222436
2.944444444443775	3.2951830789379803	0.04902063911382366	10.855828500660062	-0.32306396105319407	52.920078123319534	121.90036224973112
2.9555555555548834	3.2955838136990563	0.04849323124332344	10.858521079638797	-0.3196270159189242	52.554656990026096	121.91763644535743
2.9666666666659918	3.295914548546805	0.04798363253776867	10.86075028233097	-0.3162999051467112	52.20311424031058	122.00805892020014
2.9777777777771006	3.296152329040275	0.04749488893093339	10.86236441176307	-0.31310077753441057	51.86866010504127	122.19761927432015
2.988888888888209	3.2962691386260112	0.04703003333780641	10.86317841022251	-0.31004729495992744	51.55446872425739	122.51822938965098
2.999999999999318	3.2962307537613755	0.04659221275518368	10.862966347752861	-0.30715736913885894	51.26379960526304	123.00908018928726
3.0111111111104263	3.2959954791565913	0.046184921789775894	10.86145315161996	-0.3044505868486042	51.00023714213848	123.71815340494457
3.0222222222215347	3.295512830226921	0.04581232863440918	10.858306044735343	-0.3019502335945352	50.76803603950025	124.7038129525628
3.0333333333326435	3.2947222811894368	0.04547965352220265	10.853126511281626	-0.29968565560075344	50.57253133462705	126.03633909502732
3.044444444443752	3.2935522848331393	0.0451935220632379	10.845444198493112	-0.29769445570206815	50.420529047655634	127.79916447631297
3.055555555554861	3.2919199168442836	0.04496216123246757	10.83471514297338	-0.29602366813104786	50.3205314001827	130.0893976526376
3.066666666665969	3.2897317317817834	0.044795229184501434	10.82032825453428	-0.29472857376138356	50.28256383783918	133.01694441638907
3.0777777777770776	3.2868867594919418	0.04470297481200047	10.801626213766395	-0.2938672320389323	50.3172642508709	136.70113708888275
3.0888888888881865	3.2832829921712174	0.044694341286934995	10.77794962253771	-0.29348834118737904	50.433805427793956	141.2632904634121
3.099999999999295	3.2788290483012625	0.044773661521692265	10.748715247218103	-0.2936103639922662	50.636266139591896	146.81321434408292
3.1111111111104037	3.2734625011192375	0.04493595989325595	10.713537505742286	-0.29419235932474275	50.918489243495415	153.42795129767094
3.122222222221512	3.2671747848380592	0.045161865677371106	10.672391480570159	-0.29510341755470054	51.258589105463116	161.12285090486193
3.1333333333326205	3.2600386994501416	0.045414781216036725	10.62578981955967	-0.29610788858268217	51.61609855681046	169.81961854965954
3.1444444444437294	3.252228583989783	0.04564422599788636	10.574907367153243	-0.2968909129688312	51.93611141841418	179.32285182239326
3.155555555554838	3.2440188338209857	0.04579784567551035	10.52156075151675	-0.29713814783956516	52.1630336876145	189.3215773797284
3.1666666666659467	3.2357504877885015	0.04583894349934376	10.467980010482389	-0.29664676757542224	52.26014008067927	199.42749995169976
3.177777777777055	3.2277713250701576	0.045760159812848616	10.416413734719065	-0.2954066633490811	52.22427378067616	209.2435304617235
3.1888888888881635	3.2203726644765864	0.045584571393484076	10.368722144958902	-0.293598615274915	52.08611779482293	218.4359191741291
3.1999999999992723	3.2137490174026104	0.045354301502479794	10.326125734191466	-0.29151468377715234	51.89661268611842	226.78020375130174
3.2111111111103807	3.2079914088782386	0.04511485647275744	10.28917352916203	-0.2894561439547613	51.70906728251014	234.16885629088395
3.2222222222214896	3.2031065700424826	0.044903453937809194	10.257875378873774	-0.28766109665159323	51.566210696310335	240.58964454802094
3.233333333332598	3.199046535908368	0.04474427926499114	10.231896688380385	-0.286278063168773	51.49524733029996	246.09226996104408
3.2444444444437064	3.195736479691759	0.04464920328669814	10.21073809627854	-0.28537417546494886	51.5090583177287	250.75700105238437
3.2555555555548152	3.1930953182996644	0.04462127602748006	10.193866653472915	-0.28495997515980726	51.61044143688469	254.6714242682273
3.2666666666659236	3.1910484907802057	0.04465897733396483	10.180796046254112	-0.28501792444267177	51.797117576101655	257.91596861982583
3.2777777777770325	3.1895344198293905	0.044760152176522294	10.17112634405354	-0.2855280920076385	52.0663278042962	260.5565135056527
3.288888888888141	3.188506544844446	0.044925141112236944	10.164555718211911	-0.28648821292885557	52.41849631113919	262.6419775547284
3.2999999999992493	3.1879325362555155	0.04515884988626579	10.160874533993473	-0.2879267337046108	52.859679912332396	264.20510005449705
3.311111111110358	3.1877919356054005	0.04547158319001064	10.159949759833019	-0.28990789238465203	53.402598756117214	265.26502790842534
3.3222222222214666	3.1880731821689587	0.045878547663405066	10.161705773729208	-0.2925283348851241	54.06612155938755	265.8306263092752
3.3333333333325754	3.1887707580287667	0.04639806180101651	10.166106167120464	-0.29590556540058593	54.87322399555468	265.90367562342374
3.344444444443684	3.189882938613729	0.047048669260494454	10.173139584779774	-0.30015949471706294	55.8476200436564	265.4813848206517
3.3555555555547922	3.1914103382637946	0.04784547744382384	10.1828107574652	-0.3053891027067732	57.00941282866348	264.55798804839077
3.366666666665901	3.1933551069943595	0.04879609392060047	10.195135780585048	-0.31164651144545186	58.37017392659376	263.125579202423
3.3777777777770095	3.1957203158404703	0.04989652217024407	10.210138674150828	-0.3189106591784668	59.927851504942176	261.1747232360149
3.3888888888881183	3.1985088231297825	0.0511273767216962	10.227844682988625	-0.3270627310956511	61.661912039545875	258.6956947944218
3.3999999999992268	3.201720808490129	0.05245088876954535	10.24826503978597	-0.3358662039945091	63.529263627620445	255.68135650680708
3.411111111110335	3.205349295998804	0.05380947291208148	10.271368649984954	-0.34495631223361417	65.46189315528055	252.13257561305153
3.422222222221444	3.2093735244103825	0.05512706668241029	10.297039425705313	-0.35384669657786655	67.367735791615	248.06647784165276
3.4333333333325524	3.2137511201453073	0.05631473694164787	10.32502491263841	-0.3619630978538183	69.13673483417578	243.5265226144613
3.4444444444436613	3.218411582782006	0.0572815658869165	10.35489193839492	-0.3687113102606854	70.65359145886238	238.59142331322596
3.4555555555547697	3.2232548341998926	0.05794998604097922	10.386013525310826	-0.37357514529680513	71.81653577417411	233.37822172192597
3.466666666665878	3.2281580773251997	0.05827179983407626	10.417608969544027	-0.376221162629301	72.55776627557863	228.0351573914448
3.477777777776987	3.232991017902807	0.058238962423502995	10.448839145096061	-0.3765720848143285	72.85821875950492	222.72370357808992
3.4888888888880953	3.2376349567642078	0.05788427332250604	10.4789295241635	-0.3748162935116789	72.75020121827114	217.59487009714832
3.499999999999204	3.241998780242869	0.057271642014479075	10.507276050117216	-0.37134918710689485	72.30679643335837	212.76838874373462
3.5111111111103126	3.246026672933579	0.056480436770122204	10.533499121658497	-0.3666740085095103	71.62313030641339	208.32164159073886
3.522222222221421	3.2496968651203	0.05559008428062451	10.55743945770238	-0.36130184523703746	70.79711018642656	204.28977754221256
3.53333333333253	3.2530143781781278	0.05466918038531336	10.57911382534963	-0.35567925967327607	69.91522352685448	200.67373386269676
3.5444444444436383	3.256001686374271	0.05377023298912161	10.598655743716392	-0.35015193857863486	69.04517063901046	197.4513844594012
3.555555555554747	3.2586901406848483	0.05292896144367381	10.61625995803713	-0.34495816962637665	68.23426254613136	194.58816230715564
3.5666666666658555	3.2611134182679518	0.05216636619253027	10.63213939704555	-0.3402408735454802	67.51147649458869	192.04541084527696
3.577777777776964	3.2633031066332965	0.05149202456684728	10.646495737168532	-0.3360681674716615	66.89125414823438	189.78618670232385
3.588888888888073	3.2652859797379064	0.050907607481806054	10.659500944973418	-0.3324557939446837	66.377748541624	187.77897968767746
3.599999999999181	3.26708238942614	0.05041008157814891	10.6712861629737	-0.3293877795470108	65.9687996565183	186.00003053325267
3.6111111111102896	3.2687052596427915	0.049994358626983426	10.681934638521925	-0.3268336459929774	65.65929402186916	184.43487761929396
3.6222222222213984	3.2701592908019355	0.04965529920686651	10.691476138478896	-0.324761476077769	65.44375284604132	183.07963052206455
3.633333333332507	3.2714400915867645	0.04938901876096987	10.699880997667046	-0.3231464321175354	65.31804941400752	181.94233830032292
3.6444444444436157	3.2725330358170863	0.04919341588939143	10.707052478347327	-0.32197415728544526	65.28012058739398	181.0447222943506
3.655555555554724	3.2734116994224807	0.04906775618335727	10.712816509219103	-0.3212379343100229	65.32942136861094	180.42447018279174
3.6666666666658325	3.2740357958023107	0.04901098820387593	10.71690831523015	-0.32092745953426915	65.4646585793642	180.13820232656204
3.6777777777769414	3.2743486619161586	0.04901821296345946	10.718956374590007	-0.32100544005284953	65.67899145729844	180.26503456540553
3.6888888888880498	3.274274690301183	0.04907435170250934	10.718466455551887	-0.3213658154449302	65.95137441585373	180.91018414494317
3.6999999999991586	3.273717927686497	0.0491436189512331	10.714813974772348	-0.32176469278409137	66.23212814933329	182.20692193290733
3.711111111110267	3.272564825701691	0.049153283812932776	10.707264493110346	-0.3217146153478722	66.42068452173727	184.31274376625274
3.7222222222213754	3.2706972503519305	0.04897162572834772	10.695062283333202	-0.3203427232299415	66.33546217603624	187.39136968792621
3.7333333333324843	3.268025386842848	0.048385755238129026	10.677648747739383	-0.31625175295953994	65.68380573146682	191.56744556420637
3.7444444444435927	3.264548171143166	0.04709815230185804	10.655056525763941	-0.3075083739225059	64.05793533928508	196.8438361524005
3.7555555555547016	3.2604278725783935	0.04477527019582343	10.62838508746496	-0.2919730778973827	61.00221399876355	203.00043156610428
3.76666666666581	3.2560224218221427	0.04116633013451583	10.599987344671787	-0.2680769878842322	56.17528991139891	209.551745830528
3.7777777777769184	3.2518069778103595	0.036236831764017034	10.57293551295985	-0.23567036476794134	49.53018842521916	215.85530118749014
3.788888888888027	3.2482061287621526	0.030202391854303328	10.54993087045429	-0.19620718864884837	41.357605200977204	221.3392118430934
3.7999999999991356	3.2454633978472245	0.023427533459649343	10.53248381744205	-0.1520664046902662	32.14737180774998	225.6766686986518
3.8111111111102445	3.243630119371869	0.01628471542318911	10.52087115933995	-0.10564318686411162	22.398642747762647	228.79867692596977
3.822222222221353	3.2426342878720593	0.009069428402138655	10.514594870351996	-0.05881767901635101	12.506978827187538	230.80031722527696
3.8333333333324613	3.2423567900000765	0.0019824340838917845	10.512873623614702	-0.012855517225268218	2.741540959612435	231.8383178918072
3.84444444444357	3.242682655593485	-0.004853841548161566	10.514967245109043	0.03147893560244508	-6.732590919811422	232.06253748647765
3.8555555555546785	3.2435291022323676	-0.011371698207331705	10.52035172150819	0.07376886815456805	-15.822994749135367	231.5782994757944
3.8666666666657874	3.2448612860595976	-0.01753765663165943	10.528817196368216	0.11381452610455609	-24.4829095142466	230.42464395486428
3.877777777776896	3.246704260030728	-0.0233351293305938	10.540544023840802	0.15152452761201374	-32.688459546131305	228.55694958022883
3.888888888888004	3.249155334310109	-0.028745260977971056	10.556184096447145	0.18679563608542177	-40.41297847001684	225.8281323962626
3.899999999999113	3.2523961863799506	-0.03371682790208941	10.576944128695066	0.2193209649711694	-47.58535938026533	221.96911867743788
3.9111111111102215	3.2566944582478934	-0.03811143117573588	10.604606313196276	0.24823457341183006	-54.01209480242455	216.58263568379877
3.9222222222213303	3.2623612610995263	-0.0416124561669947	10.641269401414641	0.27150972995681116	-59.24424814021759	209.19793000142317
3.9333333333324387	3.2695941181802017	-0.04362883335932563	10.688342222538276	0.2852971538694305	-62.42905920977239	199.49002854145107
3.944444444443547	3.278165696763383	-0.04335618381164488	10.744490576761446	0.28425750902780433	-62.37727353078175	187.73240321434315
3.955555555554656	3.287207888735132	-0.0402181013490467	10.804118208086363	0.26441052004907073	-58.185506265261004	175.13972205494636
3.9666666666657644	3.295580697395745	-0.03440862697682149	10.859668179436994	0.22679281377740682	-50.04763900411754	163.37316461518984
3.9777777777768732	3.302579582273288	-0.026794223965891196	10.90631396681047	0.17698011398521973	-39.164590161363805	153.50837209201367
3.9888888888879817	3.3081376365693704	-0.018320421977858502	10.943438984625333	0.12121295492557276	-26.89859377699882	145.69868421424908
3.99999999999909	3.312538879708277	-0.009663548561946424	10.972820445408157	0.06402176065479308	-14.246763118136174	139.56627333302166
4.011111111110199	3.3161410303926973	-0.001232207366233185	10.996789815118946	0.00817234681023597	-1.8236440731736634	134.60523691413914
4.022222222221307	3.3192587136723506	0.0067269614159715194	11.017433156279935	-0.04465705059300232	9.992742492478232	130.35882076060392
4.033333333332416	3.322138772153443	0.014046609013158512	11.03640871422042	-0.09332956883978782	20.94170191966363	126.46110828580534
4.044444444443525	3.3249631760151446	0.02059549068882676	11.054955947620005	-0.13695849626462353	30.816013221148697	122.6363108703964
4.055555555554633	3.3278536400620293	0.026263311282893886	11.073920088154557	-0.17480091210572116	39.43870517092242	118.69452103927672
4.066666666665742	3.330873396555688	0.030962853268135436	11.09375888559992	-0.20626668846457932	46.66553731090185	114.53140489239112
4.07777777777685	3.334030134316874	0.0346414499151947	11.114556906480766	-0.23099127582737572	52.401984090848345	110.12615594459746
4.088888888887959	3.3372855599351805	0.03729398986036201	11.136084066872167	-0.24892138766671035	56.62342317754973	105.52933376491134
4.099999999999068	3.3405732848174874	0.038969395964529654	11.157911257414458	-0.2603602461691643	59.386417719220525	100.83746317819895
4.111111111110176	3.3438207293497433	0.03976537411897653	11.179555785050226	-0.265936564578763	60.822724113394315	96.16038520866437
4.122222222221285	3.34696745847376	0.03981238442507046	11.200606142128692	-0.26650151022991675	61.11666858018472	91.59280944946025
4.133333333332393	3.3499745696041905	0.039253178924254846	11.22078880493912	-0.2629943023447538	60.47492922548209	87.19873388266416
4.144444444443502	3.352824939115234	0.03822506223485813	11.239973916970213	-0.25632388392052846	59.099525764469796	83.00970804771713
4.155555555554611	3.3555178403114527	0.03684885342395776	11.258142138649776	-0.24729397011822404	57.17039833701898	79.03205281831247
4.166666666665719	3.3580619443732647	0.03522473378638391	11.275339240377628	-0.23657367605746996	54.83827374190896	75.25704425839275
4.177777777776828	3.3604692709622253	0.0334330599542932	11.291635951583482	-0.22470154122128008	52.22518478229705	71.670044278471
4.188888888887936	3.362751038404829	0.03153790241280675	11.307099907004156	-0.21210822817555208	49.42935636896214	68.25696108880351
4.1999999999990445	3.3649153870112234	0.029591632491013056	11.321779897031409	-0.19914667899158217	46.531918350192626	65.00793877292773
4.211111111110154	3.3669665987991952	0.027639566741509806	11.335700131779761	-0.18612299604788926	43.60389989053481	61.91875931328515
4.222222222221262	3.368905431537622	0.02572416177023618	11.34886207414491	-0.1733245366190022	40.71268391994146	58.99048798914866
4.233333333332371	3.370730289057345	0.02388849516303743	11.36125202136746	-0.1610433484121003	37.92746852337563	56.22775814021066
4.244444444443479	3.37243903397449	0.02217883584042817	11.372853137115554	-0.14959354343274472	35.32338391221935	53.63597691454408
4.255555555554587	3.3740312581984995	0.020646085748644197	11.38366067044381	-0.13932107735074417	32.983875855830455	51.21773190750355
4.266666666665696	3.3755107474713064	0.0193458482576254	11.39369854444949	-0.13060423742512717	31.000919917063417	48.96881623738557
4.277777777776805	3.3768877298624447	0.01833692971346389	11.403034497104219	-0.12384350590549258	29.47270903627252	46.87453665483614
4.2888888888879135	3.3781803509544965	0.017678279408202158	11.411789962012211	-0.11944083227094403	28.498776451814578	44.90722055949984
4.299999999999022	3.379414784417532	0.017424737455170616	11.420140663664412	-0.117770830741195	28.173110110266432	43.02590764666725
4.31111111111013	3.38062358594281	0.017622400854465113	11.42830528082095	-0.11914940793908699	28.576543905915127	41.1789010612811
4.322222222221239	3.381842360065305	0.01830472930945134	11.43652268521698	-0.12380741793646295	29.770241430163985	39.30910773006359
4.333333333332348	3.3831053794343777	0.019490467120140027	11.445022130049264	-0.13187660832366918	31.792045060318152	37.36116273731645
4.3444444444434565	3.384441170321993	0.021183985568029206	11.453993274125956	-0.14339190581588995	34.6567220652098	35.28870398560004
4.355555555554565	3.385868998149048	0.02337794269346881	11.463562344422261	-0.1583093028126422	38.35999946184176	33.06027063192316
4.366666666665673	3.387396648401949	0.02605755906741393	11.473777057220204	-0.17653457650098753	42.88529674493461	30.663162222501715
4.377777777776782	3.3890191556809586	0.02920557157823083	11.484597872161267	-0.1979564830624713	48.211655027745714	28.105811392259493
4.388888888887891	3.3907174812497582	0.03280705702705464	11.495888734661929	-0.22247892353998375	54.32153821015087	25.42031392538974
4.399999999998999	3.3924556785412525	0.03685361540845003	11.507397341898116	-0.2500485137343434	61.2076284291216	22.667557603125346
4.411111111110108	3.394174649707096	0.041346590228155594	11.518712012190795	-0.2806750968084657	68.87799189367585	19.94816579397647
4.422222222221216	3.3957798054231256	0.04629870595321044	11.529176916746579	-0.3144404213862709	77.35840928107811	17.42384467210616
4.433333333332325	3.3971182860848206	0.05173188877164261	11.537736461335987	-0.3514786906397062	86.68780065148864	15.356519104297783
4.444444444443434	3.39793856739109	0.05766365230563051	11.542661410966588	-0.3918750962118641	96.8932995164751	14.17728540234359
4.455555555554542	3.39782361405163	0.0640580558830029	11.541101877683369	-0.43531594989901234	107.90337820242006	14.5992959118962
4.466666666665651	3.3961080843095717	0.07067326001338929	11.528555410631908	-0.4800280593519675	119.28305854497623	17.75339789057465
4.477777777776759	3.3919269655806583	0.07667288499684193	11.499289808539473	-0.5201376522993056	129.5714826608591	25.087914264454056
4.4888888888878675	3.384958811449779	0.08012761270806498	11.451525720893207	-0.5424573373531997	135.4668530582084	37.07820314279819
4.499999999998977	3.376977563054522	0.07893516848731635	11.397746700549536	-0.5331245858351913	133.46574758819554	50.63335762511644
4.511111111110085	3.3709707724681564	0.07352310898485247	11.35803830127976	-0.49568850297785716	124.40016851272257	60.72377292108969
4.522222222221194	3.367995943480683	0.06620280980596559	11.339013863276131	-0.4459415897470306	112.19111805673795	65.65955530850897
4.533333333332302	3.367395641298617	0.05858602672438753	11.335921082509573	-0.3945646620654137	99.50947584237615	66.60088240780622
4.5444444444434104	3.3683009464824525	0.05128521814794185	11.342821092474104	-0.34548809765654315	87.34589259515855	65.01966749901936
4.55555555555452	3.370103657700158	0.04445702574390915	11.35562223650599	-0.2996495701400366	75.94227529633874	61.93435679848465
4.566666666665628	3.3724331382806843	0.03811330623852605	11.371852648061273	-0.2570691539364904	65.30972862465553	57.961997436818834
4.577777777776737	3.3750715441942423	0.03223266139635136	11.390068983969014	-0.21757507654494743	55.41054861781715	53.46381099753213
4.588888888887845	3.377893355011601	0.026793957893621843	11.409445601651925	-0.1810142646466517	46.21138033637575	48.64689417721557
4.599999999998953	3.3808287845090153	0.021784723413312737	11.429528695990511	-0.14730083995659038	37.69568620693591	43.62522837699094
4.611111111110063	3.3838419593050912	0.017202403855716832	11.450090482855304	-0.1164204319357726	29.865060031436684	38.455936422568556
4.622222222221171	3.386917562297656	0.013054071840962751	11.471040165008667	-0.08842613035530407	22.7384072146444	33.16147874597559
4.6333333333322795	3.3900523083424456	0.009356128375436918	11.492367116159766	-0.06343552919259636	16.351391286439263	27.743875102171035
4.644444444443388	3.3932492088527386	0.006134278902354685	11.514102564002085	-0.04163027406459416	10.756516329478517	22.19435720116286
4.655555555554496	3.3965134860921515	0.0034237195160816375	11.536292139350536	-0.02325741901793635	6.023676352186235	16.50034912930774
4.666666666665606	3.3998495489706455	0.0012694397098819967	11.558975344158725	-0.008631808050175467	2.240975732834803	10.650753313070542
4.677777777776714	3.4032588164124697	-0.00027333023377302347	11.582170496779787	0.0018604270557602471	-0.484150998273005	4.639887253870366
4.688888888887822	3.4067384442432154	-0.0011382360301903684	11.605865531903424	0.007755344885344618	-2.0230175762847242	-1.5300511209126417
4.699999999998931	3.4102811893624723	-0.001245732393261682	11.630016238670324	0.008496595495439616	-2.221628302047939	-7.848428866221579
4.711111111110039	3.4138767287054232	-0.0004983280564538006	11.654554070465592	0.003402461110377265	-0.8917541018724715	-14.298125543053331
4.7222222222211485	3.4175147991345307	0.001229677259295236	11.679405890197371	-0.008404880463601319	2.2080380867124094	-20.860645267282205
4.733333333332257	3.4211907991896147	0.004113453444815657	11.704529563960431	-0.0281458181565963	7.411558923060528	-27.525475300955236
4.744444444443365	3.4249158260344608	0.008421984350593159	11.729977485600912	-0.05768917497792214	15.22678768592313	-34.30694888517028
4.755555555554474	3.4287384737306836	0.014617131009734712	11.756033860722063	-0.10023663893727848	26.51895179629198	-41.28085772775088
4.766666666665582	3.432809460739501	0.023609300901189834	11.78362339465358	-0.1620924629901002	42.98393815329676	-48.6935449908609
4.777777777776691	3.4376682259983915	0.03760632963692963	11.816148596010168	-0.25855616897858924	68.72416136470999	-57.45223968022355
4.7888888888878	3.446883637651705	0.06462337082196178	11.876830631454657	-0.4454984789922373	118.68875789650978	-73.75262844754238
4.799999999998908	3.519644965413759	0.08256319096369769	12.381084002060314	-0.5811862388077467	155.19765630552854	-208.57755810973916
4.811111111110017	3.5363028990430347	0.04441376282558423	12.503465611451844	-0.3141210364750465	84.0757997714068	-241.81632246336713
4.822222222221125	3.541305175567376	0.027769377059325823	12.540071208198022	-0.196679677404945	52.76370771519602	-252.195057035336
4.833333333332234	3.5448463067334512	0.01770121942001172	12.565622005192834	-0.12549620457141397	33.74472844178888	-259.646516433933
4.844444444443343	3.547853166306894	0.010899587314022434	12.587143288670237	-0.07734027072698589	20.843865702760063	-266.0435752941309
4.855555555554451	3.5505506187257905	0.006108189667159346	12.606372386153083	-0.04337487320405419	11.7167117123865	-271.848059783148
4.86666666666556	3.5530142730237873	0.0027026517717504655	12.623903119984153	-0.019205120640084863	5.199687449490237	-277.21649357220457
4.877777777776668	3.555274974625634	0.000315799365561858	12.639980045470061	-0.002245507162769452	0.6093475286144524	-282.2120904455078
4.888888888887777	3.5573498742637035	-0.0012956335510161858	12.654736449257689	0.009218043699598529	-2.5071338943266257	-286.8684058886419
4.899999999998886	3.5592545015735584	-0.0023071559740872665	12.668287284002952	0.016423510573204864	-4.477036890764469	-291.21432711340793
4.911111111109994	3.5610080967946027	-0.0028526377536355237	12.680770527894566	0.020316532275836133	-5.550830180061425	-295.28531653471737
4.9222222222211025	3.5626358522232215	-0.0030371856731629143	12.692364991049468	0.021640773138137837	-5.926012833132802	-299.1283589594142
4.933333333332211	3.5641694690106944	-0.0029437388754780767	12.703295338229408	0.02098396844943767	-5.759127373067855	-302.80346628835224
4.94444444444332	3.56564672313504	-0.0026365795351531002	12.713829602652003	0.01880222235960712	-5.1719615141575925	-306.383135358579
4.955555555554429	3.5671104491058885	-0.002163320105745545	12.724272276166532	0.015433603507931578	-4.254889508600001	-309.9505770128426
4.966666666665537	3.5686071999276456	-0.0015561537683493774	12.73495492576088	0.011106603083852251	-3.0688443654551714	-313.5972360469747
4.977777777776645	3.5701857429977473	-0.0008327667517692642	12.746225546003915	0.005946263968818343	-1.6466765003970463	-317.41992630281794
4.988888888887754	3.571895474256628	2.885126722810046e-06	12.758437279006657	-2.061074216772412e-05	0.005720395555912464	-321.51775072953353
4.999999999998863	3.5737847658514164	0.0009598191092803288	12.77193663137894	-0.006860373821438229	1.908298829496807	-325.9888396921228
5.0111111111099715	3.5758992103169205	0.0020591759344207043	12.787050922139647	-0.014726811195597206	4.105550041282034	-330.9268311833392
5.02222222222108	3.578279710050084	0.0033331044610318858	12.804074573770764	-0.023853560128775635	6.664655882270267	-336.4169812577694
5.033333333332188	3.5809604242377113	0.004823100084744874	12.823254297662302	-0.034542661051217886	9.672529929597582	-342.53191403244017
5.044444444443297	3.5839667668425306	0.006577420047867056	12.844774523377216	-0.04714650972623867	13.230964044589088	-349.3273851671482
5.055555555554406	3.5873139539285117	0.00864720876811015	12.868746629830733	-0.062040505352749034	17.44909119678772	-356.83906060498543
5.0666666666655145	3.591006943757611	0.01108119076882886	12.895208077326522	-0.07958526599193434	22.432806171948734	-365.0820461409638
5.077777777776623	3.5950427989137324	0.01391925047206696	12.924138980487779	-0.10008060235176179	28.271717966077556	-374.05534064095235
5.088888888887731	3.5994162818662967	0.017185716307483882	12.955502221319193	-0.12371709418538523	35.02525275761005	-383.75301511741395
5.09999999999884	3.6041287844419108	0.0208832308271111	12.989308185512947	-0.15053170667227153	42.70972353170153	-394.1825268265421
5.111111111109949	3.6091996966924373	0.024987178721775527	13.025698091504308	-0.18036743572766392	51.2863806942716	-405.38856019657777
5.122222222221057	3.6146782732896785	0.02943853067440634	13.065032392304184	-0.2128216344526967	60.646087571944996	-417.4786223585918
5.133333333332166	3.620652347272796	0.03413004316649324	13.10795855996546	-0.2471460418065712	70.58001137522831	-430.6430786337818
5.144444444443274	3.62724541565026	0.03887876049818385	13.155397747337952	-0.28204561156640356	80.72098019702115	-445.1522222383469
5.155555555554383	3.634582191008908	0.04338287901857207	13.208305629007173	-0.3153572789511921	90.4496580472017	-461.2885253921885
5.166666666665492	3.6426905322314984	0.04718941158351129	13.2669674730434	-0.34379284559366396	98.817958317637	-479.14412524672736
5.1777777777766	3.65134003412789	0.04975928939319482	13.329808057944147	-0.3633761708622551	104.6715004946722	-498.2759451814019
5.188888888887709	3.659956882472082	0.05071276946882482	13.392712596567561	-0.3712130992932909	107.15841044144844	-517.5039151157819
5.199999999998817	3.6678255421888415	0.05009705575284306	13.450434492937767	-0.36749452135747246	106.31212795896464	-535.310371066792
5.2111111111099255	3.674452578567857	0.04834511260700965	13.499264502230986	-0.35528364735996004	102.99927090278042	-550.6103656471588
5.222222222221035	3.679707225331616	0.04597712100492449	13.5381313685018	-0.3383646887235333	98.303500147051	-563.0761826456205
5.233333333332143	3.6837009394428972	0.043385505258690074	13.567770309185931	-0.3196384529592828	93.06063599324351	-572.903399969813
5.244444444443252	3.6866312259955545	0.04080055509930124	13.589585111189074	-0.30083320093407223	87.77156710075357	-580.4844762718266
5.25555555555436	3.6886976208271784	0.038335815471693034	13.605020503148207	-0.2828184626458077	82.69037986844212	-586.2273116765274
5.2666666666654685	3.690075135783961	0.03603701862408988	13.615355841019708	-0.2659586127850752	77.92530123848819	-590.4949246412239
5.277777777776578	3.6909123201298653	0.03391512977792635	13.621683518858571	-0.25035554067230326	73.50838918873586	-593.598601898846
5.288888888887686	3.6913357876732316	0.031965966527352764	13.624938074341129	-0.23599423245996373	69.43755672260001	-595.8058844538435
5.299999999998795	3.6914544215491607	0.030181531302596504	13.625924821543078	-0.22282749435218854	65.70119139026943	-597.3485221357824
5.311111111109903	3.691361589753045	0.02855636797937591	13.625334920151955	-0.21082375980384402	62.29218144272969	-598.4265267149539
5.322222222221011	3.6911356355690805	0.02709060533813874	13.623748379270374	-0.19999019750548372	59.21480614041309	-599.2087084777468
5.333333333332121	3.6908395251807913	0.025790577344350054	13.621631246757014	-0.19037776447951885	56.486354759379076	-599.8314987528271
5.344444444443229	3.6905205547586224	0.02466773449693635	13.619333467970678	-0.1820735624005439	54.13498927198737	-600.3979610431966
5.3555555555543375	3.690210720934539	0.02373659154460959	13.617091739122056	-0.1751860491927249	52.19544995853909	-600.9782823248923
5.366666666665446	3.6899279433425978	0.02301242840502519	13.615038655199438	-0.16982840523174675	50.7041552079045	-601.6121542432068
5.377777777776554	3.689677973931988	0.022509289706513263	13.613216883195769	-0.16610406087795201	49.69488625158051	-602.3126917028615
5.388888888887664	3.689456638430909	0.022238567880548614	13.611595732960524	-0.16409646379217294	49.195689297505446	-603.0711228259506
5.399999999998772	3.689252036605177	0.022208201534439302	13.610087385380051	-0.16386330548053682	49.22707933412078	-603.8614374245749
5.41111111110988	3.689046422317981	0.02242234059847419	13.60856074465918	-0.16543411072959285	49.80123486481072	-604.6443804356111
5.422222222220989	3.6888176233632524	0.022881237185631932	13.606851907420168	-0.1688094219494273	50.921664808812366	-605.3704761881762
5.433333333332097	3.688539999138027	0.023581096997994058	13.604771257105527	-0.17395963900130948	52.5827682403226	-605.9820714300669
5.4444444444432065	3.6881850569977	0.024513643248602234	13.602108095955808	-0.18082170544413464	54.76873753066327	-606.4146588269917
5.455555555554315	3.6877219647330195	0.02566518782582747	13.598634587308227	-0.18929215374860492	57.45134412438409	-606.5980083191251
5.466666666665423	3.687118326237718	0.027015081229220233	13.59411173706421	-0.199215602170117	60.58631525988975	-606.4579332599153
5.477777777776532	3.686341740265246	0.028533565215563276	13.588301261677891	-0.21036894490542282	64.10835558746685	-605.919872612193
5.48888888888764	3.6853628053685883	0.030179357509214758	13.580988213574562	-0.22244376330876253	67.92556693283991	-604.9158020562284
5.4999999999987494	3.6841602341345117	0.03189784214185589	13.572019158444752	-0.235033523147451	71.91526725329963	-603.3959875554011
5.511111111109858	3.682728303989646	0.03362150348760104	13.561357355509687	-0.2476377250329499	75.92495990170654	-601.3460935734888
5.522222222220966	3.68108561629309	0.03527485904114887	13.549146998799504	-0.2596995524662787	79.78360925479235	-598.8072796258027
5.533333333332075	3.6792820321539725	0.03678567568644127	13.535763086195358	-0.27068975118753325	83.32728750125494	-595.8921108393481
5.544444444443183	3.6773988695540893	0.03810161402887347	13.52181071280609	-0.2802296647159311	86.43721030309585	-592.7850533381408
5.555555555554292	3.6755384633515877	0.03920709734070668	13.508045799095067	-0.28821438862427434	89.07826547247458	-589.7186848884314
5.566666666665401	3.6738043786706576	0.04013259914401421	13.495227987225642	-0.2948786369254274	91.32025705878424	-586.9286048762383
5.577777777776509	3.672279758234818	0.04095157281683372	13.483961591425002	-0.30077126384627534	93.33104896579832	-584.6040917952795
5.588888888887618	3.6710125526110655	0.04176761351205511	13.474588627889519	-0.3066588669907237	95.34756378486091	-582.8543636192247
5.599999999998726	3.670011271847044	0.042699765359275534	13.467159465522622	-0.3134172403475303	97.64263882442432	-581.698623590306
5.611111111109835	3.6692483774098164	0.04387332396438342	13.461458786568887	-0.3219642455357781	100.50440868033112	-581.073262702156
5.622222222220944	3.6686652531741193	0.04541957224541324	13.457041802304168	-0.3332584130215583	104.23599774495275	-580.8423660252449
5.633333333332052	3.668172539582431	0.04748508758997112	13.453234946603194	-0.3483669886743971	109.17697145020355	-580.7972208438089
5.6444444444431605	3.6676387594416635	0.05025155990688116	13.44904885048571	-0.36860913767376413	115.74864038697861	-580.6282823141742
5.655555555554269	3.666852979713477	0.053970192636119574	13.442897993140425	-0.3958015233669308	124.53210605245398	-579.8359904564046
5.666666666665378	3.6654193924342433	0.059017960797540875	13.431816202736318	-0.43265115601846055	136.39364436689436	-577.4816135955768
5.677777777776487	3.662436603284618	0.0659568555687911	13.409091566282447	-0.48312560414539485	152.60439574391975	-571.4359225616005
5.688888888887595	3.6554439490761683	0.0751877443469623	13.356617267937589	-0.5496891702355785	173.96954628438104	-555.9467525391528
5.699999999998703	3.639157931784101	0.08254140431614	13.236657369040655	-0.6007624124353587	190.50492460860292	-518.9926703890666
5.711111111109812	3.6203659065486335	0.07588296702048049	13.101291072615878	-0.5494482133774038	174.57255719113206	-476.99531139389006
5.722222222220921	3.6116030935842387	0.06389293295790169	13.03959459870528	-0.46151182865785617	146.91838804352292	-458.28276708101635
5.7333333333320295	3.60823271400016	0.05396020239180063	13.016431614938796	-0.38940193504832943	124.20351767607345	-451.7845785773138
5.744444444443138	3.6069782510073662	0.046136497864012506	13.008163526805003	-0.33282668874628185	106.36402819246302	-450.017832490781
5.755555555554246	3.606679436495962	0.03982693984174916	13.00655037250567	-0.28728600989159686	91.98781990935669	-450.37174768208115
5.766666666665355	3.606871026311671	0.03461678220364879	13.008320278836472	-0.2497165375089646	80.11258612071762	-451.80900211620786
5.777777777776464	3.6073327523378	0.03024278422824338	13.011934960091132	-0.2181915721368548	70.13380544467175	-453.84141477953807
5.7888888888875725	3.6079442324494124	0.026533273604500612	13.016557569856808	-0.19146114293872044	61.660133336705485	-456.20289995054605
5.799999999998681	3.6086309209265925	0.023371002954855852	13.021670919688392	-0.16867464783191918	54.425998353091266	-458.7284463205261
5.811111111109789	3.609341357475208	0.020671788932191938	13.026917711923318	-0.14922308545191726	48.241832177146065	-461.30345435983304
5.822222222220898	3.6100367554089594	0.018371989466241464	13.032027845406699	-0.13264711448623584	42.965036310755174	-463.84068446732556
5.833333333332007	3.610686044979304	0.016420949057475286	13.03678406784034	-0.11858178321428414	38.48250809604225	-466.2693798677013
5.844444444443115	3.6112635506022257	0.014776380082824085	13.041006090499842	-0.10672280560589463	34.69996741929761	-468.5302649932597
5.855555555554224	3.6117480074452497	0.01340158920370977	13.044544066691547	-0.09680632620619706	31.535552434964245	-470.5735352743053
5.866666666665332	3.6121222567409186	0.012263927779029241	13.047276793718536	-0.08859761297138949	28.9162541219036	-472.3583643885925
5.877777777776441	3.612373251916764	0.011334079861614435	13.049112049797388	-0.08188585385436889	26.776304801939975	-473.8531029614302
5.88888888888755	3.6124921607525677	0.010585920460154904	13.049987549786767	-0.07648310935331962	25.056908909908557	-475.03568124654936
5.899999999998658	3.6124744397250614	0.009996739849189841	13.049871642859284	-0.07222593437155853	23.706846031629652	-475.8939306491842
5.911111111109767	3.6123198160310923	0.009547665811514783	13.048763295368456	-0.06897844481555486	22.683555059103476	-476.4256727731824
5.922222222220875	3.6120321532153663	0.00922413867893683	13.046691191127268	-0.06663577098807469	21.954357155839674	-476.6385176199013
5.9333333333319835	3.611619203701033	0.009016311329629028	13.043711978672091	-0.06512696628927078	21.49751173492572	-476.5493768818328
5.944444444443093	3.6110922684945383	0.008919263451970152	13.039907818320506	-0.06441656658415065	21.302836994522547	-476.18373917444274
5.955555555554201	3.6104657914620852	0.008932941561574547	13.035383433872997	-0.06450415985038961	21.371676997981282	-475.5747720478475
5.96666666666531	3.609756912517073	0.009061767649800049	13.030262851831852	-0.06542155682697863	21.71607083263295	-474.76230933800804
5.977777777776418	3.608984991625385	0.009313901667787223	13.024685921013003	-0.06722746266503746	22.357080211416182	-473.7917533919959
5.9888888888875265	3.6081710978968946	0.009700194211814825	13.018804577930736	-0.069999920798114	23.322355067588646	-472.7128796824637
5.999999999998636	3.607337443368133	0.010232919257507984	13.012778717689207	-0.07382718558514277	24.64314665715451	-471.57849589119627
6.011111111109744	3.6065067392307952	0.01092442213005901	13.006771517118269	-0.07879800406851972	26.351089209765593	-470.44290250177113
6.022222222220853	3.605701469753121	0.011785842666422595	13.00094418289246	-0.08499246044919799	28.475134064093172	-469.360143397881
6.033333333331961	3.6049431141339636	0.012826067203275057	12.995450348141976	-0.09247448529173176	31.03900861254623	-468.3821189998247
6.044444444443069	3.604251387437391	0.01405102207811318	12.99043063262292	-0.10128683163990569	34.05947700591274	-467.5567336186557
6.055555555554179	3.603643601698022	0.01546335295662341	12.986008092774432	-0.11144882588586828	37.545517000058304	-466.9263224250734
6.066666666665287	3.6031342536596735	0.017062455585899593	12.982285322505032	-0.12295663634620332	41.49833819675871	-466.5266186708008
6.0777777777763955	3.602734923492215	0.0188447550578183	12.979343804157267	-0.1357853143429171	45.91200060352456	-466.38647099202836
6.088888888887504	3.6024545282744755	0.020804087333968203	12.977245818235474	-0.14989155724574282	50.77428532072463	-466.5284250614384
6.099999999998612	3.6022999303845364	0.02293202181755779	12.976038910823796	-0.16521604119393019	56.067429443548825	-466.97018029642396
6.111111111109722	3.6022768672733165	0.025217968471367258	12.975762682558637	-0.18168420892806822	61.76834438950947	-467.7268524099511
6.12222222222083	3.6023911493520755	0.027648922037949778	12.976457530040307	-0.19920446407727166	67.84795380072411	-468.8139261307292
6.133333333331938	3.602650058846586	0.03020869429156015	12.978174881296509	-0.2176627085343354	74.269276964341	-470.25075013325926
6.144444444443047	3.6030638535091466	0.032876464418533806	12.980988270551517	-0.23691200115519753	80.9838242912726	-472.0643568300677
6.155555555554155	3.6036471994123414	0.03562444245153475	12.985004036932429	-0.2567558445421987	87.92577238467857	-474.293194456055
6.1666666666652645	3.6044201734668504	0.038414423425982405	12.99036911896765	-0.2769234454974171	95.00332355217454	-476.98990249443335
6.177777777776373	3.605408124225851	0.041193101879583346	12.997270870591308	-0.29703588835742595	102.0868504546549	-480.22137392050354
6.188888888887481	3.606639133105493	0.0438864228041707	13.005919818341393	-0.31656497979507064	108.99439205898173	-484.06294335839976
6.19999999999859	3.6081372611822466	0.046394322225660194	13.016502062396945	-0.3347941654594004	115.47771157445453	-488.58204079404936
6.211111111109698	3.6099099524317233	0.048589278246050575	13.029088946705135	-0.3508058382437844	121.21732878973775	-493.8069035275118
6.2222222222208075	3.6119304759636424	0.050324567742237765	13.043509201076501	-0.36353767983577084	125.84140174687498	-499.681962486092
6.233333333331916	3.614122348240257	0.051457947556580765	13.059232427682936	-0.37195063651762733	128.98352944829918	-506.0266882996317
6.244444444443024	3.616358989262468	0.05188870083451973	13.075359901945165	-0.3752963394081327	130.3757239676161	-512.531285629491
6.255555555554133	3.6184883435740014	0.05159168029456367	13.090796191105303	-0.3733677875425503	129.93654964083728	-518.8152801421031
6.266666666665241	3.620374004008014	0.05062624237039696	13.104544912480472	-0.3665718635967884	127.7980774516394	-524.5300208478251
6.27777777777635	3.6219284779699987	0.049113951267623364	13.115953719320952	-0.35577443752367155	124.25368503710011	-529.4445471754651
6.288888888887459	3.6231213238861426	0.047201679743678455	13.12478012902785	-0.34203482480513203	119.66657108108961	-533.469683378879
6.299999999998567	3.6239657931260076	0.04503116470437288	13.131100263952781	-0.3263828010265411	114.39220020020618	-536.6273203422643
6.311111111109676	3.6244985106385506	0.04272358267104441	13.135164149104822	-0.3097031235206869	108.7376668585259	-539.000594895073
6.322222222220784	3.624763099854861	0.040376189311619605	13.137277293406093	-0.292708242259026	102.9516490066114	-540.6927769274233
6.333333333331893	3.6248010633338765	0.038064967288475214	13.13773380701173	-0.27595586780606834	97.23006541080133	-541.8038754849886
6.344444444443002	3.624648717749716	0.035848927793755134	13.1367931814607	-0.2598795403206734	91.72638695383668	-542.4224079230767
6.35555555555411	3.624337806401778	0.033773947344349076	13.134683855394032	-0.24481638846309456	86.56106773044993	-542.6265536615281
6.3666666666652185	3.623897749141663	0.03187537562170249	13.131618856662985	-0.23102620393706538	81.82800314962007	-542.4895985443181
6.377777777776327	3.623358108679506	0.03017927610573399	13.12781319502726	-0.21870064958357782	77.59755804943538	-542.0860583430264
6.388888888887436	3.6227503420783314	0.02870247269990394	13.123496209089579	-0.20796378558414194	73.91654315994636	-541.4960733517809
6.399999999998545	3.622108270580814	0.027451810692020944	13.118914721899666	-0.19886686109997576	70.80615173744759	-540.8065762198721
6.411111111109653	3.6214670521633683	0.026423236801376364	13.114325422461775	-0.19138176297539017	68.25939790206405	-540.1086287324124
6.4222222222207614	3.62086083670276	0.025601377778758636	13.10997776822364	-0.18539805232947887	66.2398125738154	-539.4913436307897
6.43333333333187	3.620319663145658	0.02496015924004468	13.1060914538098	-0.18072751058396108	64.68281606337491	-539.033798266935
6.444444444442979	3.6198663835800557	0.024464663764602993	13.102834115199835	-0.17711762789415095	63.5003135587879	-538.7969491047176
6.4555555555540876	3.619514369132734	0.02407401404948436	13.100304710205878	-0.1742724795496239	62.58799394446019	-538.8175021086581
6.466666666665196	3.6192664936038526	0.02374476175737079	13.09852613801261	-0.17187724125411646	61.83401515897784	-539.10504530964
6.477777777776304	3.6191155391647336	0.02343416941441793	13.097448125527496	-0.1696219333502777	61.12750260702648	-539.6428538993487
6.488888888887413	3.6190458689612597	0.02310287438983566	13.096959258840485	-0.16722072424333126	60.36553253600566	-540.3920073514096
6.499999999998522	3.6190360349780337	0.02271663426211417	13.096905776997328	-0.16442463597601564	59.457801149383435	-541.2979964939877
6.5111111111096305	3.619061929383836	0.02224709135674893	13.097114315641619	-0.16102720273746848	58.32878818835376	-542.2988310439865
6.522222222220739	3.619100102476829	0.021671716822553803	13.097415888437755	-0.15686422514670656	56.9177991662614	-543.333680619392
6.533333333331847	3.6191309169868684	0.02097327705803123	13.097668715939658	-0.15181007086250445	55.177751399863894	-544.351185780802
6.544444444442956	3.6191412481723173	0.0201392780222698	13.09777778370302	-0.1457737835976137	53.07387656329119	-545.3166629119124
6.555555555554065	3.6191264411930195	0.019161843333250973	13.097709021102522	-0.13869826773873356	50.583530490441206	-546.2174197983252
6.566666666665173	3.6190912004871945	0.01803832713747089	13.097495736197924	-0.13056470202946052	47.69791023508633	-547.0652947722142
6.577777777776282	3.619049068174737	0.016772640472819903	13.097234836388003	-0.1214020177479775	44.425640792890356	-547.8954819520162
6.58888888888739	3.6190202633732578	0.015376845576045309	13.097071219326375	-0.11129823145293881	40.79707678021213	-548.7610061991802
6.599999999998499	3.6190279962658973	0.013872220684486425	13.097171199249637	-0.10040791005507048	36.867226032733576	-549.7231142662132
6.611111111109608	3.6190938924195533	0.012288952469414997	13.097689583795717	-0.08894974565258801	32.71506333454704	-550.8392320843326
6.622222222220716	3.619233619942508	0.010664008217306564	13.098738274650891	-0.07719107412683818	28.438025093017256	-552.1513613394415
6.633333333331825	3.619453892460404	0.009037446318805766	13.100364804210804	-0.06542124051300695	24.142330732969224	-553.6780262698039
6.644444444442933	3.619751596817592	0.007448074684693389	13.102546148846999	-0.053920360466271154	19.93150348762103	-555.4117878123036
6.6555555555540415	3.6201150578190484	0.0059296056132198995	13.105197871625485	-0.04293170913469142	15.896118433525297	-557.3224107659531
6.666666666665151	3.62052678238446	0.004508190116800165	13.108193858185041	-0.032644046115911846	12.10713324850564	-559.3639936908312
6.677777777776259	3.6209667178293223	0.00320164766299785	13.111389721079897	-0.02318611925986249	8.613677875248543	-561.4835348440794
6.688888888887368	3.621415162116408	0.002020153750234968	13.114643695385436	-0.014631630841814474	5.44471705379805	-563.6286513684412
6.699999999998476	3.6218548179649033	0.0009678281488987032	13.117831385724257	-0.007010666088101644	2.613140035673876	-565.7530841712664
6.7111111111095845	3.622271869670605	4.4623307866705385e-05	13.12085349581574	-0.00032327550563443583	0.12069681985872462	-567.8196374814694
6.722222222220694	3.622656232603544	-0.0007519442805278527	13.123637614201101	0.005448071268849627	-2.037437258946052	-569.800924237997
6.733333333331802	3.623001240383998	-0.001425472322405837	13.126135955852646	0.010328975984418811	-3.8691536888880824	-571.6786032070787
6.744444444442911	3.623303030243457	-0.0019798370801644228	13.128320929216555	0.014347099383896222	-5.383179815579997	-573.441791803687
6.755555555554019	3.623559823957123	-0.0024188075326433255	13.130179947166297	0.017529387594342423	-6.588042804417239	-575.0851783119944
6.766666666665127	3.6237712292169584	-0.0027460179841766294	13.131710381085817	0.019901881931943238	-7.491995833615218	-576.6071687412344
6.777777777776237	3.6239376304232853	-0.002965188947337937	13.132915156852443	0.021491319615146318	-8.103618870199913	-578.0082570048523
6.788888888887345	3.6240597051071446	-0.0030804829621947348	13.133799256806004	0.022327708351118067	-8.432793198057574	-579.2897209413678
6.7999999999984535	3.6241380874129527	-0.003096882416231136	13.134367285956516	0.022447059033805426	-8.49174530847824	-580.4527079641606
6.811111111109562	3.624173193097451	-0.0030204777675593084	13.134622210280229	0.021893469111070558	-8.29585488189324	-581.4977558114591
6.82222222222067	3.62416521076428	-0.0028585615904684744	13.13456530353973	0.020719798938005705	-7.863936482252638	-582.424767296835
6.83333333333178	3.624114244536292	-0.0026194449210164812	13.134197195959166	0.018986335302068145	-7.217758572310416	-583.2334037386703
6.844444444442888	3.6240205642141854	-0.0023119543517753634	13.133519704714377	0.01675714022871679	-6.380676188128916	-583.9237799734528
6.855555555553996	3.6238848891612823	-0.001944630786332127	13.132537908302584	0.014094236243173634	-5.375424914204953	-584.4972591716879
6.866666666665105	3.6237086166952044	-0.0015247218872584429	13.131261813934238	0.011050295681844386	-4.221321824930635	-584.9570998777639
6.877777777776213	3.6234939175964165	-0.0010571179741738228	13.129707053359814	0.007660921099201385	-2.9312828536052953	-585.3087374859066
6.8888888888873225	3.623243661896442	-0.0005434016465629986	13.127894338187389	0.00393775314354695	-1.5091286550082414	-585.5595928764828
6.899999999998431	3.622961193417381	1.8848021665228903e-05	13.125847808653045	-0.0001365713021316287	0.05242484311233741	-585.7184542682503
6.911111111109539	3.6226500185731916	0.0006364278597733459	13.123592752027925	-0.004611110796056816	1.7728909838506157	-585.794610582845
6.922222222220648	3.6223134947849824	0.0013205799089491177	13.121153310570097	-0.009567108850256625	3.684298853640658	-585.7969723209299
6.933333333331756	3.6219545921718233	0.002086854319117098	13.118550712793608	-0.015116983168639554	5.8309028863576176	-585.7333857907266
6.9444444444428655	3.6215757697113338	0.002954906313136531	13.11580232428892	-0.021402834210844622	8.268703016517287	-585.6102573995081
6.955555555553974	3.621178971201667	0.00394837783441837	13.112921551785641	-0.028595565568709156	11.065196044916732	-585.432504591077
6.966666666665082	3.6207657213162046	0.005095005384194053	13.10991844957859	-0.03689564169002265	14.299758333665896	-585.2037786445686
6.977777777776191	3.6203372941860543	0.006427089234409451	13.106800816198374	-0.04653646169678846	18.06504685646617	-584.9268800310105
6.988888888887299	3.619894936482262	0.007982479504117108	13.103575631190886	-0.05779147427505391	22.46986732553915	-584.6043100747921
6.999999999998408	3.6194401534160945	0.009806308878223547	13.100250860466906	-0.07098669622128609	27.644173039062952	-584.2389714752505
7.011111111109517	3.618975115484844	0.011953873786592843	13.096837991400035	-0.08652154353465218	33.74735243025489	-583.8351601591651
7.022222222220625	3.618503340189417	0.014495428404314134	13.093356305517345	-0.1049035121969745	40.98200444708888	-583.4002453500801
7.033333333331734	3.6180310171012646	0.017524433402437724	13.089841334940735	-0.12680788721429026	49.61763566391813	-582.9480025104015
7.044444444442842	3.6175698874648434	0.021172588051862676	13.086363612207586	-0.1531866339522327	60.033853388647245	-582.5060116231496
7.055555555553951	3.61714416562033	0.025639516496177368	13.083074530075036	-0.18548365500694836	72.80571303980781	-582.1337661760332
7.06666666666506	3.6168093925384617	0.031258187248135005	13.080333107684396	-0.2261098104655613	88.89198630719142	-581.9727594632868
7.077777777776168	3.61671444083262	0.03866327446819324	13.07912849773461	-0.27966804619797925	110.12054949045718	-582.4134903929067
7.0888888888872765	3.61738251345881	0.049339685120894185	13.083021844149748	-0.3569610283517729	140.77565992678277	-584.8632265544578
7.099999999998385	3.622188880932084	0.06818616911991984	13.115602935488774	-0.49396636723905657	195.11215572593386	-598.6491704295671
7.111111111109494	3.661984945262334	0.07793513421488421	13.404059854182888	-0.5707945764038108	225.8114195609843	-713.7021504524944
7.122222222220603	3.6715022911255453	0.056621006162778965	13.476723135401244	-0.41576830770495316	164.73864912732293	-743.6084674625902
7.133333333331711	3.6720203369413635	0.04674114470812077	13.48154862030234	-0.34326886788027733	136.2245979663325	-746.6835135314074
7.1444444444428195	3.6710489718779002	0.040940984813859105	13.47492438968826	-0.3005927204171724	119.47458231778408	-745.2136832340734
7.155555555553928	3.669399244450905	0.03712716056841643	13.463112389125	-0.2724687498767094	108.46475899560787	-741.6705084880941
7.166666666665036	3.6672732241890262	0.034421487633191306	13.447708062042894	-0.25246599986791235	100.6580940375592	-736.6804716689628
7.177777777776146	3.6647669091913935	0.032329016973093185	13.429471333365793	-0.23695662321935762	94.62098382886903	-730.5403626111544
7.188888888887254	3.661979632365273	0.030521462009591962	13.409163268214899	-0.22353794445827244	89.40084482369579	-723.5493061116629
7.199999999998362	3.6590441270865757	0.028781304380703854	13.387775560484906	-0.21062412552821114	84.36634023829568	-716.1006880257759
7.211111111109471	3.6561166599350794	0.02699438590748152	13.366460334184318	-0.19738924808211983	79.18707084662955	-708.6547063223015
7.222222222220579	3.65334366864823	0.025141937838253175	13.346287844213846	-0.18370427883785923	73.8105969515122	-701.6415134475884
7.2333333333316885	3.65082958117242	0.023273609749076617	13.328014969852834	-0.16993596586518347	68.3836664126893	-695.3678031188326
7.244444444442797	3.6486250978113985	0.021470199139564387	13.312004134928145	-0.15667341487124664	63.14354993215916	-689.9831644490288
7.255555555553905	3.6467360537966553	0.01981349617912083	13.298291271429562	-0.1445091817363244	58.330367452728474	-685.5062959597898
7.266666666665014	3.6451409569039197	0.018371185905237317	13.286715095226858	-0.1339311243401531	54.14337853213137	-681.876257865091
7.277777777776122	3.643806995979599	0.017193985120161202	13.277033790825557	-0.12530312653922504	50.732854258277044	-678.9991059762192
7.288888888887231	3.64270084505838	0.01631890319410202	13.269003139987579	-0.11888976491116264	48.20969642682847	-676.779323891741
7.29999999999834	3.6417948447440573	0.01577412730349824	13.262420868112205	-0.11489227098843273	46.659735496929315	-675.1378254025515
7.311111111109448	3.641070407281321	0.015583368376463043	13.25715086940981	-0.11348028288260631	46.1564493209085	-674.0219373628041
7.322222222220557	3.6405203299302555	0.015768933437083257	13.253139613373754	-0.11481424551803715	46.769990313337715	-673.412287432041
7.333333333331665	3.6401512620383	0.01635329984056152	13.250433780103352	-0.1190569701062215	48.57187297595581	-673.3302540026382
7.344444444442774	3.639987273278529	0.017358853841366324	13.249206019822974	-0.12637201412255106	51.63431928612287	-673.8488009976201
7.355555555553883	3.640075315882102	0.018804808107369515	13.24979468448623	-0.13690183562307082	56.02132157570782	-675.1091256947416
7.366666666664991	3.6404930325425746	0.02069888919959939	13.252761075976933	-0.15070832382502466	61.764205198742886	-677.3446326670914
7.3777777777760996	3.6413577151097494	0.02301867925189063	13.258956149794795	-0.16763849057101732	68.80625335243413	-680.9090009970173
7.388888888887208	3.6428289430643988	0.025673734495025274	13.269543567784764	-0.18705004619005783	76.88923751661663	-686.2865556168218
7.399999999998317	3.645079536615265	0.028441307364864547	13.285795920286734	-0.20734165494050558	85.3585204883199	-694.0093424170408
7.411111111109426	3.6481813824455793	0.030904030868726545	13.308272340098602	-0.22548702011562333	92.96799617673395	-704.3183962503547
7.422222222220534	3.6518897948124587	0.032521814661292926	13.335241405026517	-0.23753216614071568	98.0810216156175	-716.5103258221294
7.4333333333316425	3.655553589465313	0.03297116215696352	13.361984947918751	-0.24105570034346174	99.68495398879284	-728.6423354103038
7.444444444442751	3.658457711784673	0.0324395896203332	13.38326050194201	-0.23735773362727605	98.30243560687938	-738.5428230357069
7.45555555555386	3.660246284628897	0.031418836974709194	13.3964157208228	-0.23000136260808066	95.39794471149466	-745.1015318806307
7.466666666664969	3.660923821135631	0.03031704879383801	13.40144410071074	-0.22197681223178561	92.206804705922	-748.300701829276
7.477777777776077	3.660642602536984	0.029321995899417554	13.399444484065219	-0.2146746947616453	89.30628162886153	-748.5823890321958
7.488888888887185	3.659574200059368	0.02844679897926252	13.391674105367995	-0.20820634323756856	86.74409937013448	-746.4573567655594
7.499999999998294	3.6578854869286017	0.02760523716704612	13.379364186363846	-0.20195359279312006	84.2638786392675	-742.4286232353174
7.511111111109403	3.6557551355957654	0.026675962752036472	13.363834004446066	-0.19504157565543737	81.5004453319542	-737.039046013218
7.5222222222205115	3.6533843513912263	0.025558514831498465	13.346563981309899	-0.18675015626039412	78.15121452688747	-730.902180333183
7.53333333333162	3.6509807271940984	0.024214736682609275	13.32907391687014	-0.17681507388457285	74.10287704710157	-724.6517451946592
7.544444444442728	3.6487221792021787	0.022679278995320143	13.31265919130615	-0.16550077655707743	69.46337801180997	-718.8310247600003
7.555555555553837	3.6467272595432196	0.02103718474506951	13.298177142353602	-0.15343375014778352	64.493493385058	-713.8023817546695
7.566666666664946	3.6450499472583644	0.019388530211803996	13.286013202904432	-0.14134432205190672	59.499260512644405	-709.7316491463233
7.577777777776054	3.6436945929259585	0.017821836134480736	13.276192668674662	-0.12987465591843986	54.75135525947121	-706.6337896098895
7.588888888887163	3.6426365135441388	0.016403151729477136	13.268531706418338	-0.11950143885399621	50.452178919321895	-704.435536442618
7.599999999998271	3.641838439835685	0.015176243152499939	13.262756903508594	-0.11053885137013475	46.73660249198746	-703.0252936126051
7.61111111110938	3.6412604838987184	0.014167351248053565	13.258577197760943	-0.10317403252210128	43.686481257066234	-702.2833157932399
7.622222222220489	3.640865067475056	0.013390470968066765	13.255719134847398	-0.09750579596934636	41.34667941365478	-702.0966044840151
7.633333333331597	3.640618877025879	0.012851593030856668	13.253940644313742	-0.09357550437598203	39.7379082608229	-702.3648125743383
7.644444444442706	3.640493362789829	0.012551676272209917	13.253034379939557	-0.09138858832173358	38.86570018748048	-703.0017619284064
7.655555555553814	3.6404646512174508	0.012488592785919534	13.252826911814022	-0.09092856116117866	38.726266513817635	-703.9352066141317
7.666666666664923	3.6405132935413316	0.0126583577605525	13.253176806429959	-0.0921658394033869	39.31019178361765	-705.1061188577656
7.677777777776032	3.6406240223987165	0.013055885687337027	13.25397281631553	-0.09506314213402152	40.604699562633726	-706.4680146651722
7.68888888888714	3.640785565638335	0.013675416890391364	13.255132517933324	-0.09957852083724712	42.594924660986855	-707.9864644760721
7.699999999998249	3.640990514495339	0.014510670092692147	13.256601367098495	-0.10566642433292663	45.26435489447136	-709.6387776192288
7.711111111109357	3.641235224339749	0.015554704445788273	13.258352010142145	-0.11327667546439671	48.5943809607351	-711.4137929760922
7.7222222222204655	3.6415197152576333	0.01679941427148941	13.260383616290168	-0.12235079654881827	52.562703531203006	-713.3116762039572
7.733333333331575	3.6418475177792997	0.018234526576283158	13.262720844795787	-0.13281473069943497	57.14017612982231	-715.3435573450466
7.744444444442683	3.6422253576293326	0.019845925743500054	13.265411694989504	-0.14456666797720932	62.285511967252674	-717.5306833178472
7.755555555553792	3.642662472089693	0.021613108545441163	13.268522759109597	-0.15745851880735917	67.93720466705517	-719.9024418358141
7.7666666666649	3.6431691830391717	0.02350562799968498	13.272129181698645	-0.17126995911287	74.0021706739854	-722.4920805374111
7.777777777776008	3.64375413522278	0.025478631197572273	13.276295037305408	-0.1856757355719402	80.34137907420823	-725.3282429043487
7.788888888887118	3.6444194748384127	0.027468220123990188	13.28103880546471	-0.20021143271803649	86.75469364889675	-728.4199738253025
7.799999999998226	3.645153578969742	0.02938851918460168	13.286280929216055	-0.21425133177274347	92.97083497190212	-731.7338225589324
7.8111111111093345	3.645922429056753	0.031133744723433904	13.291781048638589	-0.22702243637539002	98.65297677458197	-735.1662644613973
7.822222222220443	3.64666371723487	0.032588887825297536	13.297094230987549	-0.23768142963509942	103.4317801407029	-738.5241566707479
7.833333333331551	3.6472906108421825	0.03364960276510807	13.301596504171291	-0.2454597604474956	106.96840303404538	-741.535233016131
7.844444444442661	3.6477101376351855	0.03424537225417057	13.304616502685677	-0.2498343830772574	109.02924316812982	-743.905001747704
7.855555555553769	3.647851541278652	0.03435543831133362	13.305640571067471	-0.250647077190604	109.53884253204708	-745.4062342340951
7.8666666666648775	3.6476896452720844	0.034010771526621526	13.304483015645348	-0.24812147825074396	108.5884681767356	-745.9539617733045
7.877777777775986	3.6472494442942835	0.033284238645121575	13.301320668362774	-0.24279184180435595	106.40607261560818	-745.6216371805479
7.888888888887094	3.6465912260833346	0.0322754470722977	13.296585865664241	-0.2353907242235157	103.30795933389291	-744.5952859640731
7.899999999998204	3.645787412568364	0.031094951449266786	13.290798961636293	-0.2267311651763225	99.6476152520553	-743.1006860776401
7.911111111109312	3.6449034974783734	0.029850331781734164	13.284430463622598	-0.2176031574242654	95.77039428915619	-741.3429637846489
7.92222222222042	3.643988716273076	0.028636081068105827	13.277833739186562	-0.2086991125809174	91.98059642839895	-739.4767813314695
7.933333333331529	3.643075224594309	0.027528389648187837	13.271239279816252	-0.20057598860058312	88.52445104568832	-737.6034431835034
7.944444444442637	3.6421817839856696	0.026584376237467004	13.2647814185371	-0.19365026174144764	85.58747602566913	-735.7823246180877
7.9555555555537465	3.641318550250222	0.02584424131976479	13.258532859586984	-0.18821423066960563	83.30125956780773	-734.0458569294813
7.966666666664855	3.640491213726715	0.025334721013792333	13.252534429132563	-0.1844616585058571	81.75444109026024	-732.4125226373544
7.977777777775963	3.6397040278479658	0.025072705463603878	13.24681676977344	-0.18251445412984946	81.00424848291121	-730.8963854974822
7.988888888887072	3.6389618996150634	0.025068440958145092	13.241415280117998	-0.18244620305887946	81.0867341359549	-729.5136988006748
7.99999999999818	3.6382719156400616	0.025328118584189874	13.236381018544188	-0.18430116504171828	82.02508065667524	-728.2877729001689
8.011111111109289	3.6376446880058375	0.02585584218027561	13.231790351602235	-0.1881087339219937	83.8359546777774	-727.2533236935712
8.022222222220398	3.6370958759392753	0.026655015395243137	13.227755920928763	-0.1938936931342734	86.5340379013751	-726.4614453358878
8.033333333331507	3.6366482413445125	0.027729129720161495	13.224441526639097	-0.2016821816616783	90.13467912222559	-725.9863739576673
8.044444444442615	3.6363346530435057	0.029081762373716104	13.222083960022271	-0.21150204058224126	94.65405350810144	-725.9354166225143
8.055555555553724	3.636202554906296	0.03071521867951677	13.221025595648545	-0.22337351327392893	100.10500015065817	-726.4637830968744
8.066666666664831	3.636320453325802	0.03262646294667158	13.221761953191153	-0.23728054906531656	106.48412055540526	-727.7962564400475
8.07777777777594	3.636786527397924	0.034797360616941206	13.225005389557145	-0.25310114456139776	113.74036276561942	-730.2562887442031
8.08888888888705	3.6377370270143095	0.037173340767688426	13.231748820447077	-0.27045367625688144	121.70554278191334	-734.2953463410549
8.099999999998158	3.6393435277938524	0.0396216266476611	13.243251439996795	-0.2883934210016597	129.95678721469562	-740.4873418616468
8.111111111109267	3.6417668551655034	0.041868150318910474	13.260712885370914	-0.3049480842369903	137.60520402074772	-749.38242679286
8.122222222220374	3.645016664385994	0.04346594498740757	13.284257195277949	-0.3168681876247709	143.17991686015858	-761.0476993562634
8.133333333331484	3.648757536429912	0.043946282014622015	13.31150028395117	-0.32069865539785275	145.1089866272273	-774.4156940984452
8.144444444442593	3.6523539410684935	0.04317597976771089	13.337825145609655	-0.3153879197281848	142.90095076987114	-787.4013240375126
8.1555555555537	3.655279582883269	0.041487552686032485	13.359347612015409	-0.3032972085540969	137.61017978296226	-798.2405850167376
8.16666666666481	3.6573863656579735	0.039372723806376374	13.374924816320906	-0.28800252645651614	130.84879445961852	-806.4053302918373
8.177777777775917	3.6587896506379933	0.03719545473605977	13.385358205762667	-0.27218068967813885	123.82867150843627	-812.2491534858993
8.188888888887027	3.659676638423437	0.035149592664434036	13.391997603957792	-0.2572722862482581	117.20511972563149	-816.3774527865219
8.199999999998136	3.660213801923466	0.03331964210093789	13.3960548772413	-0.2439140277860061	111.27029225702788	-819.3360296425124
8.211111111109243	3.6605262089274353	0.031735827035734264	13.39844496352702	-0.2323396532525863	106.13383676459438	-821.5380436226025
8.222222222220353	3.6607019382277084	0.030404665600850648	13.399814236853802	-0.2226048365923986	101.82452784417076	-823.2760692905492
8.23333333333146	3.6608009894333344	0.029323035500911265	13.400604043825092	-0.2146915947498495	98.33753982702412	-824.7503684467126
8.24444444444257	3.6608629418241323	0.028483791245106218	13.401106152457546	-0.20855051162372804	95.65358552857104	-826.0936885686917
8.255555555553679	3.6609125452749756	0.027877480610022938	13.401503510226538	-0.2041140369917857	93.74492699151178	-827.3895197513311
8.266666666664786	3.6609635756197965	0.027492360000175797	13.401898472156505	-0.20129705713694052	92.57558186714182	-828.6847403433316
8.277777777775896	3.661021369565746	0.027313701357815193	13.402331430135185	-0.1999920887057967	92.09905583894061	-829.9979469112213
8.288888888887003	3.661084329570878	0.02732280777211146	13.402791932404892	-0.2000622067487093	92.2550123804136	-831.3243902794055
8.299999999998112	3.66114458601519	0.027495892278046028	13.40322365561617	-0.20133287430285016	92.96540907194276	-832.6381142326348
8.311111111109222	3.6611879779556284	0.0278028686854203	13.403524410419685	-0.2035830571674796	94.13027311073283	-833.8918163264362
8.32222222222033	3.6611935866507928	0.028206083261763264	13.403542895799927	-0.20653586228501186	95.6232233030662	-835.0152034310913
8.333333333331439	3.6611332485958195	0.028659050966074125	13.403075322771503	-0.20984920873019225	97.28697245312901	-835.9132746739293
8.344444444442546	3.6609717910346102	0.02910534828137465	13.401867333452582	-0.21310771805270054	98.92936120317623	-836.4670500917864
8.355555555553655	3.6606691013263855	0.0294779988869612	13.399629316987347	-0.2158183993888649	100.32112575857698	-836.5405337985501
8.366666666664765	3.6601853117829535	0.029700066807880347	13.396074422623283	-0.21741549657835216	101.19791414372925	-835.9982985429783
8.377777777775872	3.659489832769415	0.029687805586723716	13.390984470342165	-0.21728444540370095	101.27122721898978	-834.7362136517398
8.388888888886981	3.658573057330974	0.02935826563132617	13.384294908067229	-0.21481871929747168	100.25479743061837	-832.7213063636833
8.399999999998089	3.657456352667954	0.02864253987250681	13.376166576580825	-0.20951767882649042	97.91033999103976	-830.0257733275449
8.411111111109198	3.6561936177904486	0.027502396812017927	13.366995388941202	-0.20110817539608064	94.10478230632616	-826.8322065231898
8.422222222220308	3.6548601578740634	0.02594308875837649	13.357329729760899	-0.18963672295036146	88.85415406669111	-823.3956172878171
8.433333333331415	3.653532627646682	0.02401407654608106	13.347723985406507	-0.1754724243678242	82.32594819529452	-819.9751886977015
8.444444444442524	3.6522704970422573	0.021796015067589016	13.338604717292469	-0.15920988556888774	74.79450831989756	-816.771424261085
8.455555555553632	3.651107498766276	0.01938111865300394	13.33021033978709	-0.14152509529692325	66.57393104702246	-813.8973771129849
8.466666666664741	3.65005349966226	0.016856261815737038	13.32260641683431	-0.12305251486350859	57.960424074953785	-811.3852735533309
8.47777777777585	3.64910170954284	0.014293532442090947	13.315738981518804	-0.10431710733968023	49.20012009316018	-809.211126458563
8.488888888886958	3.64823617428218	0.011747635615994347	13.309489176398511	-0.0857162984331126	40.480219234173774	-807.3201701897851
8.499999999998067	3.647437121422122	0.00925731986568622	13.303711856757001	-0.06753098424596475	31.933800202064358	-805.6449145981043
8.511111111109175	3.6466838699109383	0.006848285993666986	13.298256348047566	-0.0499470681392848	23.649657699981532	-804.1148923124907
8.522222222220284	3.6459559092238703	0.004536091303008509	13.29297391588015	-0.03307677778196576	15.682115517078465	-802.6601832633335
8.533333333331392	3.645232846964608	0.0023284162256942413	13.28771708706758	-0.01697523861461201	8.058666751395677	-801.2110983586746
8.544444444442501	3.644493733717666	0.0002265319849904347	13.282334523790592	-0.0016511887995685273	0.7848906632675988	-799.6957468225473
8.55555555555361	3.6437160575355074	-0.001773992249515504	13.276663560893601	0.012927848091006357	-6.153228664926918	-798.0364722498712
8.566666666664718	3.642874527179935	-0.003683242930544256	13.270521254497952	0.02683518369819049	-12.789248905071295	-796.1455514994997
8.577777777775827	3.6419396190330984	-0.005517468524355495	13.263693746224034	0.040188574431236725	-19.178118183818885	-793.9200565911447
8.588888888886935	3.6408757042378936	-0.007300030289502706	13.25592260326755	0.05315700584250224	-25.399554167224743	-791.2352321544168
8.599999999998044	3.6396383401102597	-0.009062662063534722	13.246885114956887	0.06596962461980747	-31.562475812555693	-787.9349307571744
8.611111111109153	3.638169913066062	-0.010846783723311375	13.236162663621975	0.07892488439137224	-37.80957067592663	-783.8162620646175
8.62222222222026	3.6363921073821226	-0.012704199551978802	13.223186161944739	0.09239490196284643	-44.31959870037835	-778.6031240373633
8.63333333333137	3.634192417770382	-0.014695180848187559	13.207138581039573	0.10681022963249551	-51.30030612151165	-771.8989227033616
8.644444444442478	3.6314001195022656	-0.016877761569006843	13.186781969085487	0.12257981075724439	-58.9501117385347	-763.1026170168357
8.655555555553587	3.6277474203949187	-0.019269596776765742	13.16018002882205	0.13981045999792432	-67.32296138875004	-751.2738305949723
8.666666666664696	3.6228328932199165	-0.021732751765594402	13.124445859696886	0.15746825591315725	-75.92306097642165	-735.009067636149
8.677777777775804	3.61622488450369	-0.023712552083988633	13.076520130177393	0.17149984184241907	-82.79437781500016	-712.8144504161481
8.688888888886913	3.608071600533976	-0.02408456747225639	13.017600608189483	0.17379768781558533	-84.0111319802735	-685.2463533133543
8.69999999999802	3.5997676303676136	-0.022130791877963876	12.957837220693317	0.1593314164733937	-77.11684762980384	-657.1969820639143
8.71111111110913	3.5927417623593527	-0.01867236487673251	12.907444713790898	0.13416997018929766	-65.02157349966899	-633.6150513752573
8.722222222220239	3.5872082221893997	-0.01494488313049054	12.867839479811451	0.10722081529071063	-52.02772679720253	-615.2052276369175
8.733333333331347	3.582812331007791	-0.011586653534599312	12.836409948681352	0.08302561031775484	-40.33858982731695	-600.7186648479881
8.744444444442456	3.579243253310216	-0.008778803757780621	12.81090519897128	0.06284294824434132	-30.571543993391792	-589.0755064234397
8.755555555553563	3.5763279212899435	-0.0065098052765193235	12.79007902303331	0.04656239674515331	-22.68023935779794	-579.6797197708541
8.766666666664673	3.5739813025533467	-0.004699202618111876	12.77332026849567	0.03358972458808316	-16.382098590068658	-572.2419148099007
8.777777777775782	3.5721597338300866	-0.0032474308620788163	12.760314618189831	0.023200683527830144	-11.329583914785019	-566.6161438116433
8.78888888888689	3.5708361467118865	-0.0020580860010473967	12.750866550946206	0.014698175771163524	-7.186641968553473	-562.7137669329738
8.799999999997999	3.569990608507197	-0.0010485564938890093	12.744831845358865	0.0074866736713459945	-3.6652210677219084	-560.4707755151658
8.811111111109106	3.5696083872136897	-0.00015471598888251647	12.742104014129282	0.0011045509831021814	-0.5414333998594201	-559.8413009659176
8.822222222220216	3.569680430766726	0.0006671575684646716	12.742617932699696	-0.004763078632772501	2.337729960281604	-560.7995123255594
8.833333333331325	3.5702034519796473	0.001439074035535514	12.74635061759331	-0.010275574178646347	5.0496271994237665	-563.340126598938
8.844444444442432	3.5711779254875413	0.0021594790860057895	12.753307112139575	-0.015423768084991775	7.589088953099333	-567.4715942329353
8.855555555553542	3.572602542793061	0.0028010460652910696	12.763481082912385	-0.02001404859067875	9.860055519180268	-573.1967733092747
8.86666666666465	3.5744639536882583	0.003310233296138812	12.776781598572219	-0.023664619190693705	11.673161676814896	-580.4767762261856
8.877777777775758	3.576722450392371	0.003612985446838597	12.792930433476968	-0.025845292321297043	12.764808887286947	-589.1799872046363
8.888888888886868	3.5792988947404893	0.003631372691962822	12.811367391022861	-0.02599553652546665	12.855082300467204	-599.0346647566099
8.899999999997975	3.582073443470746	0.0033105057511746286	12.83123919497004	-0.023716949471479624	11.742955997255672	-609.6225699690572
8.911111111109085	3.5849044373209686	0.0026439081294813943	12.851532834473373	-0.018956315970493666	9.397544620008853	-620.4441661384371
8.922222222220192	3.587661468245816	0.0016803599795514848	12.871311987126065	-0.012057125502838379	5.984741765997432	-631.0354773345797
8.933333333331301	3.590253251967615	0.0005073490234066468	12.889918155861002	-0.003643022962336614	1.8105230010251068	-641.0682871810134
8.94444444444241	3.592635941585258	-0.0007757742596648285	12.90703240694449	0.005574148975657115	-2.7737067348266593	-650.3817184669443
8.955555555553518	3.594804098456143	-0.002078570774724285	12.922612185820618	0.014944109479820038	-7.4454537708885145	-658.9518030257238
8.966666666664628	3.59677527900138	-0.0033281515552166475	12.93678133104268	0.023941226477146468	-11.942796131757287	-666.8374706960587
8.977777777775735	3.5985764548308503	-0.0044687849636836354	12.949732531223919	0.03216252870402814	-16.063775895032745	-674.1323451069578
8.988888888886844	3.6002348059361404	-0.0054577680978006365	12.96166087064143	0.03929849333685947	-19.652169940719414	-680.9317243308805
8.999999999997954	3.6017722830454573	-0.006261240004240866	12.972724375788093	0.04510312140954034	-22.582795757036685	-687.3128342414681
9.011111111109061	3.603202769810873	-0.006851632617298877	12.983023255503223	0.049375643248755666	-24.752536512870776	-693.324306835348
9.02222222222017	3.604531194694445	-0.007207144353508852	12.992593190595633	0.05195675329377717	-26.078590995315302	-698.9826334039682
9.033333333331278	3.605754507418959	-0.0073128041324778065	13.00141209066786	0.05273635292510768	-26.502492897438113	-704.2753607185101
9.044444444442387	3.6068645751485824	-0.007162138169904804	13.0094207672386	0.05166572489469827	-25.996388650074934	-709.1713144700554
9.055555555553497	3.6078526901588375	-0.006758223140338683	13.016555360306345	0.04876534707512925	-24.56716356862442	-713.636820569383
9.066666666664604	3.6087147888567364	-0.006113201470541048	13.0227850560811	0.044121601108004456	-22.25499555181166	-717.654715583849
9.077777777775713	3.6094561468987325	-0.005246115955371931	13.028146154652427	0.037871250964921464	-19.125720140768365	-721.2416537097477
9.088888888886821	3.6100945555870885	-0.004179796640734285	13.03276522957958	0.030178922192352086	-15.259598894033907	-724.460024561229
9.09999999999793	3.6106616629962573	-0.0029380312903643335	13.036869012603036	0.02121647388960385	-10.74096244387871	-727.4232363703326
9.11111111110904	3.6112028187272345	-0.0015442222413790782	13.040783413361194	0.01115299942161883	-5.653164475161162	-730.295528665303
9.122222222220147	3.611775991044834	-2.240636429235858e-05	13.044925808985848	0.00016185353719548997	-0.08213938394332691	-733.2883658301537
9.133333333331256	3.6124499716179432	0.0015987990110100322	13.049792241284202	-0.011551162883891974	5.869263594593347	-736.6542145604494
9.144444444442364	3.6133011202153256	0.0032790205871476466	13.055934233373314	-0.023696177521499412	12.054916847567712	-740.6749929569226
9.155555555553473	3.6144063412689698	0.00495612034051439	13.06390863667651	-0.035826865573694675	18.248287517298436	-745.6366967459073
9.166666666664582	3.615828334620454	0.006536121685459732	13.074171824557439	-0.047266987977625	24.10449104698469	-751.7754582454646
9.17777777777569	3.617589943675092	0.007891196263223996	13.086894729600692	-0.05709422449081118	29.151326036161628	-759.1827970448419
9.1888888888868	3.6196431911371487	0.008879554650234834	13.101737984654735	-0.06428163906010545	32.860830901008704	-767.6897896959118
9.199999999997907	3.621856331518317	0.009394251674820765	13.117755034194792	-0.06804925981665227	34.828905869358685	-776.8159030846638
9.211111111109016	3.624046732930337	0.009417339704607836	13.133626036175938	-0.06825775837875835	34.97781217736103	-785.8869777998192
9.222222222220125	3.626049994970901	0.009032613780370893	13.148156977916765	-0.06550541830577593	33.60790228240424	-794.2901484694605
9.233333333331233	3.6277733122047207	0.008383806060476276	13.16066891654075	-0.06082909576179206	31.246291030999938	-801.6741751386996
9.244444444442342	3.629200399641843	0.007617804276080879	13.171037509818525	-0.055293076646292134	28.43676383625713	-807.9713655725246
9.25555555555345	3.630364635063052	0.006851277338764773	13.179500443515314	-0.04974526991132107	25.61432302391208	-813.3001318263276
9.266666666664559	3.6313199298611756	0.006164455606277423	13.186446432494051	-0.04477022099963933	23.080296195618455	-817.8573333542379
9.277777777775668	3.6321223911333584	0.005608405133990398	13.192281609964159	-0.04074082773142761	21.028215200742025	-821.8497811393636
9.288888888886776	3.6328221578660376	0.005214779821428859	13.197369636753868	-0.037888735367358914	19.57953964222885	-825.4633421483651
9.299999999997885	3.6334611952701965	0.005003609612683069	13.20201522142517	-0.03636084272792974	18.812455572717372	-828.8542816618575
9.311111111108993	3.63407380518763	0.004988417964693949	13.20646753723711	-0.036256558109643344	18.780912149219493	-832.1508510593684
9.322222222220102	3.634688145719092	0.005179193490270615	13.210931092585682	-0.03764950636694419	19.52573254985829	-835.4587537884901
9.333333333331211	3.6353280551203815	0.0055838843900251605	13.215578888580453	-0.04059850315921445	21.08023251684036	-838.867839216008
9.344444444442319	3.636014978257536	0.006208921770631623	13.220566371403597	-0.045151465113691766	23.47220730284258	-842.4592584497528
9.355555555553428	3.636770006380316	0.007059079455287729	13.22604624870473	-0.05134449687129183	26.723422817459422	-846.313121614721
9.366666666664536	3.6376161047516207	0.008136791387959932	13.232184718174262	-0.059197046787694683	30.847054798864196	-850.5169459544064
9.377777777775645	3.638580581175547	0.009440847320643904	13.23917951610965	-0.06870256746147621	35.842764845467556	-855.1751136283236
9.388888888886754	3.6396977376759536	0.010964130317775649	13.24727940948983	-0.07981224062638473	41.68811913647309	-860.4191504325358
9.399999999997862	3.6410113575155942	0.012689719891427526	13.256802676566627	-0.09240682849675835	48.323737572554975	-866.4175478625051
9.411111111108971	3.6425759802119253	0.014584334426475696	13.268147068806206	-0.10624909253851647	55.62816432796881	-873.3811936617861
9.422222222220078	3.6444544142697395	0.016588148411718753	13.281772811022462	-0.12090950140729996	63.37856059924802	-881.5547064287164
9.433333333331188	3.6467064459025336	0.01860183892593852	13.298121874175662	-0.13567089183372133	71.20007632485044	-891.1742630717611
9.444444444442297	3.649362082739283	0.02047792457906811	13.317424265540131	-0.1494627229840919	78.53041725502771	-902.3657637438531
9.455555555553405	3.6523795462558435	0.02203450482763126	13.339390830505042	-0.1609567494886321	84.66908024790824	-914.982579347557
9.466666666664514	3.6556131246459906	0.02311098020149633	13.36297319967815	-0.16896960509604725	88.9885792204001	-928.477522059802
9.477777777775621	3.658838415017375	0.023648098972895895	13.386539314621825	-0.17304914592832885	91.24405559844621	-941.9930487243054
9.48888888888673	3.661841922441653	0.023722557887332657	13.408523505198465	-0.17373651395876724	91.71387915861136	-954.702626591468
9.49999999999784	3.6645022985433977	0.023497638339048242	13.428024957022332	-0.1722142994075675	91.01676870941081	-966.1272338051915
9.511111111108947	3.666801747665627	0.02314296734498202	13.444899459746166	-0.16972134621349722	89.8041324361213	-976.1859607568775
9.522222222220057	3.6687882414689743	0.02278709177399939	13.459487909189493	-0.1672020287154467	88.57444782039144	-985.0545238625901
9.533333333331164	3.670535118052049	0.022509969370194036	13.472321354132323	-0.16524726615914637	87.64106779005428	-993.0103325536601
9.544444444442274	3.6721173452930684	0.022353527334767438	13.483946117417906	-0.16416955090896448	87.17096687724563	-1000.3402195515438
9.555555555553383	3.6736019638850066	0.022334049027562274	13.494852579313813	-0.16409281273831358	87.23165249521351	-1007.3026293476906
9.56666666666449	3.6750457681939057	0.022450859481793973	13.505457357228464	-0.16501587226176592	87.82435318293705	-1014.1179610334507
9.5777777777756	3.676495407366854	0.022691058741548448	13.51610359624276	-0.16684714650318874	88.90212429832125	-1020.9684951272361
9.588888888886707	3.677987400665189	0.023031531140420617	13.5270608680252	-0.16941936270498995	90.37741774705766	-1027.998112569877
9.599999999997817	3.6795468864341094	0.023439675625762213	13.538515871073509	-0.17249477093559767	92.12463195646791	-1035.3071005908632
9.611111111108926	3.681184718610202	0.023874376105247848	13.550550946694857	-0.17577197696998187	93.98354752610214	-1042.9404092785899
9.622222222220033	3.6828933755356594	0.024288801686458267	13.56311366967708	-0.178906133661513	95.76993913170668	-1050.8710506779016
9.633333333331143	3.684643316707863	0.024636257320941258	13.575989426185137	-0.18155164177260275	97.2983257298236	-1058.9849860375211
9.64444444444225	3.686382466081016	0.024878874557942954	13.588796727830283	-0.18342609389245998	98.41627699597322	-1067.0781103237362
9.65555555555336	3.688041172010344	0.024996530779461488	13.601022859892423	-0.18437646934415555	99.04016606772535	-1074.874885358262
9.666666666664469	3.689542415123626	0.02499168371347574	13.612098648741444	-0.18441575417244616	99.17526296814243	-1082.0681427259103
9.677777777775576	3.6908136002453817	0.024886986386583595	13.621485669664871	-0.1837064556494488	98.90737190820808	-1088.3658618844863
9.688888888886686	3.6917951556559863	0.024716330329717477	13.62874057434004	-0.18249525715368822	98.3680712711771	-1093.5259388102768
9.699999999997793	3.6924436348174607	0.024513117682692827	13.633539103365456	-0.18102661071398093	97.68834526367453	-1097.369437859146
9.711111111108902	3.692730720957957	0.0242996873353246	13.635669702702078	-0.17946440386565227	96.95625727074676	-1099.777511094623
9.722222222220012	3.692641572958537	0.02407995652144004	13.635021942035625	-0.17783729705220708	96.18713541105217	-1100.6854824473598
9.73333333333112	3.6921756893472253	0.023835974468875774	13.631593167327777	-0.17601321093176855	95.30933973058872	-1100.0867625456044
9.744444444442228	3.6913516695501953	0.02352932035217266	13.625523519374779	-0.17370999193074788	94.16954728529409	-1098.052165653666
9.755555555553336	3.6902143168227965	0.023109136271261176	13.617147671904736	-0.17055533103523393	92.5648077917175	-1094.7584306162769
9.766666666664445	3.688838936137015	0.02252764338299151	13.607025202044074	-0.16620169610117694	90.3047127779638	-1090.5053237145721
9.777777777775555	3.6873260780472537	0.021759391857365935	13.59590013471334	-0.16046794607622897	87.2885049521327	-1085.694327452327
9.788888888886662	3.6857844162982505	0.020814924786103372	13.584573502333184	-0.15343865080608002	83.55968008509973	-1080.7598091429243
9.799999999997771	3.684308669102068	0.019740322567086105	13.5737406888856	-0.14545888312957306	79.30396889967926	-1076.0805173238139
9.811111111108879	3.682964110962629	0.01860334589873973	13.56387855816012	-0.13703091057776448	74.79375481338244	-1071.9176479450598
9.822222222219988	3.681783610833985	0.017475418187267524	13.555225166764917	-0.12868141654870344	70.31600480768579	-1068.4030834733255
9.833333333331097	3.6807742016793985	0.016418251673402117	13.547829164760602	-0.12086375439227626	66.1188726993404	-1065.5656795739826
9.844444444442205	3.679926677453568	0.015477832143383491	13.541620788146597	-0.11391457482717049	62.3877185900547	-1063.369560245226
9.855555555553314	3.6792237098430465	0.014683880687387702	13.536471490719189	-0.10805056395508648	59.24295966265179	-1061.74644734144
9.866666666664422	3.67864509524019	0.014051913757822086	13.532232280454448	-0.10338400724790073	56.74824259419683	-1060.6165220181456
9.877777777775531	3.6781705351191936	0.013585912085854553	13.528753908411812	-0.09994260305381993	54.921008912409874	-1059.899455857546
9.88888888888664	3.6777808342980296	0.013280684771619455	13.525895488541908	-0.09768689583883147	53.74182434958875	-1059.519152206922
9.899999999997748	3.677458275150314	0.013123691036518753	13.523527134205102	-0.09652365240552378	53.1615384005259	-1059.4052241194113
9.911111111108857	3.67718666689804	0.013096393679683287	13.521530267685305	-0.0963157684467583	53.10658038691344	-1059.4931990095286
9.922222222219965	3.676951355825837	0.013175329882561494	13.519797683791948	-0.0968900941502743	53.483143583667285	-1059.7245887137572
9.933333333331074	3.6767393404278548	0.013333113720816466	13.518234405528364	-0.09804476749544863	54.18112631182822	-1060.0473974957588
9.944444444442183	3.676539541077888	0.013539582192716245	13.516759676823252	-0.09955761860239065	55.07869277236467	-1060.4172622874476
9.95555555555329	3.676343197411994	0.013763269323666968	13.51530987757497	-0.10119700310442446	56.048210370915506	-1060.7991111460178
9.9666666666644	3.6761442914685887	0.013973323557180001	13.51384159792586	-0.10273590725514163	56.96404130237557	-1061.1689208107612
9.977777777775508	3.6759398267423906	0.014141852258421496	13.512333617845577	-0.1039691958812768	57.71213100733493	-1061.5148780111872
9.988888888886617	3.6757297639757143	0.014246487763356394	13.510786335363369	-0.1047324782077698	58.200559661023924	-1061.8371303137446
9.999999999997726	3.6755164649026937	0.014272773969531088	13.509217571694009	-0.10491963144969219	58.36941691457555	-1062.1455192232108
