ref_frequency_thz,ref_amplitude,ref_phase,sample_frequency_thz,sample_amplitude,sample_phase
0.0,0.0003445847921427138,0.0,0.0,6.516159033142108e-06,0.0
0.011111111111108584,0.00034490782605290434,7.5792769186155855,0.0111111111111149,6.668282879645845e-06,7.850719906651944
0.022222222222217168,0.000346133451879667,15.15621521088934,0.0222222222222298,7.104592654278104e-06,15.719988834841125
0.03333333333332575,0.00034899820918667975,22.729153062501734,0.0333333333333447,7.775213612821553e-06,23.618644502873675
0.044444444444434336,0.0003546131970944958,30.297739239109283,0.0444444444444596,8.620408554512636e-06,31.548795838906166
0.055555555555542924,0.0003642773818563046,37.8633679547609,0.0555555555555745,9.584206180427913e-06,39.5073873923074
0.0666666666666515,0.0003792245598897963,45.42915051428898,0.0666666666666894,1.0618494908524145e-05,47.48966234559051
0.07777777777776008,0.0004003639883114651,52.9992552191225,0.0777777777778043,1.1682092784527367e-05,55.49095450482745
0.08888888888886867,0.00042810332374274164,60.5778089930497,0.0888888888889192,1.2738732541632577e-05,63.50727249700217
0.09999999999997726,0.00046231382417744407,68.16788355208853,0.1000000000000341,1.375558740783992e-05,71.53534186623389
0.11111111111108585,0.0005024256845778118,75.77101299145116,0.111111111111149,1.4702641121652352e-05,79.572475766578
0.12222222222219442,0.0005475876626424987,83.38729211534351,0.12222222222226391,1.5552748751321815e-05,87.61642241074107
0.133333333333303,0.000596824559473575,91.01579912235083,0.1333333333333788,1.6282152346295573e-05,95.66523392019711
0.1444444444444116,0.000649157745913274,98.65506236314704,0.1444444444444937,1.687124728935435e-05,103.71716299707211
0.15555555555552017,0.000703683433885624,106.3034212261025,0.1555555555556086,1.7305447107605382e-05,111.7705828055157
0.16666666666662877,0.0007596172854832493,113.95925172921864,0.1666666666667235,1.757603992329305e-05,119.82392417142546
0.17777777777773734,0.000816316028941971,121.62108438691497,0.1777777777778384,1.76809638876868e-05,127.87562607745882
0.18888888888884592,0.0008732841219165853,129.28765277603296,0.1888888888889533,1.7625451966865594e-05,135.92409842157815
0.19999999999995452,0.0009301703968318879,136.95790327718177,0.2000000000000682,1.742250771824151e-05,143.96769988498835
0.2111111111110631,0.0009867574654996694,144.6309854098467,0.2111111111111831,1.7093169751449643e-05,152.00473889186642
0.2222222222221717,0.0010429455393418288,152.30623353943864,0.222222222222298,1.666649642327453e-05,160.03351226846203
0.23333333333328027,0.0010987319391183245,159.9831452581272,0.2333333333334129,1.617914518442554e-05,168.05240327571195
0.24444444444438884,0.0011541876076960153,167.66135871477172,0.24444444444452781,1.5674330634422994e-05,176.0600637742318
0.2555555555554974,0.0012094321530204874,175.34062973757756,0.2555555555556427,1.5199847995941183e-05,184.05569397693978
0.266666666666606,0.0012646091545327348,183.02080910221878,0.2666666666667576,1.4804835193673186e-05,192.03939210817106
0.2777777777777146,0.0013198635384908937,190.7018203007109,0.2777777777778725,1.4535187664407808e-05,200.01246907145935
0.2888888888888232,0.0013753226928330299,198.3836383609551,0.2888888888889874,1.4428182169323839e-05,207.97754522726956
0.29999999999993177,0.0014310826335706892,206.06627045380841,0.3000000000001023,1.4507743161156095e-05,215.9382602302476
0.31111111111104034,0.0014871999910279637,213.7497390862328,0.3111111111112172,1.4782215273201502e-05,223.89860515352026
0.3222222222221489,0.0015436899383278893,221.43406857258415,0.3222222222223321,1.5245764546427831e-05,231.86213639365218
0.33333333333325754,0.0016005295408118608,229.11927522184993,0.333333333333447,1.5882851416602363e-05,239.8314205871012
0.3444444444443661,0.0016576654627988242,236.80536133940848,0.3444444444445619,1.6673859251660815e-05,247.80789220184425
0.3555555555554747,0.0017150245988532167,244.4923127949733,0.3555555555556768,1.7599868577218604e-05,255.79205334465047
0.36666666666658326,0.001772526033113202,252.18009961998504,0.3666666666667917,1.8645457977379577e-05,263.7838188898032
0.37777777777769184,0.0018300927668986166,259.86867890729536,0.3777777777779066,1.979941758943189e-05,271.7828381067103
0.38888888888880047,0.0018876618586265836,267.5579992034675,0.3888888888890215,2.1053864733812933e-05,279.7887123204378
0.39999999999990904,0.0019451919433651496,275.2480055967501,0.4000000000001364,2.24024450523716e-05,287.80109978098005
0.4111111111110176,0.002002667491466625,282.938644787719,0.4111111111112513,2.3838263402447797e-05,295.81973442601236
0.4222222222221262,0.0020600995799877845,290.62986955919683,0.4222222222223662,2.5352051885009758e-05,303.8443944911601
0.43333333333323476,0.0021175233471175565,298.3216422163139,0.4333333333334811,2.693091061415015e-05,311.87485273182153
0.4444444444443434,0.002174992645459919,306.01393673139677,0.444444444444596,2.855778115036182e-05,319.9108304216475
0.45555555555545196,0.0022325726777669757,313.70673949114484,0.4555555555557109,3.021165842853472e-05,327.95196678461735
0.46666666666656054,0.002290331567929563,321.40004869649243,0.4666666666668258,3.186843521665686e-05,335.997806788267
0.4777777777776691,0.002348331877906824,329.0938725996797,0.4777777777779407,3.350221193551452e-05,344.0478046293407
0.4888888888887777,0.0024066230251714306,336.78822686873514,0.48888888888905563,3.508688798869726e-05,352.1013378710139
0.49999999999988626,0.0024652353946356415,344.4831314377295,0.5000000000001705,3.659786366324636e-05,360.15772723258107
0.5111111111109948,0.0025241766958176053,352.1786072255467,0.5111111111112854,3.801370808389428e-05,368.2162583690111
0.5222222222221035,0.002583430822481455,359.874673085253,0.5222222222224003,3.9317676611462757e-05,376.27620366195794
0.533333333333212,0.002642959166351948,367.57134328533357,0.5333333333335152,4.049898398353394e-05,384.3368434945571
0.5444444444443206,0.0027027040570703543,375.2686257336205,0.5444444444446301,4.155375555368085e-05,392.39748744454477
0.5555555555554292,0.0027625937798878655,382.9665210488665,0.555555555555745,4.2485589444802956e-05,400.45749624045163
0.5666666666665378,0.0028225484830791568,390.6650224786935,0.5666666666668599,4.3305670528485634e-05,408.5163051910081
0.5777777777776464,0.0028824862387532356,398.36411656922013,0.5777777777779748,4.403238760264879e-05,416.5734491375155
0.5888888888887549,0.0029423285615443923,406.06378442051056,0.5888888888890897,4.469042390476083e-05,424.6285878368284
0.5999999999998635,0.003002004807350944,413.76400331804695,0.6000000000002046,4.5309324525313194e-05,432.6815292001184
0.6111111111109722,0.0030614550494618546,421.4647485145,0.6111111111113195,4.5921597055909964e-05,440.732246324919
0.6222222222220807,0.00312063123864716,429.16599494586893,0.6222222222224344,4.6560473254220285e-05,448.7808833401631
0.6333333333331893,0.0031794966723930774,436.867718697134,0.6333333333335494,4.725753945813211e-05,456.8277454440912
0.6444444444442978,0.0032380240027010134,444.5698980794735,0.6444444444446642,4.804051050685671e-05,464.8732706680971
0.6555555555554065,0.003296192180743611,452.27251423790597,0.6555555555557792,4.893144778574627e-05,472.9179847178474
0.6666666666665151,0.0033539828534157176,459.9755512688587,0.666666666666894,4.994568351523116e-05,480.9624446895611
0.6777777777776236,0.003411376780204136,467.67899588575216,0.677777777778009,5.1091606964288484e-05,489.00718085827646
0.6888888888887322,0.0034683508241820545,475.3828367216928,0.6888888888891238,5.2371317253188215e-05,497.05264659681757
0.6999999999998407,0.003524875990845405,483.08706339705753,0.7000000000002388,5.378199470575491e-05,505.0991843875644
0.7111111111109494,0.003580916852559214,490.79166550265927,0.7111111111113536,5.531773126318793e-05,513.1470117415314
0.722222222222058,0.0036364325202979425,498.49663165449414,0.7222222222224685,5.697151428868112e-05,521.196226304623
0.7333333333331665,0.0036913791281903696,506.20194876395857,0.7333333333335834,5.873707557471978e-05,529.2468259891384
0.7444444444442752,0.0037457136020864136,513.907601639904,0.7444444444446983,6.061037864576624e-05,537.2987382883055
0.7555555555553837,0.0037993983122524494,521.6135729995915,0.7555555555558132,6.259059791792448e-05,545.3518528535316
0.7666666666664923,0.0038524060806546735,529.3198439190844,0.7666666666669281,6.468052409444332e-05,553.4060523447841
0.7777777777776009,0.0039047249386119356,537.0263947047689,0.777777777778043,6.688640170478387e-05,561.4612379038099
0.7888888888887094,0.003956362018618371,544.7332061211888,0.7888888888891579,6.921726425122034e-05,569.5173469697942
0.7999999999998181,0.004007346016529204,552.440260870215,0.8000000000002728,7.168387996018944e-05,577.5743624152148
0.8111111111109266,0.0040577277729559325,560.147545185982,0.8111111111113877,7.4297455829484e-05,585.6323131140329
0.8222222222220352,0.004107578686291442,567.8550503914594,0.8222222222225026,7.706826682480154e-05,593.6912670644475
0.8333333333331439,0.004156986870421927,575.5627742575925,0.8333333333336175,8.000437726375763e-05,601.7513190173687
0.8444444444442524,0.004206051190297167,583.2707220156576,0.8444444444447324,8.311060077345753e-05,609.8125750998399
0.855555555555361,0.004254873527803452,590.9789068977173,0.8555555555558473,8.638780556422665e-05,617.8751370637427
0.8666666666664695,0.004303549827106608,598.6873501177414,0.8666666666669622,8.983261931312057e-05,625.939088500214
0.8777777777775781,0.004352160621563272,606.3960802544232,0.8777777777780771,9.343753193558817e-05,634.0044847134496
0.8888888888886868,0.004400761835004003,614.1051320517704,0.888888888889192,9.71913446222173e-05,642.0713471094326
0.8999999999997953,0.004449376665646258,621.8145447096452,0.9000000000003069,0.00010107987717617292,650.1396621230805
0.9111111111109039,0.004497989295853052,629.5243597871436,0.9111111111114218,0.00010508682653566176,658.2093840443621
0.9222222222220124,0.004546541029492949,637.2346188807892,0.9222222222225367,0.00010919466715804731,666.2804406963063
0.9333333333331211,0.004594929254359634,644.9453612619509,0.9333333333336516,0.00011338549565463733,674.3527407705888
0.9444444444442296,0.00464300938159534,652.6566216608066,0.9444444444447665,0.00011764174339629116,682.4261816872634
0.9555555555553382,0.004690599654042816,660.3684283675964,0.9555555555558815,0.00012194670741520384,690.5006570386694
0.9666666666664468,0.004737488468851654,668.0808017885436,0.9666666666669963,0.00012628487809053485,698.5760629322485
0.9777777777775554,0.004783443651654908,675.793753548667,0.9777777777781113,0.00013064206889365577,706.6523028105555
0.988888888888664,0.004828222969383547,683.5072861828105,0.9888888888892261,0.00013500537661385048,714.7292905678631
0.9999999999997725,0.004871585087561515,691.2213934057313,1.000000000000341,0.00013936301821511357,722.8069519866784
1.0111111111108813,0.004913300168674719,698.9360609071211,1.011111111111456,0.0001437041014524119,730.8852246789213
1.0222222222219897,0.0049531593664885725,706.6512675815326,1.0222222222225708,0.00014801838977543036,738.9640568342617
1.0333333333330983,0.00499098258691309,714.3669870781922,1.0333333333336858,0.00015229611771157265,747.0434051519375
1.044444444444207,0.005026624045495709,722.0831895418365,1.0444444444448007,0.00015652790149958297,755.1232323626095
1.0555555555553156,0.005059975339448456,729.7998434123018,1.0555555555559155,0.00016070477273565252,763.2035047352099
1.066666666666424,0.005090965952585642,737.5169171561965,1.0666666666670304,0.00016481834240875947,771.2841899145733
1.0777777777775326,0.005119561309610227,745.2343808171196,1.0777777777781452,0.00016886108159688205,779.3652553563284
1.0888888888886412,0.005145758677995364,752.95220729005,1.0888888888892603,0.00017282668599912635,787.4466675260492
1.0999999999997498,0.0051695813689834075,760.670373249455,1.1000000000003751,0.0001767104768147415,795.5283919214269
1.1111111111108585,0.005191071803614348,768.3888596880181,1.11111111111149,0.0001805097820610586,803.610393870405
1.1222222222219669,0.005210284077250332,776.1076520523475,1.1222222222226048,0.00018422424126041437,811.6926399645906
1.1333333333330755,0.005227276671854947,783.8267399920071,1.1333333333337199,0.00018785598266693769,819.7750999134314
1.1444444444441841,0.005242105928064217,791.546116766794,1.1444444444448347,0.0001914096351616965,827.8577485560468
1.1555555555552928,0.005254820801793476,799.265778382385,1.1555555555559496,0.00019489215519861012,835.9405677477615
1.1666666666664014,0.0052654593000683505,806.9857225441264,1.1666666666670644,0.00019831247071193462,844.0235478491218
1.1777777777775098,0.005274046829279603,814.7059475311424,1.1777777777781795,0.00020168096623883035,852.1066885865721
1.1888888888886184,0.005280596510576024,822.4264510968275,1.1888888888892943,0.00020500885397414274,860.1899991236544
1.199999999999727,0.005285111337745394,830.1472294967875,1.2000000000004092,0.00020830749139762409,868.2734972741458
1.2111111111108357,0.005287587888771449,837.8682767319298,1.211111111111524,0.00021158771519373117,876.3572078947884
1.2222222222219443,0.00528802116760447,845.5895840739727,1.222222222222639,0.0002148592618341801,884.4411606026881
1.2333333333330527,0.005286410058629338,853.31113991521,1.233333333333754,0.0002181303368627053,892.5253870564455
1.2444444444441614,0.005282762829766568,861.0329299561943,1.2444444444448688,0.0002214073782883386,900.6099181064483
1.25555555555527,0.005277102123476812,868.7549377165238,1.2555555555559836,0.00022469503645590957,908.6947811474931
1.2666666666663786,0.0052694689262126745,876.477145327272,1.2666666666670987,0.00022799636619511658,916.7799979907857
1.2777777777774872,0.00525992510042209,884.1995345405725,1.2777777777782136,0.00023131320036709282,924.865583514024
1.2888888888885957,0.005248554190534666,891.9220878738776,1.2888888888893284,0.00023464665055337606,932.9515452559564
1.2999999999997043,0.005235460364933086,899.6447897944327,1.3000000000004432,0.0002379976635000006,941.0378840083325
1.311111111110813,0.005220765517979743,907.3676278442252,1.3111111111115583,0.00024136755312129603,949.1245953384657
1.3222222222219215,0.0052046047174221,915.0905936075635,1.3222222222226732,0.00024475842844028675,957.211671863932
1.3333333333330302,0.0051871203306360315,922.8136834326066,1.333333333333788,0.0002481734478198093,965.2991060093768
1.3444444444441386,0.005168455286480476,930.536898834498,1.3444444444449029,0.00025161684831229104,973.3868929128935
1.3555555555552472,0.005148746017610597,938.2602465305713,1.355555555556018,0.0002550937242179711,981.4750331221082
1.3666666666663558,0.005128115672625542,945.9837380861735,1.3666666666671328,0.0002586095586049568,989.5635347311577
1.3777777777774645,0.005106668183141178,953.7073891810757,1.3777777777782476,0.0002621695426631985,997.6524146597272
1.388888888888573,0.005084483716417613,961.4312185386839,1.3888888888893625,0.0002657777469891069,1005.7416988613866
1.3999999999996815,0.005061615942702837,969.1552465903641,1.4000000000004775,0.0002694362327357324,1013.831421363711
1.4111111111107901,0.005038091405808759,976.8794939721327,1.4111111111115924,0.0002731442057735117,1021.9216221754939
1.4222222222218988,0.0050139111176085265,984.6039799680736,1.4222222222227072,0.00027689732109843345,1030.012344231081
1.4333333333330074,0.0049890543171219465,992.3287210222983,1.433333333333822,0.0002806872364664808,1038.103629660536
1.444444444444116,0.004963484158917799,1000.0537294382846,1.444444444444937,0.0002845014940150416,1046.1955157601171
1.4555555555552244,0.00493715493932899,1007.7790123715569,1.455555555556052,0.00028832377854000693,1054.2880310780906
1.466666666666333,0.004910020345576373,1015.5045712004732,1.4666666666671668,0.0002921345646315909,1062.3811920215485
1.4777777777774417,0.004882042131582871,1023.2304013327353,1.4777777777782817,0.00029591212634919793,1070.4750003345675
1.4888888888885503,0.004853198589713109,1030.9564924748927,1.4888888888893965,0.0002996338469117182,1078.5694417079687
1.499999999999659,0.00482349220004863,1038.682829361067,1.5000000000005116,0.00030327773571917625,1086.66448567174
1.5111111111107673,0.0047929558944004615,1046.4093929076248,1.5111111111116264,0.00030682403849849625,1094.760086808515
1.522222222221876,0.0047616574645679985,1054.1361617339892,1.5222222222227413,0.000310256814786529,1102.856187223008
1.5333333333329846,0.004729701765244012,1061.8631139671204,1.5333333333338561,0.00031356535549376536,1110.952720115154
1.5444444444440932,0.004697230502690965,1069.5902292288993,1.5444444444449712,0.00031674532130246196,1119.049614235819
1.5555555555552019,0.0046644195522044145,1077.317490691912,1.555555555556086,0.00031979949911006513,1127.1467989510936
1.5666666666663103,0.004631473902158169,1085.0448870803928,1.566666666667201,0.00032273809750350515,1135.244209600635
1.577777777777419,0.004598620472201818,1092.7724144899103,1.5777777777783157,0.00032557853224945656,1143.34179280445
1.5888888888885275,0.004566099190252527,1100.5000779027187,1.5888888888894308,0.0003283446878844341,1151.439511351272
1.5999999999996362,0.004534152829592363,1108.2278922866378,1.6000000000005457,0.0003310656802887025,1159.537348294631
1.6111111111107448,0.0045030161959710175,1115.9558831847526,1.6111111111116605,0.0003337741856381581,1167.6353098979857
1.6222222222218532,0.004472905307829651,1123.68408673151,1.6222222222227753,0.00033650444049367035,1175.7334271175096
1.6333333333329618,0.004444007224470867,1131.4125490671306,1.6333333333338904,0.0003392900522257203,1183.8317553982265
1.6444444444440705,0.00441647114332227,1139.1413251646068,1.6444444444450053,0.00034216178405355283,1191.9303726879002
1.655555555555179,0.004390401307942942,1146.8704771283715,1.65555555555612,0.000345145490303804,1200.0293757358882
1.6666666666662877,0.004365852147076526,1154.600072066337,1.666666666667235,0.0003482603716908802,1208.128874922577
1.6777777777773961,0.004342825910612481,1162.3301796723756,1.67777777777835,0.0003515176962050325,1216.2289880321562
1.6888888888885047,0.004321272893828497,1170.0608696797867,1.6888888888894649,0.0003549200901339389,1224.3298335074373
1.6999999999996134,0.0043010941627105335,1177.792209354644,1.7000000000005797,0.00035846145039474913,1232.4315237854316
1.711111111110722,0.004282146527246093,1185.5242611900474,1.7111111111116946,0.00036212747058633136,1240.5341592937734
1.7222222222218306,0.004264249371533595,1193.2570809393972,1.7222222222228096,0.0003658967168279623,1248.6378235945967
1.733333333332939,0.004247192850770075,1200.9907160923121,1.7333333333339245,0.000369742142721056,1256.7425800128367
1.7444444444440477,0.004230746911903973,1208.7252048554628,1.7444444444450393,0.0003736329007937584,1264.8484699087408
1.7555555555551563,0.004214670587558136,1216.4605756576916,1.7555555555561542,0.00037753629288104346,1272.9555125797765
1.766666666666265,0.004198721047231983,1224.196847159232,1.7666666666672692,0.0003814197035522113,1281.0637066299728
1.7777777777773736,0.0041826619574847285,1231.9340287121934,1.777777777778384,0.0003852523762428271,1289.173032539737
1.788888888888482,0.0041662707933923454,1239.6721211959923,1.788888888889499,0.0003890069172902345,1297.2834561105017
1.7999999999995906,0.0041493448462542725,1247.4111181376147,1.8000000000006138,0.0003926604444713087,1305.3949324414425
1.8111111111106992,0.0041317057774452595,1255.151007021842,1.8111111111117286,0.0003961953302140916,1313.5074101104585
1.8222222222218079,0.004113202667439011,1262.891770699367,1.8222222222228437,0.00039959952253433594,1321.6208352675067
1.8333333333329163,0.004093713596569544,1270.6333888090924,1.8333333333339585,0.00040286645693504865,1329.735155395674
1.8444444444440249,0.004073145866438144,1278.3758391429424,1.8444444444450734,0.00040599459871891696,1337.8503225471693
1.8555555555551335,0.004051435026321654,1286.1190988954852,1.8555555555561882,0.00040898667659889574,1345.9662959137659
1.8666666666662421,0.004028542907284075,1293.8631457551942,1.8666666666673033,0.00041184868461648105,1354.0830436425888
1.8777777777773508,0.004004454888788757,1301.6079588083292,1.8777777777784181,0.000414588739786833,1362.2005438581202
1.8888888888884592,0.003979176629988136,1309.3535192395366,1.888888888889533,0.00041721588727995553,1370.3187848997868
1.8999999999995678,0.0039527304924689595,1317.0998108250346,1.9000000000006478,0.00041973894316900515,1378.4377648307234
1.9111111111106764,0.003925151865202852,1324.8468202244344,1.911111111111763,0.000422165456951607,1386.5574903155702
1.922222222221785,0.003896485578036966,1332.5945370858324,1.9222222222228778,0.0004245008626880143,1394.677975000748
1.9333333333328937,0.0038667825595234085,1340.3429539856986,1.9333333333339926,0.00042674786967577524,1402.7992375565518
1.944444444444002,0.003836096860466853,1348.0920662303051,1.9444444444451074,0.0004289061225262859,1410.9212995538173
1.9555555555551107,0.003804483128429245,1355.8418715489715,1.9555555555562225,0.00043097213810791145,1419.0441833472346
1.9666666666662194,0.0037719945825955793,1363.5923697112628,1.9666666666673374,0.0004329395050169215,1427.1679101225373
1.977777777777328,0.0037386815046985553,1371.343562100501,1.9777777777784522,0.0004347993118951582,1435.2924982376326
1.9888888888884366,0.0037045902316669953,1379.095451274673,1.988888888889567,0.0004365407555801328,1443.4179619515319
1.999999999999545,0.0036697626105009406,1386.848040543146,2.000000000000682,0.00043815186979987076,1451.5443105941197
2.0111111111106537,0.003634235856384906,1394.6013335838102,2.0111111111117967,0.0004396203103722673,1459.671548188843
2.0222222222217625,0.00359804274160708,1402.3553341205877,2.022222222222912,0.0004409341335143542,1467.7996735033967
2.033333333332871,0.003561212035422193,1410.110045676007,2.033333333334027,0.0004420825092947667,1475.9286804734338
2.0444444444439793,0.0035237691131752807,1417.8654714080574,2.0444444444451415,0.0004430563215070914,1484.0585589229897
2.055555555555088,0.00348573665609223,1425.6216140350716,2.0555555555562566,0.0004438486171477304,1492.1892954931263
2.0666666666661966,0.0034471353702329476,1433.3784758472934,2.0666666666673716,0.00044445488205227486,1500.3208746868083
2.0777777777773054,0.0034079846631780964,1441.1360587991644,2.0777777777784863,0.0004448731329540649,1508.4532799419526
2.088888888888414,0.003368303229049417,1448.8943646724767,2.0888888888896013,0.00044510382929950653,1516.586494654443
2.0999999999995222,0.0033281095054794696,1456.653395297413,2.100000000000716,0.00044514961979541686,1524.720503087003
2.111111111110631,0.003287421979305147,1464.4131528162038,2.111111111111831,0.00044501494828293084,1532.8552911166798
2.1222222222217395,0.0032462593303734188,1472.1736399726483,2.122222222222946,0.0004447055507373636,1540.9908467918956
2.133333333332848,0.0032046404143994296,1479.9348604100885,2.1333333333340607,0.00044422787977973816,1549.1271606883506
2.1444444444439568,0.0031625840959487207,1487.6968189604324,2.144444444445176,0.0004435884950258942,1557.2642260704688
2.155555555555065,0.003120108951108283,1495.459521907564,2.1555555555562904,0.0004427934570276673,1565.4020388804656
2.166666666666174,0.003077232866155704,1503.2229772097717,2.1666666666674055,0.0004418477597558695,1573.5405975897534
2.1777777777772824,0.0030339725635001435,1510.9871946676283,2.1777777777785206,0.00044075483193418887,1581.6799029563301
2.188888888888391,0.0029903430893723163,1518.7521860260733,2.188888888889635,0.0004395161315410509,1589.8199577366213
2.1999999999994997,0.0029463572992322663,1526.5179650020611,2.2000000000007502,0.0004381308509846827,1597.9607664005907
2.211111111110608,0.002902025376712009,1534.2845472321114,2.2111111111118653,0.00043659574336030237,1606.1023348948306
2.222222222221717,0.002857354420200015,1542.051950137278,2.22222222222298,0.00043490507331266017,1614.2446704903346
2.2333333333328254,0.002812348128012476,1549.8201927062903,2.233333333334095,0.00043305068976944207,1622.387781740369
2.2444444444439338,0.0027670066086191627,1557.5892952009394,2.2444444444452096,0.0004310222124934892,1630.5316785604848
2.2555555555550426,0.0027213263367766166,1565.3592787908797,2.2555555555563247,0.0004288073202172544,1638.676372428464
2.266666666666151,0.002675300269893419,1573.1301651279173,2.2666666666674398,0.0004263921251443448,1646.8218766880648
2.27777777777726,0.0026289181317851354,1580.901975872347,2.2777777777785544,0.0004237616167942424,1654.9682069281102
2.2888888888883683,0.0025821668634879716,1588.6747321858236,2.2888888888896695,0.00042090015740138184,1663.1153813985568
2.2999999999994767,0.0025350312333366903,1596.4484542066682,2.3000000000007845,0.0004177920111663939,1671.2634214183802
2.3111111111105855,0.0024874945914297756,1604.2231605241218,2.311111111111899,0.000414421890362053,1679.4123517267385
2.322222222221694,0.002439539747242065,1611.9988676680625,2.322222222223014,0.0004107755023693071,1687.562200728804
2.333333333332803,0.0023911499437986074,1619.7755896299593,2.333333333334129,0.00040684008291700177,1695.7130005906922
2.344444444443911,0.0023423098977234692,1627.5533374294419,2.344444444445244,0.00040260490190980296,1703.8647871435926
2.3555555555550196,0.002293006871769972,1635.3321187389868,2.355555555556359,0.00039806172909168233,1712.0175995648472
2.3666666666661285,0.0022432317451789915,1643.1119375768412,2.3666666666674736,0.000393205247318737,1720.171479812941
2.377777777777237,0.002192980047362337,1650.8927940757135,2.3777777777785887,0.00038803340140600075,1728.326471803482
2.3888888888883457,0.0021422529218522606,1658.674684332022,2.3888888888897037,0.0003825476704691054,1736.4826203240157
2.399999999999454,0.0020910579900171623,1666.4576003377547,2.4000000000008184,0.0003767532516050087,1744.6399696967035
2.4111111111105625,0.0020394100875012052,1674.2415299944778,2.4111111111119334,0.00037065914293745686,1752.7985622094238
2.4222222222216714,0.0019873318504725237,1682.0264572067192,2.422222222223048,0.00036427811484565875,1760.9584363478482
2.43333333333278,0.0019348541333416042,1689.8123620500705,2.433333333334163,0.00035762655997219025,1769.1196248737435
2.4444444444438886,0.001882016244447254,1697.5992210078662,2.444444444445278,0.0003507242157062525,1777.282152808098
2.455555555554997,0.001828865991150163,1705.3870072692316,2.455555555556393,0.0003435937574983671,1785.4460353918296
2.4666666666661055,0.0017754595307137163,1713.1756910807642,2.466666666667508,0.0003362602676516208,1793.611276111195
2.4777777777772143,0.001721861028216906,1720.9652401438855,2.477777777778623,0.0003287505919926557,1801.7778648887584
2.4888888888883227,0.0016681421274910005,1728.7556200501476,2.4888888888897376,0.0003210926056198255,1809.945776552395
2.4999999999994316,0.001614381245670352,1736.5467947472614,2.5000000000008527,0.00031331441803689316,1818.1149697020544
2.51111111111054,0.0015606627063673535,1744.338727029289,2.5111111111119673,0.0003054435564312056,1826.2853860944417
2.5222222222216484,0.0015070757306764144,1752.1313790452868,2.5222222222230823,0.0002975061724921911,1834.4569506567595
2.5333333333327572,0.001453713309111799,1759.9247128214358,2.5333333333341974,0.0002895263217971043,1842.629572219953
2.5444444444438656,0.0014006709810899835,1767.7186907924086,2.544444444445312,0.0002815253643707569,1850.803145028754
2.5555555555549745,0.0013480455515521668,1775.5132763381691,2.555555555556427,0.0002735215298663533,1858.9775510408583
2.566666666666083,0.0012959337766396352,1783.308434322545,2.5666666666675417,0.00026552968078173304,1867.1526629739694
2.5777777777771913,0.0012444310518288102,1791.1041316296848,2.577777777778657,0.0002575612927741041,1875.3283480023053
2.5888888888883,0.0011936301364562244,1798.9003376938147,2.588888888889772,0.0002496246537337104,1883.5044719500745
2.5999999999994086,0.0011436199479925291,1806.6970250165873,2.6000000000008865,0.00024172526468444557,1891.6809037855746
2.6111111111105174,0.0010944844576749992,1814.4941696647643,2.6111111111120016,0.00023386640799750717,1899.8575201917831
2.622222222221626,0.0010463017161488136,1822.291751739021,2.6222222222231166,0.00022604983401867438,1908.0342099813222
2.6333333333327342,0.0009991430336299134,1830.0897558025429,2.6333333333342313,0.00021827650781660403,1916.210878135986
2.644444444443843,0.0009530723338842656,1837.8881712557964,2.6444444444453463,0.00021054735445285338,1924.387449280581
2.6555555555549515,0.0009081456951835459,1845.686992641755,2.655555555556461,0.00020286394417157893,1932.5638704424773
2.6666666666660603,0.0008644110845702479,1853.486219864057,2.666666666667576,0.00019522906754625418,1940.7401129950656
2.6777777777771687,0.000821908284522343,1861.285858299344,2.677777777778691,0.0001876471635216132,1948.9161737288473
2.688888888888277,0.0007806690037657781,1869.0859187846186,2.6888888888898057,0.00018012457862619108,1957.0920750330226
2.699999999999386,0.0007407171568859577,1876.8864174609964,2.7000000000009208,0.00017266965145399383,1965.2678642004028
2.7111111111104944,0.0007020692908931815,1884.6873754569474,2.711111111112036,0.00016529263104474585,1973.4436118887972
2.7222222222216033,0.0006647351313548442,1892.4888183970404,2.7222222222231505,0.00015800544965067018,1981.6194097846644
2.7333333333327117,0.000628718216452399,1900.2907757264443,2.7333333333342655,0.00015082137871282557,1989.7953675226122
2.74444444444382,0.0005940165846492186,1908.0932798469378,2.74444444444538,0.0001437546013948058,1997.9716089213578
2.755555555554929,0.0005606234808043541,1915.8963650669978,2.7555555555564952,0.00013681973596664003,2006.1482676062903
2.7666666666660373,0.000528528046695511,1923.700066376574,2.7666666666676103,0.00013003134233701053,2014.325482103607
2.777777777777146,0.0004977159650797565,1931.5044180665864,2.777777777778725,0.0001234034399997414,2022.503390512384
2.7888888888882546,0.00046817003155720266,1939.3094522238011,2.78888888888984,0.00011694906058923516,2030.6821248886108
2.799999999999363,0.00043987063540543874,1947.1151971439565,2.800000000000955,0.00011067985305727829,2038.861805506947
2.811111111110472,0.00041279613886302996,1954.9216757194545,2.8111111111120697,0.00010460575490141878,2047.0425351979572
2.8222222222215803,0.0003869231535479616,1962.7289038728873,2.8222222222231848,9.873473927899668e-05,2055.2243939849213
2.833333333332689,0.0003622267221498887,1970.536889123472,2.8333333333342994,9.307264524261636e-05,2063.4074342581794
2.8444444444437975,0.00033868042247053377,1978.3456293896704,2.8444444444454144,8.762309639332188e-05,2071.591676718556
2.855555555554906,0.0003162564184804418,1986.1551121465957,2.8555555555565295,8.238751137883699e-05,2079.7771072876762
2.8666666666660148,0.0002949254884972054,1993.9653140697812,2.866666666667644,7.73652071982166e-05,2087.9636751171765
2.877777777777123,0.00027465706315429677,2001.776201305496,2.877777777778759,7.255359267201679e-05,2096.1512917303126
2.888888888888232,0.0002554193050079946,2009.587730510083,2.888888888889874,6.7948444488532e-05,2104.3398312034255
2.8999999999993404,0.00023717925721901935,2017.399850795006,2.900000000000989,6.354425219719459e-05,2112.529131152972
2.911111111110449,0.00021990308094212307,2025.2125066994727,2.911111111112104,5.933461213365987e-05,2120.7189941532806
2.9222222222215577,0.00020355639050965687,2033.0256422889343,2.9222222222232186,5.531264464372904e-05,2128.9091890912323
2.933333333332666,0.00018810468329506384,2040.8392064470197,2.9333333333343337,5.147140537460582e-05,2137.099451885037
2.944444444443775,0.0001735138487316924,2048.653159393466,2.9444444444454487,4.7804260898973587e-05,2145.2894849689797
2.9555555555548834,0.00015975072996074772,2056.4674804241013,2.9555555555565634,4.4305202146244354e-05,2153.4789549791612
2.9666666666659918,0.00014678370354263042,2064.282176832603,2.9666666666676784,4.0969076003449926e-05,2161.6674881633426
2.9777777777771006,0.0001345832388001942,2072.0972939346143,2.977777777778793,3.7791725296390246e-05,2169.8546631707663
2.988888888888209,0.00012312239928294628,2079.912926062157,2.988888888889908,3.477003887791255e-05,2178.040001044269
2.999999999999318,0.00011237725436676626,2087.7292283067704,3.000000000001023,3.1901925091276394e-05,2186.222952431649
3.0111111111104263,0.00010232717805671425,2095.546428620173,3.011111111112138,2.9186231707427603e-05,2194.4028822675364
3.0222222222215347,9.29550226493884e-05,2103.364839561296,3.022222222223253,2.6622641958087905e-05,2202.579052491691
3.0333333333326435,8.424716416299413e-05,2111.184868399958,3.033333333334368,2.421157818821717e-05,2210.750603858642
3.044444444443752,7.619342064344376e-05,2119.007023299992,3.0444444444454826,2.1954140929862913e-05,2218.916538736182
3.055555555554861,6.878683911869165e-05,2126.8319117277124,3.0555555555565976,1.985210104728564e-05,2227.075708296623
3.066666666665969,6.202332716960296e-05,2134.660224926169,3.0666666666677123,1.7907945134838265e-05,2235.2268101482005
3.0777777777770776,5.5901066687096924e-05,2142.4926993678346,3.0777777777788273,1.612494825775069e-05,2243.368406813697
3.0888888888881865,5.041959067661073e-05,2150.330043355457,3.0888888888899424,1.4507211686889938e-05,2251.4989818593313
3.099999999999295,4.5578341710887155e-05,2158.17281665899,3.100000000001057,1.3059555927820878e-05,2259.617057864343
3.1111111111104037,4.1374501345787985e-05,2166.021257741017,3.111111111112172,1.1787107408172984e-05,2267.7214039974583
3.122222222221512,3.779995909466604e-05,2173.8750726893595,3.122222222223287,1.0694386667668114e-05,2275.8113489521625
3.1333333333326205,3.483757325277671e-05,2181.7332348023456,3.133333333334402,9.783758422033442e-06,2283.88716925082
3.1444444444437294,3.245739351325546e-05,2189.5938819863904,3.144444444445517,9.053328068865071e-06,2291.9504352687286
3.155555555554838,3.0614079045829576e-05,2197.454407434737,3.1555555555566315,8.494791672255875e-06,2300.004108265728
3.1666666666659467,2.9246899087063776e-05,2205.311781176745,3.1666666666677465,8.092165143267281e-06,2308.052200102612
3.177777777777055,2.8283028460492077e-05,2213.1630255813257,3.1777777777788616,7.822288327559311e-06,2316.099016454965
3.1888888888881635,2.7643523189001775e-05,2221.005675186254,3.1888888888899762,7.657264846788223e-06,2324.1482885652695
3.1999999999992723,2.725023506592116e-05,2228.8380614291136,3.2000000000010913,7.568000185918963e-06,2332.2025848892154
3.2111111111103807,2.7031770585244593e-05,2236.6593665890505,3.211111111112206,7.527554440458805e-06,2340.263187940923
3.2222222222214896,2.6927361990043285e-05,2244.4695000267097,3.222222222223321,7.513393427190063e-06,2348.330340855065
3.233333333332598,2.6888509454066824e-05,2252.2688949827566,3.233333333334436,7.508319928833048e-06,2356.403645067937
3.2444444444437064,2.6878894280076406e-05,2260.058307601395,3.2444444444455507,7.5003547355406205e-06,2364.4824354783336
3.2555555555548152,2.6873236124060265e-05,2267.838660212717,3.2555555555566658,7.48197929427847e-06,2372.566056749228
3.2666666666659236,2.685565091138931e-05,2275.6109381316724,3.266666666667781,7.44908963535211e-06,2380.654033395282
3.2777777777770325,2.681786588708563e-05,2283.3761319014593,3.2777777777788955,7.399900960552274e-06,2388.7461542428027
3.288888888888141,2.6757479414643873e-05,2291.1352114544743,3.2888888888900105,7.3339556546810076e-06,2396.8424954963366
3.2999999999992493,2.667634828594535e-05,2298.8891192577566,3.300000000001125,7.251332716368985e-06,2404.9434022750206
3.311111111110358,2.6579135653147323e-05,2306.6387721741953,3.31111111111224,7.152118859608863e-06,2413.049444106283
3.3222222222214666,2.6472037858317206e-05,2314.3850646697997,3.3222222222233553,7.036166742057375e-06,2421.1613572719048
3.3333333333325754,2.6361709512581947e-05,2322.1288685919,3.33333333333447,6.903128730243447e-06,2429.279985023139
3.344444444443684,2.625440938779964e-05,2329.871027016405,3.344444444445585,6.752718432618118e-06,2437.4062239768123
3.3555555555547922,2.615538670614812e-05,2337.6123416697264,3.3555555555567,6.58512375062154e-06,2445.5409807083197
3.366666666665901,2.6068515053243008e-05,2345.353555121532,3.3666666666678147,6.4014796453842855e-06,2453.685136949165
3.3777777777770095,2.5996160804940188e-05,2353.095330162931,3.3777777777789297,6.20430655052729e-06,2461.8395158216936
3.3888888888881183,2.5939249529165404e-05,2360.8382293732693,3.3888888888900444,5.997826974434525e-06,2470.00483637865
3.3999999999992268,2.5897473731961556e-05,2368.582697792274,3.4000000000011594,5.78808216164006e-06,2478.181640844411
3.411111111110335,2.5869574207164427e-05,2376.3290509751523,3.4111111111122745,5.582779323548236e-06,2486.370180869581
3.422222222221444,2.5853628078204877e-05,2384.0774697670713,3.422222222223389,5.390812091870803e-06,2494.5702598931775
3.4333333333325524,2.5847288895577072e-05,2391.828002168618,3.433333333334504,5.221427414219168e-06,2502.7810525405566
3.4444444444436613,2.5847944460800283e-05,2399.5805718777187,3.4444444444456193,5.083082822602592e-06,2511.0009570991356
3.4555555555547697,2.585278142059155e-05,2407.3349925647126,3.455555555556734,4.982157993923531e-06,2519.227566378505
3.466666666665878,2.5858767121599305e-05,2415.090986637276,3.466666666667849,4.921817546820089e-06,2527.457832600619
3.477777777776987,2.586257489058279e-05,2422.848207102448,3.4777777777789636,4.901375106242647e-06,2535.688430420736
3.4888888888880953,2.5860486732555326e-05,2430.6062610652807,3.4888888888900786,4.91639267084497e-06,2543.9162174349412
3.499999999999204,2.5848307240284277e-05,2438.364733389756,3.5000000000011937,4.959486612141514e-06,2552.1386315794234
3.5111111111103126,2.5821315743261237e-05,2446.1232090998515,3.5111111111123083,5.021556674976136e-06,2560.353902431267
3.522222222221421,2.5774272965152754e-05,2453.8812932443197,3.5222222222234234,5.093061379941303e-06,2568.561054893118
3.53333333333253,2.5701486695319486e-05,2461.6386272023824,3.5333333333345385,5.165049523724341e-06,2576.7597687596785
3.5444444444436383,2.5596930895009907e-05,2469.394900753461,3.544444444445653,5.2298214561673375e-06,2584.950182098804
3.555555555554747,2.5454406048670098e-05,2477.1498596281526,3.555555555556768,5.281230815367373e-06,2593.1327038909953
3.5666666666658555,2.526772605667013e-05,2484.903308642333,3.566666666667883,5.314707683269135e-06,2601.307866175169
3.577777777776964,2.503091804607319e-05,2492.655110840276,3.577777777778998,5.327100139437766e-06,2609.476219742276
3.588888888888073,2.4738424863225763e-05,2500.4051833044296,3.588888888890113,5.31641988115014e-06,2617.6382646397506
3.599999999999181,2.4385304107386118e-05,2508.153490421202,3.6000000000012276,5.281558681871243e-06,2625.794403441358
3.6111111111102896,2.396742091917455e-05,2515.9000354348013,3.6111111111123426,5.2220251044164104e-06,2633.9449064673804
3.6222222222213984,2.3481633381102812e-05,2523.644851095559,3.6222222222234572,5.1377374698073785e-06,2642.0898806821892
3.633333333332507,2.2925968976382237e-05,2531.387990138374,3.6333333333345723,5.028899295157986e-06,2650.229236331051
3.6444444444436157,2.2299788346338365e-05,2539.129516230276,3.6444444444456874,4.895976471234221e-06,2658.362647048978
3.655555555554724,2.160392929642945e-05,2546.869495919002,3.655555555556802,4.739790909706184e-06,2666.489500333883
3.6666666666658325,2.084082056921064e-05,2554.6079920076327,3.666666666667917,4.561743141005933e-06,2674.6088366153085
3.6777777777769414,2.0014552279235045e-05,2562.3450586813756,3.677777777779032,4.364176046276747e-06,2682.7192782581706
3.6888888888880498,1.9130888860341275e-05,2570.0807386257084,3.6888888888901468,4.150891600902508e-06,2690.818958134538
3.6999999999991586,1.8197211384114147e-05,2577.8150622999174,3.700000000001262,3.927825340919606e-06,2698.9054777171227
3.711111111110267,1.7222379306476404e-05,2585.548049459116,3.7111111111123765,3.7038503958516924e-06,2706.975968532542
3.7222222222213754,1.6216506911953895e-05,2593.279712933456,3.7222222222234915,3.4915819402674666e-06,2715.027409179143
3.7333333333324843,1.5190656531233985e-05,2601.0100645442963,3.7333333333346066,3.3078152289205292e-06,2723.057440571031
3.7444444444435927,1.4156458419021852e-05,2608.739122816511,3.744444444445721,3.1728324368004612e-06,2731.0658779350524
3.7555555555547016,1.3125675303667214e-05,2616.4669217717124,3.7555555555568363,3.107543942972044e-06,2739.056601344781
3.76666666666581,1.2109737289062262e-05,2624.1935194871726,3.7666666666679514,3.12817292790771e-06,2747.038428092348
3.7777777777769184,1.1119279148376067e-05,2631.919004214995,3.777777777779066,3.2405102669041233e-06,2755.02323440614
3.788888888888027,1.0163716136585866e-05,2639.6434946442037,3.788888888890181,3.437511631426369e-06,2763.0218014004167
3.7999999999991356,9.25089522705504e-06,2647.3671293936286,3.8000000000012957,3.701870160288492e-06,2771.040512274337
3.8111111111102445,8.38685522834347e-06,2655.0900391814075,3.8111111111124107,4.0111638767013565e-06,2779.0809781896605
3.822222222221353,7.57572124095703e-06,2662.8122935515376,3.822222222223526,4.342292829083003e-06,2787.141651843867
3.8333333333324613,6.8197474615793225e-06,2670.53381278347,3.8333333333346404,4.673971969511591e-06,2795.2196233674736
3.84444444444357,6.119510934110216e-06,2678.2542347681915,3.8444444444457555,4.987724440724575e-06,2803.3117707093716
3.8555555555546785,5.474254133477576e-06,2685.97272607378,3.8555555555568706,5.268140643841736e-06,2811.415286069206
3.8666666666657874,4.8823859222548125e-06,2693.687726090669,3.866666666667985,5.502889620849138e-06,2819.5278339256038
3.877777777776896,4.342189526526512e-06,2701.396614806548,3.8777777777791003,5.682684829602353e-06,2827.6475425337653
3.888888888888004,3.8528609952827956e-06,2709.095308177916,3.888888888890215,5.801251826593182e-06,2835.7729386076116
3.899999999999113,3.41610470710954e-06,2716.777846683901,3.90000000000133,5.855284472757417e-06,2843.9028741800867
3.9111111111102215,3.0385729751516082e-06,2724.4362606128852,3.911111111112445,5.844361144770637e-06,2852.0364640746247
3.9222222222213303,2.735163261576374e-06,2732.0615922585935,3.9222222222235597,5.770795646167571e-06,2860.1730392491418
3.9333333333324387,2.531782540348118e-06,2739.647927972947,3.9333333333346747,5.639406839642081e-06,2868.3121164083773
3.944444444443547,2.4629837136739677e-06,2747.200530424619,3.9444444444457893,5.457201691185533e-06,2876.4533829097572
3.955555555554656,2.559095908853467e-06,2754.741632016905,3.9555555555569044,5.232976747954334e-06,2884.5966957865594
3.9666666666657644,2.82926122490885e-06,2762.301021389105,3.9666666666680195,4.976852537895251e-06,2892.7420934842007
3.9777777777768732,3.258614390143102e-06,2769.897589579515,3.977777777779134,4.699763806256616e-06,2900.8898178402515
3.9888888888879817,3.820634344248656e-06,2777.533873208213,3.988888888890249,4.412935662993195e-06,2909.0403411807874
3.99999999999909,4.48839767398902e-06,2785.2034140371693,4.000000000001364,4.127380929385855e-06,2917.194388478007
4.011111111110199,5.238145585138283e-06,2792.897971363147,4.011111111112479,3.853455610720295e-06,2925.3529372061275
4.022222222221307,6.048654479251632e-06,2800.6105484559002,4.0222222222235935,3.6005044808744813e-06,2933.51716944935
4.033333333332416,6.899851389975508e-06,2808.3359408459437,4.033333333334709,3.376613356430219e-06,2941.6883469780682
4.044444444443525,7.771886243308192e-06,2816.0704621033487,4.044444444445824,3.188456854768512e-06,2949.867589867442
4.055555555554633,8.644795546786546e-06,2823.811541144223,4.055555555556938,3.0411964127397565e-06,2958.0555736293327
4.066666666665742,9.498614013620455e-06,2831.557387001018,4.066666666668054,2.938363040326524e-06,2966.2522194791572
4.07777777777685,1.0313773490508571e-05,2839.3067468361955,4.077777777779168,2.8816808523357205e-06,2974.456510023693
4.088888888887959,1.1071663160794233e-05,2847.0587398938533,4.088888888890283,2.87086014748768e-06,2982.6665609407964
4.099999999999068,1.175525785777542e-05,2854.812745584627,4.1000000000013985,2.9034719155896252e-06,2990.8799763630063
4.111111111110176,1.2349744951468344e-05,2862.568328410457,4.111111111112513,2.9750342006475167e-06,2999.0943580028443
4.122222222221285,1.2843096964781875e-05,2870.325187582428,4.122222222223628,3.079362401648273e-06,3007.3077514943825
4.133333333332393,1.322654978167444e-05,2878.0831231380407,4.133333333334743,3.209118752134233e-06,3015.51887314137
4.144444444443502,1.3494956993378221e-05,2885.8420130633735,4.144444444445858,3.356429777594504e-06,3023.727101681107
4.155555555554611,1.3647000623445e-05,2893.6017976654925,4.1555555555569725,3.513452733956269e-06,3031.9323229909073
4.166666666665719,1.3685247582105266e-05,2901.362468503513,4.166666666668087,3.6728250091135653e-06,3040.1347325033576
4.177777777776828,1.3616049739653287e-05,2909.124059775815,4.177777777779203,3.8279786934585855e-06,3048.3346631901236
4.188888888887936,1.3449293266752526e-05,2916.886640311539,4.188888888890317,3.97332873843625e-06,3056.5324640197587
4.1999999999990445,1.3198009545109555e-05,2924.6503043265684,4.200000000001432,4.104352240953998e-06,3064.728427291894
4.211111111110154,1.2877865169625956e-05,2932.4151589797507,4.211111111112547,4.217578186756012e-06,3072.922753371772
4.222222222221262,1.2506552106012577e-05,2940.1813066554582,4.222222222223662,4.310507435470556e-06,3081.1155408690647
4.233333333332371,1.2103100951960667e-05,2947.9488200564165,4.233333333334777,4.381483518342224e-06,3089.30679314606
4.244444444443479,1.1687140948936535e-05,2955.7177090056753,4.244444444445892,4.429535398605256e-06,3097.4964350514056
4.255555555554587,1.1278131031406628e-05,2963.487879815298,4.255555555557007,4.454212662843554e-06,3105.684335879769
4.266666666665696,1.089458854378936e-05,2971.2590915458386,4.266666666668121,4.4554310168505765e-06,3113.8703356870997
4.277777777776805,1.0553348108171964e-05,2979.0309182109154,4.277777777779237,4.433341514868654e-06,3122.0542725342875
4.2888888888879135,1.0268892816346206e-05,2986.8027304826733,4.288888888890352,4.388231398616128e-06,3130.2360083251747
4.299999999999022,1.0052810175314523e-05,2994.573711749503,4.300000000001466,4.320458910635712e-06,3138.415450907216
4.31111111111013,9.913428209714579e-06,3002.3429181048114,4.311111111112581,4.230420122297128e-06,3146.5925701550923
4.322222222221239,9.855673340039658e-06,3010.1093790290647,4.322222222223696,4.118543415002799e-06,3154.7674058815232
4.333333333332348,9.881157521983846e-06,3017.872219296718,4.333333333334811,3.98530683163594e-06,3162.9400655372756
4.3444444444434565,9.988456933860694e-06,3025.63077148366,4.344444444445926,3.831274445374116e-06,3171.11070961525
4.355555555554565,1.0173508326889288e-05,3033.3846497014697,4.355555555557041,3.657149123877485e-06,3179.279522218454
4.366666666665673,1.0430039933024013e-05,3041.1337689250695,4.366666666668156,3.4638395890139884e-06,3187.446663018515
4.377777777776782,1.074997398246924e-05,3048.878312898268,4.37777777777927,3.2525390537487533e-06,3195.61219421803
4.388888888887891,1.1123773398637166e-05,3056.618667672651,4.388888888890386,3.0248116121341874e-06,3203.7759710946957
4.399999999998999,1.1540737189385273e-05,3064.3553424603388,4.4000000000015005,2.7826832045786765e-06,3211.9374753547977
4.411111111110108,1.1989265936901591e-05,3072.088895822365,4.411111111112615,2.5287409704015235e-06,3220.0955532999446
4.422222222221216,1.2457120182330067e-05,3079.8198776616773,4.422222222223731,2.266266874339139e-06,3228.2479890553323
4.433333333332325,1.2931686759104236e-05,3087.5487901569572,4.433333333334845,1.999486092991091e-06,3236.3907857853646
4.444444444443434,1.3400258311901805e-05,3095.2760658008797,4.44444444444596,1.7341343247735338e-06,3244.5169371138495
4.455555555554542,1.3850323669111835e-05,3103.0020583835453,4.455555555557075,1.4788118309552165e-06,3252.614415623839
4.466666666665651,1.426986264337147e-05,3110.72704239846,4.46666666666819,1.2480518292030571e-06,3260.6636700409654
4.477777777776759,1.4647637538989316e-05,3118.451217048476,4.477777777779305,1.0680555560464122e-06,3268.6389759289177
4.4888888888878675,1.4973473861793976e-05,3126.174712093095,4.488888888890419,9.811343636876477e-07,3276.530394316069
4.499999999998977,1.5238523359736298e-05,3133.897593798636,4.500000000001535,1.0297660591466037e-06,3284.390079456671
4.511111111110085,1.5435502946050252e-05,3141.619870058875,4.511111111112649,1.2196122551789573e-06,3292.3067914488583
4.522222222221194,1.555890309064174e-05,3149.341494320094,4.522222222223764,1.522161082607723e-06,3300.312490351406
4.533333333332302,1.5605159026989714e-05,3157.0623683133786,4.5333333333348795,1.908466710091696e-06,3308.388068973218
4.5444444444434104,1.557277786739697e-05,3164.7823438321457,4.544444444445994,2.3603707508515505e-06,3316.5078323152356
4.55555555555452,1.5462414716183973e-05,3172.5012239549064,4.555555555557109,2.866279536094501e-06,3324.653622901754
4.566666666665628,1.527689131160022e-05,3180.218764251545,4.566666666668224,3.4163170434549883e-06,3332.8142195640125
4.577777777776737,1.5021151686331478e-05,3187.934674660762,4.577777777779339,3.999567454923066e-06,3340.9828644627096
4.588888888887845,1.4702150757565407e-05,3195.648622905311,4.5888888888904535,4.602825640080861e-06,3349.1554906072524
4.599999999998953,1.432867347967296e-05,3203.360240517595,4.600000000001569,5.210241834593923e-06,3357.3296505673316
4.611111111110063,1.3911084012176833e-05,3211.0691327465092,4.611111111112684,5.803509920700815e-06,3365.503882532374
4.622222222221171,1.3461006130945974e-05,3218.774893725041,4.622222222223798,6.362404868346499e-06,3373.677330335201
4.6333333333322795,1.299093790934998e-05,3226.47712814978,4.633333333334913,6.8655501552832365e-06,3381.8495119217732
4.644444444443388,1.2513805965965728e-05,3234.175480141175,4.644444444446028,7.291330618829035e-06,3390.020176764373
4.655555555554496,1.2042468262434612e-05,3241.869668667099,4.655555555557143,7.6188817685403324e-06,3398.1892180180525
4.666666666665606,1.158918089158407e-05,3249.5595267587955,4.666666666668258,7.829093729665426e-06,3406.3566193749907
4.677777777776714,1.116505474060631e-05,3257.2450388790735,4.677777777779373,7.905572126706911e-06,3414.5224249150233
4.688888888887822,1.0779542272897667e-05,3264.926367965392,4.688888888890488,7.835502248995608e-06,3422.6867256420646
4.699999999998931,1.0440010047069545e-05,3272.6038623217646,4.7000000000016025,7.610368304297296e-06,3430.8496605978403
4.711111111110039,1.0151462402173287e-05,3280.27803443409,4.711111111112718,7.226487245195301e-06,3439.011435086601
4.7222222222211485,9.916477193658689e-06,3287.949509893038,4.722222222223833,6.685326996278853e-06,3447.172366356668
4.733333333332257,9.735389193508004e-06,3295.6189537767477,4.733333333334947,5.993592627072201e-06,3455.332985054474
4.744444444443365,9.606712578346383e-06,3303.2869905198,4.744444444446063,5.163083767425627e-06,3463.4942715513803
4.755555555554474,9.527742905934192e-06,3310.954137167814,4.755555555557177,4.2103641825622844e-06,3471.6582793294438
4.766666666665582,9.495238481881598e-06,3318.6207667081826,4.766666666668292,3.1564024966535873e-06,3479.830145835153
4.777777777776691,9.506064195919012e-06,3326.287109229816,4.7777777777794075,2.0270126962817767e-06,3488.0271710430907
4.7888888888878,9.557690172428265e-06,3333.95328793527,4.788888888890522,8.637973262253761e-07,3496.362484217781
4.799999999998908,9.648465948310532e-06,3341.619378385391,4.800000000001637,4.858899993940861e-07,3506.7127788885246
4.811111111110017,9.777628783600628e-06,3349.2854747533856,4.811111111112751,1.6397682956339515e-06,3515.2917684171925
4.822222222221125,9.945045664502658e-06,3356.9517463742955,4.822222222223867,2.8217932586722e-06,3523.5023089005954
4.833333333332234,1.0150729743758549e-05,3364.6184708131177,4.8333333333349815,3.9610711252027715e-06,3531.6674120430725
4.844444444443343,1.0394210605803644e-05,3372.2860353681644,4.844444444446096,5.032809370907396e-06,3539.816787426137
4.855555555554451,1.0673867733690102e-05,3379.9549065302185,4.855555555557212,6.0188441616415905e-06,3547.9579922098706
4.86666666666556,1.098634898284208e-05,3387.6255748224194,4.866666666668326,6.905587680005183e-06,3556.0938780937618
4.877777777776668,1.1326183905647023e-05,3395.2984882855053,4.877777777779441,7.683710763812668e-06,3564.225834972751
4.888888888887777,1.1685666321834886e-05,3402.973989558762,4.888888888890556,8.347887509163168e-06,3572.3547143808632
4.899999999998886,1.2055031692890568e-05,3410.6522685714926,4.900000000001671,8.896379579447336e-06,3580.4811677330244
4.911111111109994,1.2422907376145321e-05,3418.3333368905446,4.911111111112786,9.330448765218986e-06,3588.605792946261
4.9222222222211025,1.2776979744658915e-05,3426.0170234602633,4.922222222223901,9.653646941567622e-06,3596.7292043790385
4.933333333332211,1.3104805956292106e-05,3433.7029870860197,4.933333333335016,9.871059821335767e-06,3604.852065632434
4.94444444444332,1.3394696993450522e-05,3441.390739432327,4.94444444444613,9.988592018962443e-06,3612.975100767635
4.955555555554429,1.3636605918017293e-05,3449.079673117667,4.955555555557246,1.0012377409972701e-05,3621.0990913795936
4.966666666665537,1.3822964621905936e-05,3456.7690916773226,4.9666666666683605,9.948380491104104e-06,3629.224864476059
4.977777777776645,1.3949419286332846e-05,3464.458240775855,4.977777777779475,9.802223584014813e-06,3637.353275624828
4.988888888887754,1.4015417093178088e-05,3472.1463424598555,4.98888888889059,9.579236712156842e-06,3645.485191786796
4.999999999998863,1.4024593888408378e-05,3479.832636085833,5.000000000001705,9.284689618500145e-06,3653.621477931483
5.0111111111099715,1.3984905259085905e-05,3487.516430479401,5.01111111111282,8.924136651455274e-06,3661.7629907331116
5.02222222222108,1.3908434651253448e-05,3495.1971712594727,5.0222222222239346,8.503790805927203e-06,3669.9105815294206
5.033333333332188,1.3810808237342559e-05,3502.8745241097577,5.03333333333505,8.030844925514837e-06,3678.065109650127
5.044444444443297,1.3710159273222965e-05,3510.548468083743,5.044444444446165,7.5136740262066135e-06,3686.227466575656
5.055555555554406,1.362563149488852e-05,3518.219382837304,5.055555555557279,6.961878542375628e-06,3694.398611477288
5.0666666666655145,1.3575505642211645e-05,3525.8881028779406,5.066666666668395,6.386159112999196e-06,3702.579619722339
5.077777777776623,1.3575169450173865e-05,3533.5559072857145,5.0777777777795094,5.7980453932075875e-06,3710.77174801839
5.088888888887731,1.3635285075240031e-05,3541.2244231461455,5.088888888890624,5.2095321189929205e-06,3718.976522941033
5.09999999999884,1.3760560018936476e-05,3548.89544758014,5.10000000000174,4.632704728899515e-06,3727.1958627732606
5.111111111109949,1.3949430597395044e-05,3556.570726397336,5.111111111112854,4.079464117168075e-06,3735.4322422111845
5.122222222221057,1.4194730044223307e-05,3564.2517472351788,5.122222222223969,3.5614821924586886e-06,3743.688893383831
5.133333333332166,1.4485139779661573e-05,3571.939597840316,5.1333333333350835,3.0905196606074247e-06,3751.969970395343
5.144444444443274,1.4807042665403329e-05,3579.634911030348,5.144444444446199,2.679154908554495e-06,3760.280409454041
5.155555555554383,1.5146375042310593e-05,3587.337885931158,5.155555555557314,2.3416487733508092e-06,3768.624790686871
5.166666666665492,1.5490177721784987e-05,3595.0483566656367,5.166666666668428,2.0938613278894506e-06,3777.0040621427397
5.1777777777766,1.5827694308957955e-05,3602.7658781714636,5.177777777779544,1.9501489226752568e-06,3785.410072558846
5.188888888887709,1.6150992016026178e-05,3610.489807734299,5.188888888890658,1.9164383099385717e-06,3793.8226413937973
5.199999999998817,1.6455159385349226e-05,3618.219371983551,5.200000000001773,1.984400291404708e-06,3802.216423813894
5.2111111111099255,1.673817153241925e-05,3625.9537176688546,5.2111111111128885,2.1338652668573325e-06,3810.5734261391804
5.222222222221035,1.700052201216424e-05,3633.6919492858387,5.222222222224003,2.341433541648936e-06,3818.887971245764
5.233333333332143,1.724471465016703e-05,3641.4331582494824,5.233333333335118,2.587187485729493e-06,3827.1626993740924
5.244444444443252,1.7474696309724485e-05,3649.176447985562,5.244444444446233,2.85673966034716e-06,3835.4032747543215
5.25555555555436,1.7695295623850905e-05,3656.920957986359,5.255555555557348,3.140650953011655e-06,3843.615526094858
5.2666666666654685,1.791171419662157e-05,3664.665888200555,5.2666666666684625,3.433188007078358e-06,3851.804548407104
5.277777777776578,1.8129096696140887e-05,3672.4105235145857,5.277777777779578,3.7311362946942505e-06,3859.974650944936
5.288888888887686,1.8352186696334414e-05,3680.1542568107598,5.288888888890693,4.0327487450477545e-06,3868.12952862974
5.299999999998795,1.8585059107107276e-05,3687.8966083329146,5.300000000001807,4.336778550524475e-06,3876.2724204966316
5.311111111109903,1.8830910624937453e-05,3695.6372389319267,5.311111111112922,4.641594214300454e-06,3884.406194121167
5.322222222221011,1.9091888680169784e-05,3703.375955180565,5.322222222224037,4.944443401305939e-06,3892.533362275774
5.333333333332121,1.936894649230721e-05,3711.1127052310662,5.333333333335152,5.240961438315869e-06,3900.656060868966
5.344444444443229,1.966172428870635e-05,3718.8475654633467,5.344444444446267,5.5250002513374535e-06,3908.7760196186637
5.3555555555543375,1.9968470011315735e-05,3726.5807192158013,5.355555555557382,5.7887999433614305e-06,3916.894548134491
5.366666666665446,2.028602217430307e-05,3734.3124299643687,5.366666666668497,6.023464648287567e-06,3925.0125468003152
5.377777777776554,2.060987951147503e-05,3742.0430120008114,5.377777777779611,6.2196591751826455e-06,3933.1305400769825
5.388888888887664,2.0934375680516792e-05,3749.772801815523,5.388888888890727,6.368422837466853e-06,3941.2487231668374
5.399999999998772,2.125296422348137e-05,3757.5021329959127,5.4000000000018415,6.4619990620209254e-06,3949.3670117113716
5.41111111110988,2.155860273617605e-05,3765.2313166286144,5.411111111112956,6.494595271293787e-06,3957.48508652241
5.422222222220989,2.1844209815857755e-05,3772.9606281611354,5.422222222224072,6.463008609397943e-06,3965.6024291254616
5.433333333332097,2.210315711293967e-05,3780.6903006767666,5.433333333335186,6.36707369992649e-06,3973.718347763348
5.4444444444432065,2.2329753460142425e-05,3788.42052375138,5.444444444446301,6.209905913435175e-06,3981.831997135
5.455555555554315,2.251967874497905e-05,3796.1514465795267,5.455555555557416,5.997926196353901e-06,3989.9423989334377
5.466666666665423,2.267033090888928e-05,3803.8831838712704,5.466666666668531,5.740660265232443e-06,3998.0484748787107
5.477777777776532,2.2781058608227078e-05,3811.6158230582905,5.477777777779646,5.450304689923395e-06,4006.1491097209814
5.48888888888764,2.2853263006412625e-05,3819.3494315172056,5.48888888889076,5.1410447635109805e-06,4014.2432673524495
5.4999999999987494,2.2890363464931976e-05,3827.0840627430634,5.500000000001876,4.828098003911205e-06,4022.3301837815666
5.511111111109858,2.289763247795059e-05,3834.8197606430813,5.5111111111129905,4.526457050863243e-06,4030.409645491941
5.522222222220966,2.2881914278867102e-05,3842.5565613603812,5.522222222224105,4.249347133378288e-06,4038.482316307036
5.533333333332075,2.2851248626549926e-05,3850.2944922955103,5.533333333335221,4.006533326429526e-06,4046.549998702479
5.544444444443183,2.2814426075673155e-05,3858.033568294768,5.544444444446335,3.8028083660294394e-06,4054.6156486750815
5.555555555554292,2.2780503507975973e-05,3865.7737853337826,5.55555555555745,3.637149961683319e-06,4062.6829980531916
5.566666666665401,2.275830906502868e-05,3873.515112428914,5.566666666668565,3.502954823518469e-06,4070.7558269458773
5.577777777776509,2.275596433886987e-05,3881.2574829051064,5.57777777777968,3.389354379193012e-06,4078.837158124272
5.588888888887618,2.2780449363230025e-05,3889.0007864466643,5.588888888890795,3.2831341825353465e-06,4086.928696617093
5.599999999998726,2.2837233202079644e-05,3896.7448634520483,5.60000000000191,3.1705906125954057e-06,4095.0306540929355
5.611111111109835,2.2929990102299864e-05,3904.489503024347,5.611111111113025,3.0388664373037515e-06,4103.141858036216
5.622222222220944,2.3060418190339128e-05,3912.234445443089,5.622222222224139,2.8766785639575705e-06,4111.25992550758
5.633333333332052,2.3228174052024077e-05,3919.9793892628877,5.633333333335254,2.674631397180837e-06,4119.381271271798
5.6444444444431605,2.343093154221533e-05,3927.7240024354405,5.6444444444463695,2.4254386695211956e-06,4127.50068379418
5.655555555554269,2.3664566301826293e-05,3935.4679362513975,5.655555555557484,2.124478003399818e-06,4135.609929620215
5.666666666665378,2.3923458710849965e-05,3943.2108406029406,5.666666666668599,1.771506044897041e-06,4143.693795680234
5.677777777776487,2.4200898036409808e-05,3950.9523791323913,5.677777777779714,1.37629788629148e-06,4151.718015023291
5.688888888887595,2.448956052744496e-05,3958.692243195552,5.688888888890829,9.810001733708487e-07,4159.589521619049
5.699999999998703,2.4782025542630122e-05,3966.430164085716,5.7000000000019435,7.505060541240184e-07,4167.108341563032
5.711111111109812,2.5071287715878897e-05,3974.165923465633,5.711111111113059,9.729081741328167e-07,4174.5281235341145
5.722222222220921,2.5351220567441073e-05,3981.8993623019865,5.722222222224174,1.5409511004622354e-06,4182.3217076344445
5.7333333333320295,2.5616948405173792e-05,3989.630388715472,5.733333333335288,2.2583450586966365e-06,4190.315702513145
5.744444444443138,2.5865089108866574e-05,3997.3589850417375,5.744444444446404,3.0563440378191976e-06,4198.387017527841
5.755555555554246,2.6093840533825795e-05,4005.085214091579,5.755555555557518,3.905694621873675e-06,4206.49209364078
5.766666666665355,2.630289765137049e-05,4012.809224188191,5.766666666668633,4.7865981485217915e-06,4214.613577156977
5.777777777776464,2.6493205565678214e-05,4020.531252155938,5.777777777779748,5.681758952247797e-06,4222.743410830389
5.7888888888875725,2.6666573867395537e-05,4028.251623162647,5.788888888890863,6.574760414265173e-06,4230.877378543996
5.799999999998681,2.682519806328528e-05,4035.9707462929623,5.800000000001978,7.449907962987593e-06,4239.0130679011245
5.811111111109789,2.6971150727646645e-05,4043.6891050305417,5.811111111113092,8.292536150629491e-06,4247.1490046905365
5.822222222220898,2.7105914717760987e-05,4051.407242449335,5.822222222224208,9.089444542689349e-06,4255.28424633747
5.833333333332007,2.7230029937930585e-05,4059.125741747518,5.833333333335323,9.829318141766627e-06,4263.418176198829
5.844444444443115,2.73429121375239e-05,4066.8452035922974,5.844444444446437,1.0503056099141777e-05,4271.550394115296
5.855555555554224,2.7442878247255522e-05,4074.5662223300383,5.855555555557553,1.1103964595508325e-05,4279.680656583244
5.866666666665332,2.7527381827342485e-05,4082.289363257956,5.866666666668667,1.162779088497223e-05,4287.8088438433
5.877777777776441,2.7593430239500962e-05,4090.0151427926703,5.877777777779782,1.2072593409702225e-05,4295.934941792756
5.88888888888755,2.76381281974107e-05,4097.744012613504,5.8888888888908975,1.2438459899694514e-05,4304.059031608779
5.899999999998658,2.7659274782484212e-05,4105.476347933526,5.900000000002012,1.2727101548738977e-05,4312.181282460979
5.911111111109767,2.7655934582552646e-05,4113.212439222119,5.911111111113127,1.2941365605559138e-05,4320.301944105418
5.922222222220875,2.762890754742167e-05,4120.9524861803875,5.922222222224242,1.3084719229741343e-05,4328.421337172718
5.9333333333319835,2.75810341271146e-05,4128.696592669091,5.933333333335357,1.3160762171465624e-05,4336.539839919384
5.944444444443093,2.751728960776141e-05,4136.444761620495,5.9444444444464715,1.3172823049176317e-05,4344.657871211208
5.955555555554201,2.7444642231771575e-05,4144.196889663094,5.955555555557586,1.3123683130217012e-05,4352.775870497259
5.96666666666531,2.7371672545692632e-05,4151.952762118044,5.966666666668702,1.3015453655916367e-05,4360.894276358457
5.977777777776418,2.7307975891003934e-05,4159.712049989933,5.977777777779816,1.2849610757560173e-05,4369.013505702159
5.9888888888875265,2.726339519685659e-05,4167.474311306973,5.988888888890931,1.262716994580137e-05,4377.133935716248
5.999999999998636,2.7247155168754383e-05,4175.238999363208,6.000000000002046,1.234896418056869e-05,4385.255890309509
6.011111111109744,2.7266987738632025e-05,4183.005479825022,6.011111111113161,1.2015978694501825e-05,4393.379632089369
6.022222222220853,2.732834710970974e-05,4190.773057225513,6.022222222224276,1.1629693217579178e-05,4401.5053601717855
6.033333333331961,2.7433806254091827e-05,4198.541009341407,6.033333333335391,1.1192387240616848e-05,4409.633213480183
6.044444444443069,2.7582703716271603e-05,4206.30862590765,6.044444444446506,1.0707374268021147e-05,4417.763278800996
6.055555555554179,2.777107343837468e-05,4214.075246784526,6.05555555555762,1.0179143912665408e-05,4425.895602761856
6.066666666665287,2.7991849214684572e-05,4221.840294569759,6.066666666668736,9.613403685315897e-06,4434.030207050609
6.0777777777763955,2.8235299448056967e-05,4229.603297804213,6.0777777777798505,9.017023646807836e-06,4442.167106524456
6.088888888887504,2.8489625221856327e-05,4237.363902925872,6.088888888890965,8.397895782949138e-06,4450.306330283803
6.099999999998612,2.8741648381218912e-05,4245.121875294117,6.10000000000208,7.764725813706926e-06,4458.447946220668
6.111111111109722,2.897752395059842e-05,4252.877091313234,6.111111111113195,7.126778437735209e-06,4466.592089900321
6.12222222222083,2.918342695920853e-05,4260.629524606442,6.12222222222431,6.493598269210418e-06,4474.7389987393735
6.133333333331938,2.934618120558968e-05,4268.379229335753,6.1333333333354245,5.874728506545423e-06,4482.889051994421
6.144444444443047,2.945381195629295e-05,4276.126323351033,6.14444444444654,5.2794480635279135e-06,4491.042815449124
6.155555555554155,2.9496013892886228e-05,4283.870973166626,6.155555555557655,4.716545428826703e-06,4499.201085708672
6.1666666666652645,2.9464529910795045e-05,4291.613382037476,6.166666666668769,4.194142975325811e-06,4507.364920707048
6.177777777776373,2.9353437142582357e-05,4299.353781775445,6.177777777779885,3.71957644462964e-06,4515.535627830788
6.188888888887481,2.9159335835668733e-05,4307.092428459214,6.188888888890999,3.299316703062202e-06,4523.714657831652
6.19999999999859,2.8881436319571334e-05,4314.829601837381,6.200000000002114,2.938890242738297e-06,4531.903328810968
6.211111111109698,2.8521540610243058e-05,4322.565607964566,6.2111111111132296,2.642714742825558e-06,4540.102310848366
6.2222222222208075,2.8083918946864437e-05,4330.300784398012,6.222222222224344,2.4137460741399814e-06,4548.310903855941
6.233333333331916,2.7575087822222455e-05,4338.035507077382,6.233333333335459,2.2529030234813897e-06,4556.5263908680545
6.244444444443024,2.700350431440626e-05,4345.77019778814,6.244444444446574,2.158449945289585e-06,4564.744013082973
6.255555555554133,2.6379200625419207e-05,4353.50533086227,6.255555555557689,2.1257530921982643e-06,4572.957975003214
6.266666666665241,2.571339099917394e-05,4361.241437513273,6.266666666668804,2.1477577056739526e-06,4581.163140797687
6.27777777777635,2.5018088490830362e-05,4368.979105967665,6.277777777779918,2.2160621690484957e-06,4589.356418904809
6.288888888887459,2.430576903401709e-05,4376.718975389769,6.288888888891034,2.322053470659673e-06,4597.53711171251
6.299999999998567,2.358911275469236e-05,4384.461721557049,6.300000000002148,2.4576483073420844e-06,4605.706366568589
6.311111111109676,2.2880836226384315e-05,4392.208032398682,6.311111111113263,2.615562087933795e-06,4613.866320730269
6.322222222220784,2.2193604748702188e-05,4399.95857196046,6.3222222222243785,2.7892851797913412e-06,4622.019390425735
6.333333333331893,2.153998367675999e-05,4407.713932269495,6.333333333335493,2.972969957671535e-06,4630.167843986271
6.344444444443002,2.093235841555794e-05,4415.47457419697,6.344444444446608,3.1613469600321074e-06,4638.313613551658
6.35555555555411,2.038273328024173e-05,4423.240761044069,6.355555555557723,3.349706862791931e-06,4646.458252454258
6.3666666666652185,1.990232163253603e-05,4431.012492293406,6.366666666668838,3.533940791401133e-06,4654.602961862374
6.377777777776327,1.9500874302194956e-05,4438.789449217264,6.3777777777799525,3.7106163448000845e-06,4662.748639381432
6.388888888887436,1.9185764146893992e-05,4446.570967153483,6.388888888891068,3.87706549704658e-06,4670.895925258343
6.399999999998545,1.8960940725314048e-05,4454.356048592153,6.400000000002183,4.031463563295933e-06,4679.045236014216
6.411111111109653,1.8825960101206098e-05,4462.14342442622,6.411111111113297,4.172881697418471e-06,4687.196783074841
6.4222222222207614,1.8775338135443682e-05,4469.931658121565,6.422222222224412,4.301298402104815e-06,4695.350578012568
6.43333333333187,1.8798438465783967e-05,4477.719273622614,6.433333333335527,4.417559306938422e-06,4703.50642829784
6.444444444442979,1.8879991201350524e-05,4485.504879471079,6.444444444446642,4.52328041065305e-06,4711.663929042761
6.4555555555540876,1.9001188984304622e-05,4493.287263648837,6.455555555557757,4.620699043993633e-06,4719.822457435654
6.466666666665196,1.9141184381975523e-05,4501.065444912157,6.466666666668872,4.712488743171037e-06,4727.981177206885
6.477777777776304,1.9278757588381118e-05,4508.838680698243,6.477777777779987,4.801566959067298e-06,4736.139060035236
6.488888888887413,1.9393937982229677e-05,4516.60644251289,6.488888888891101,4.890934029248293e-06,4744.294928886994
6.499999999998522,1.94694195886098e-05,4524.3683740492415,6.500000000002217,4.983582948755219e-06,4752.447524956623
6.5111111111096305,1.9491675547499173e-05,4532.124246089965,6.5111111111133315,5.082507863244618e-06,4760.595595900609
6.522222222220739,1.945172845300899e-05,4539.873918296431,6.522222222224446,5.190813820946558e-06,4768.737999518945
6.533333333331847,1.9345565142769356e-05,4547.617313759212,6.533333333335562,5.311895070286693e-06,4776.873814599929
6.544444444442956,1.9174199517640578e-05,4555.3544089076195,6.544444444446676,5.449612940078052e-06,4785.002448887959
6.555555555554065,1.894339247557226e-05,4563.085239168159,6.555555555557791,5.60837926765077e-06,4793.123731844149
6.566666666665173,1.8663041481071427e-05,4570.80991912048,6.566666666668906,5.793050297682793e-06,4801.2379764655625
6.577777777776282,1.8346260161558604e-05,4578.528674162186,6.577777777780021,6.008568576035776e-06,4809.345991731945
6.58888888888739,1.8008186006773306e-05,4586.2418783896355,6.588888888891136,6.259356875402203e-06,4817.449029739787
6.599999999998499,1.7664585176478528e-05,4593.950090564882,6.60000000000225,6.548552818284964e-06,4825.548663512486
6.611111111109608,1.7330366662830745e-05,4601.654077478166,6.611111111113366,6.877243454429269e-06,4833.646611749805
6.622222222220716,1.7018164916532018e-05,4609.354813323939,6.62222222222448,7.243880728100538e-06,4841.74454644497
6.633333333331825,1.673718248070829e-05,4617.053446660559,6.633333333335595,7.644017082214808e-06,4849.843926411617
6.644444444442933,1.649247916826711e-05,4624.751233782746,6.644444444446711,8.070414515406094e-06,4857.945889107699
6.6555555555540415,1.6284836013042765e-05,4632.4494471756325,6.655555555557825,8.513490834217178e-06,4866.051211057331
6.666666666665151,1.6111216149348717e-05,4640.149276116823,6.66666666666894,8.962008057471221e-06,4874.160326090277
6.677777777776259,1.596572210603884e-05,4647.851739271402,6.677777777780055,9.403890042832851e-06,4882.273379448026
6.688888888887368,1.5840853119450437e-05,4655.5576248300185,6.68888888889117,9.827068346208698e-06,4890.390295498201
6.699999999998476,1.572882872213567e-05,4663.26746473403,6.700000000002285,1.0220279481202257e-05,4898.510842947325
6.7111111111095845,1.5622769988780398e-05,4670.981540255122,6.7111111111134,1.0573760352703e-05,4906.634689012213
6.722222222220694,1.5517596298728315e-05,4678.69991024157,6.722222222224515,1.087980664733619e-05,4914.761440015769
6.733333333331802,1.5410573328521438e-05,4686.422451775954,6.733333333335629,1.1133171578907564e-05,4922.890669507228
6.744444444442911,1.530151396340143e-05,4694.148904706407,6.744444444446745,1.1331291741972127e-05,4931.021936679574
6.755555555554019,1.5192677592995872e-05,4701.878914622743,6.7555555555578595,1.147433490548487e-05,4939.154798303839
6.766666666665127,1.50884351434726e-05,4709.612071798546,6.766666666668974,1.1565072481641654e-05,4947.288817226037
6.777777777776237,1.4994772707806722e-05,4717.3479456026935,6.777777777780089,1.1608587376193702e-05,4955.423570027182
6.788888888887345,1.491870210101495e-05,4725.086114724188,6.788888888891204,1.1611835656811011e-05,4963.558655859217
6.7999999999984535,1.4867637162013883e-05,4732.826193454492,6.800000000002319,1.1583087447565659e-05,4971.693707727591
6.811111111109562,1.4848783581402042e-05,4740.567853615381,6.8111111111134335,1.1531278242912707e-05,4979.828406534037
6.82222222222067,1.4868579563463528e-05,4748.31084096314,6.822222222224549,1.1465306308278807e-05,4987.9624970058785
6.83333333333178,1.4932215844152505e-05,4756.054984484119,6.833333333335664,1.1393315230117274e-05,4996.095803344656
6.844444444442888,1.504325673248095e-05,4763.800197239026,6.844444444446778,1.1322003411124601e-05,5004.228241343209
6.855555555553996,1.5203378365488836e-05,4771.546468379531,6.855555555557894,1.125600455078009e-05,5012.359823311607
6.866666666665105,1.541223514721954e-05,4779.293847398141,6.866666666669008,1.1197384347556273e-05,5020.490652845618
6.877777777776213,1.5667459215477707e-05,4787.042423086363,6.877777777780123,1.1145297318410564e-05,5028.620908370233
6.8888888888873225,1.5964790160777722e-05,4794.7923005428975,6.8888888888912385,1.1095841799798265e-05,5036.750817056414
6.899999999998431,1.6298323474420967e-05,4802.543579591372,6.900000000002353,1.1042139540120492e-05,5044.880623224837
6.911111111109539,1.6660857515639696e-05,4810.296337186864,6.911111111113468,1.0974649199187989e-05,5053.010556727274
6.922222222220648,1.7044311632060846e-05,4818.050615157651,6.922222222224582,1.0881702904222733e-05,5061.140806508584
6.933333333331756,1.7440183587794685e-05,4825.806413386171,6.933333333335698,1.0750235255355006e-05,5069.27150282484
6.9444444444428655,1.7840013122165394e-05,4833.563687620847,6.9444444444468125,1.056665796036994e-05,5077.402709235486
6.955555555553974,1.8235820099575117e-05,4841.32235066718,6.955555555557927,1.0317822315298108e-05,5085.534423421528
6.966666666665082,1.862048973208478e-05,4849.0822756874295,6.966666666669043,9.992006176152512e-06,5093.6665847141385
6.977777777776191,1.8988083045426162e-05,4856.84330059891,6.977777777780157,9.579861077343887e-06,5101.799086105263
6.988888888887299,1.9334057443465384e-05,4864.605232941198,6.988888888891272,9.075257749478606e-06,5109.931789315954
6.999999999998408,1.96553893272997e-05,4872.36785495752,7.000000000002387,8.475973762581273e-06,5118.064543084729
7.011111111109517,1.995059773871907e-05,4880.130928930094,7.011111111113502,7.784175030143354e-06,5126.197207424672
7.022222222220625,2.0219674458588457e-05,4887.894202988961,7.022222222224617,7.006653374732869e-06,5134.3296912807655
7.033333333331734,2.046393146453575e-05,4895.657417671374,7.033333333335732,6.154795423903921e-06,5142.462021110747
7.044444444442842,2.0685780767207003e-05,4903.4203134515465,7.044444444446847,5.244274593446073e-06,5150.594483316001
7.055555555553951,2.0888464153505724e-05,4911.182639305365,7.055555555557961,4.2944814686422105e-06,5158.727957243421
7.06666666666506,2.1075751221141503e-05,4918.944162147862,7.066666666669077,3.327754953482009e-06,5166.864808781253
7.077777777776168,2.1251623494259135e-05,4926.704676719885,7.077777777780192,2.3686341294916625e-06,5175.011809035342
7.0888888888872765,2.141996081372503e-05,4934.464015252289,7.088888888891306,1.4442703335923781e-06,5183.1933290256275
7.099999999998385,2.158424420837348e-05,4942.222056055464,7.100000000002421,5.989784187051927e-07,5191.567625968454
7.111111111109494,2.174728768568347e-05,4949.9787301207425,7.111111111113536,3.776040746851487e-07,5201.58392010777
7.122222222220603,2.1911010242213657e-05,4957.734024913499,7.122222222224651,1.0289999287346776e-06,5210.180959508154
7.133333333331711,2.2076258927967612e-05,4965.487984792933,7.133333333335766,1.644021571435342e-06,5218.354250501478
7.1444444444428195,2.2242693623401274e-05,4973.240707879528,7.144444444446881,2.17049432336139e-06,5226.456129672671
7.155555555553928,2.240874360233858e-05,4980.992339642495,7.155555555557996,2.6112074884080396e-06,5234.524728938785
7.166666666665036,2.257164418749996e-05,4988.74306390699,7.16666666666911,2.9822533964033246e-06,5242.569643499362
7.177777777776146,2.272755832129974e-05,4996.49309229597,7.177777777780226,3.3087968572780173e-06,5250.595529229877
7.188888888887254,2.2871782612244644e-05,5004.242653260209,7.1888888888913405,3.6210380385514297e-06,5258.607245272582
7.199999999998362,2.2999030862057387e-05,5011.991981790742,7.200000000002455,3.948137764103667e-06,5266.611274106117
7.211111111109471,2.3103781139490787e-05,5019.74131067622,7.211111111113571,4.311145822625035e-06,5274.615255301192
7.222222222220579,2.3180666213438886e-05,5027.490863823692,7.222222222224685,4.717618806884075e-06,5282.626396754526
7.2333333333316885,2.3224882532740104e-05,5035.240851779514,7.2333333333358,5.160212803927996e-06,5290.649929841285
7.244444444442797,2.3232590544852565e-05,5042.991469233944,7.2444444444469145,5.619252692047664e-06,5298.688531079792
7.255555555553905,2.3201279159646036e-05,5050.742894013104,7.25555555555803,6.067381241492932e-06,5306.74272593953
7.266666666665014,2.3130069384469924e-05,5058.4952868734335,7.266666666669145,6.474310652356087e-06,5314.811713528041
7.277777777776122,2.3019936112401758e-05,5066.248791316237,7.277777777780259,6.810675746630597e-06,5322.894125548122
7.288888888887231,2.2873832139681532e-05,5074.00353262379,7.288888888891375,7.050829869562012e-06,5330.988541083102
7.29999999999834,2.269670412208147e-05,5081.759615379069,7.300000000002489,7.174771447016891e-06,5339.093781832942
7.311111111109448,2.249539585495715e-05,5089.517118874878,7.311111111113604,7.169424452401356e-06,5347.209073955372
7.322222222220557,2.2278439658788166e-05,5097.276090065902,7.3222222222247195,7.029437048308251e-06,5355.334156175235
7.333333333331665,2.2055741688855286e-05,5105.03653409596,7.333333333335834,6.757612473168972e-06,5363.469393928324
7.344444444442774,2.1838171843662255e-05,5112.7984029587515,7.344444444446949,6.3650716679736424e-06,5371.615946117212
7.355555555553883,2.1637074015762723e-05,5120.561583499897,7.355555555558064,5.871267725509608e-06,5379.776024752577
7.366666666664991,2.1463718156128655e-05,5128.325886646347,7.366666666669179,5.304018380995784e-06,5387.953272305589
7.3777777777760996,2.1328722199008387e-05,5136.0910402724785,7.3777777777802935,4.699757105693725e-06,5396.153202185468
7.388888888887208,2.124147886246462e-05,5143.856688228892,7.388888888891409,4.104064751466564e-06,5404.3833410173975
7.399999999998317,2.1209628313587017e-05,5151.622397534885,7.400000000002524,3.5716760843636356e-06,5412.651832283274
7.411111111109426,2.1238620451260914e-05,5159.387674484839,7.411111111113638,3.162412793591239e-06,5420.961871023421
7.422222222220534,2.1331407763367078e-05,5167.151988635772,7.422222222224753,2.925823004559026e-06,5429.3011243136
7.4333333333316425,2.1488300024125937e-05,5174.914801815052,7.433333333335868,2.874546941901506e-06,5437.637231111037
7.444444444442751,2.1706996220681966e-05,5182.675598038545,7.444444444446983,2.972118267220565e-06,5445.934522418923
7.45555555555386,2.1982789966223523e-05,5190.433910036101,7.455555555558098,3.1565637124551816e-06,5454.174847190341
7.466666666664969,2.230892642338462e-05,5198.18933902408,7.466666666669213,3.3740455644597673e-06,5462.3577836215245
7.477777777776077,2.267707510708916e-05,5205.941566082672,7.477777777780328,3.59456676228543e-06,5470.49028605731
7.488888888887185,2.3077875667862964e-05,5213.690355377431,7.488888888891442,3.812288564801033e-06,5478.580390326303
7.499999999998294,2.350151247500165e-05,5221.435550942359,7.500000000002558,4.040086691692193e-06,5486.6360298493
7.511111111109403,2.3938276657535118e-05,5229.177069506571,7.511111111113673,4.301948480216062e-06,5494.665844802231
7.5222222222205115,2.4379079079077255e-05,5236.914891890956,7.522222222224787,4.623821358235475e-06,5502.679710884966
7.53333333333162,2.4815883043956864e-05,5244.649055020714,7.533333333335903,5.024431976989448e-06,5510.687936619929
7.544444444442728,2.5242030893546994e-05,5252.379645852481,7.544444444447017,5.509054977439281e-06,5518.699463343603
7.555555555553837,2.565244443183948e-05,5260.106797718635,7.555555555558132,6.068302307120185e-06,5526.720369826281
7.566666666664946,2.6043686105525846e-05,5267.830688884052,7.566666666669247,6.6811616149238025e-06,5534.753588842053
7.577777777776054,2.6413876785241615e-05,5275.551542561673,7.577777777780362,7.319732736891103e-06,5542.799631147678
7.588888888887163,2.6762477135332125e-05,5283.26962727285,7.588888888891477,7.953569961362307e-06,5550.857599468371
7.599999999998271,2.7089952486983668e-05,5290.985256285469,7.600000000002591,8.552845308140464e-06,5558.9260025229905
7.61111111110938,2.7397354564326527e-05,5298.698784933379,7.611111111113707,9.090403813168689e-06,5567.00324858052
7.622222222220489,2.7685865296052777e-05,5306.410604920372,7.6222222222248215,9.543029703596175e-06,5575.08788680018
7.633333333331597,2.795635576882838e-05,5314.121135215929,7.633333333335936,9.892197763403572e-06,5583.1786974995275
7.644444444442706,2.8209014795803556e-05,5321.830809785063,7.644444444447052,1.01244819748125e-05,5591.274706634925
7.655555555553814,2.8443095160479694e-05,5329.540063039454,7.655555555558166,1.0231716583069084e-05,5599.375168574219
7.666666666664923,2.8656811512073805e-05,5337.249314406118,7.666666666669281,1.0210961542820316e-05,5607.479539654484
7.677777777776032,2.884740411174614e-05,5344.95895365867,7.677777777780396,1.0064303885865115e-05,5615.587452799858
7.68888888888714,2.9011360582398674e-05,5352.66932858635,7.688888888891511,9.7985182389899e-06,5623.698697272773
7.699999999998249,2.9144767458854e-05,5360.38073621813,7.700000000002626,9.424606852569737e-06,5631.813204662109
7.711111111109357,2.9243748076971057e-05,5368.093418279188,7.711111111113741,8.957238594595435e-06,5639.931040703948
7.7222222222204655,2.9304935193183347e-05,5375.807560975639,7.722222222224856,8.414105788432789e-06,5648.052401378373
7.733333333331575,2.9325926015815444e-05,5383.523298704573,7.73333333333597,7.815216750098678e-06,5656.17761008731
7.744444444442683,2.9305672958148515e-05,5391.240720944672,7.744444444447085,7.182139843382703e-06,5664.307109714538
7.755555555553792,2.9244773471733805e-05,5398.959881411613,7.7555555555582005,6.537211059881678e-06,5672.441437949769
7.7666666666649,2.9145634693977157e-05,5406.680808529392,7.766666666669315,5.902710545955003e-06,5680.581165513963
7.777777777776008,2.9012501549355005e-05,5414.403516318429,7.77777777778043,5.300003729891425e-06,5688.726765635324
7.788888888887118,2.8851349091523502e-05,5422.128014880202,7.788888888891545,4.748632901068093e-06,5696.878375994227
7.799999999998226,2.866965048114172e-05,5429.854319730745,7.80000000000266,4.265348391449827e-06,5705.035431276009
7.8111111111093345,2.8476040648555742e-05,5437.582459292311,7.8111111111137745,3.86311435964058e-06,5713.196220757319
7.822222222220443,2.827990217898077e-05,5445.312479910334,7.82222222222489,3.5502444980584806e-06,5721.357580750768
7.833333333331551,2.809090413027338e-05,5453.044447856637,7.833333333336005,3.32998438463001e-06,5729.515080913781
7.844444444442661,2.7918526200230537e-05,5460.778447950224,7.844444444447119,3.2008759174455486e-06,5737.663966013996
7.855555555553769,2.777159978033785e-05,5468.514578702911,7.855555555558235,3.1578946798009033e-06,5745.800619386539
7.8666666666648775,2.7657893981301617e-05,5476.252944276925,7.866666666669349,3.1937899362170456e-06,5753.923776446269
7.877777777775986,2.7583768986014358e-05,5483.993643981106,7.877777777780464,3.2998741389460705e-06,5762.034769689883
7.888888888887094,2.7553911749894325e-05,5491.736760446375,7.888888888891579,3.4660035155554864e-06,5770.136760394304
7.899999999998204,2.7571161154903442e-05,5499.4823479027955,7.900000000002694,3.6801551433710885e-06,5778.233531985108
7.911111111109312,2.7636422428448596e-05,5507.230422038016,7.911111111113809,3.928198075362508e-06,5786.328488746171
7.92222222222042,2.7748665013561385e-05,5514.980952707938,7.9222222222249234,4.194167055949958e-06,5794.424158009728
7.933333333331529,2.7904994710599353e-05,5522.733860326099,7.933333333336039,4.460988568796564e-06,5802.522137553916
7.944444444442637,2.8100789755216707e-05,5530.489016175858,7.944444444447154,4.711445525908994e-06,5810.623282961099
7.9555555555537465,2.832989092945252e-05,5538.246246301971,7.955555555558268,4.9291799888133685e-06,5818.727958090379
7.966666666664855,2.85848368979279e-05,5546.005338171002,7.966666666669384,5.099606757442251e-06,5826.836256340435
7.977777777775963,2.8857136849746465e-05,5553.766049024276,7.977777777780498,5.210672809027923e-06,5834.9481668745575
7.988888888887072,2.9137572676951703e-05,5561.52811480375,7.988888888891613,5.253433561896216e-06,5843.06369327516
7.99999999999818,2.941652224706456e-05,5569.291258676071,8.000000000002728,5.222435719442577e-06,5851.182942905947
8.011111111109289,2.9684294117385363e-05,5577.055198446183,8.011111111113843,5.115908706718253e-06,5859.306206305649
8.022222222220398,2.9931462769003495e-05,5584.819652463858,8.022222222224958,4.935778911851432e-06,5867.434044978465
8.033333333331507,3.0149192575404325e-05,5592.584343921754,8.033333333336072,4.687536284363154e-06,5875.567406559217
8.044444444442615,3.0329538579063292e-05,5600.349003681781,8.044444444447187,4.3800033786137065e-06,5883.707789796132
8.055555555553724,3.0465712835059843e-05,5608.113371931345,8.055555555558303,4.025085135980712e-06,5891.857487538439
8.066666666664831,3.055230650553907e-05,5615.877199064222,8.066666666669418,3.6376166638738632e-06,5900.019938456183
8.07777777777594,3.058545983130551e-05,5623.640246215295,8.077777777780533,3.235475012837701e-06,5908.20019447049
8.08888888888705,3.056297428576844e-05,5631.402285869392,8.088888888891647,2.8401496509288377e-06,5916.405380721604
8.099999999998158,3.048436335920019e-05,5639.163102926319,8.100000000002762,2.4778223047641828e-06,5924.644563803384
8.111111111109267,3.0350840316666117e-05,5646.92249654511,8.111111111113877,2.1801778823341887e-06,5932.926299252136
8.122222222220374,3.016524280909356e-05,5654.680283013328,8.122222222224993,1.9818214912371086e-06,5941.251100845387
8.133333333331484,2.9931895403942393e-05,5662.436299789394,8.133333333336108,1.909203201597906e-06,5949.600977411363
8.144444444442593,2.9656412081311262e-05,5670.190410740825,8.144444444447222,1.964176068170833e-06,5957.941729118814
8.1555555555537,2.9345441777848384e-05,5677.942512443213,8.155555555558337,2.1208494508788654e-06,5966.244883817266
8.16666666666481,2.900636150829678e-05,5685.69254121102,8.166666666669451,2.3416244944432886e-06,5974.502245512305
8.177777777775917,2.864692382718153e-05,5693.440480310435,8.177777777780566,2.59300452486748e-06,5982.719845503505
8.188888888887027,2.827486869409151e-05,5701.186366579851,8.18888888889168,2.8504640743271025e-06,5990.907686314097
8.199999999998136,2.7897514220548904e-05,5708.930295497898,8.200000000002797,3.097048239444723e-06,5999.074761928054
8.211111111109243,2.7521345960826975e-05,5716.672423651737,8.211111111113912,3.320907270901452e-06,6007.227931752629
8.222222222220353,2.715162953423274e-05,5724.412967633076,8.222222222225026,3.513513063538536e-06,6015.372144045793
8.23333333333146,2.679207516014189e-05,5732.152198672413,8.233333333336141,3.668682197581532e-06,6023.5109012834255
8.24444444444257,2.6444583676460096e-05,5739.89043281449,8.244444444447256,3.7821642904878866e-06,6031.646656900592
8.255555555553679,2.6109100562528286e-05,5747.628017075403,8.25555555555837,3.851556087560586e-06,6039.781098678096
8.266666666664786,2.578359691535889e-05,5755.3653126762765,8.266666666669487,3.876362410406247e-06,6047.9153369467285
8.277777777775896,2.5464184871589946e-05,5763.102676958508,8.277777777780601,3.858079308512304e-06,6056.05002100845
8.288888888887003,2.514536139359484e-05,5770.840445812007,8.288888888891716,3.8002172419508815e-06,6064.1854008200835
8.299999999998112,2.4820361108561242e-05,5778.578918326889,8.30000000000283,3.708216954037415e-06,6072.321345385947
8.311111111109222,2.4481588428693586e-05,5786.318344948588,8.311111111113945,3.589241491115965e-06,6080.457327556581
8.32222222222033,2.4121093156252353e-05,5794.058919800895,8.32222222222506,3.4518566861106777e-06,6088.592388414945
8.333333333331439,2.373105269517228e-05,5801.800777201332,8.333333333336174,3.3056393969356427e-06,6096.725104522377
8.344444444442546,2.3304227239129395e-05,5809.543991869523,8.34444444444729,3.1607740902278096e-06,6104.853598443978
8.355555555553655,2.283436054655837e-05,5817.288582003488,8.355555555558405,3.027703576011212e-06,6112.975653405831
8.366666666664765,2.2316506599906442e-05,5825.034514285466,8.36666666666952,2.9168712847764742e-06,6121.089002878653
8.377777777775872,2.1747270246174512e-05,5832.781709941387,8.377777777780635,2.8385154608065056e-06,6129.1918363420455
8.388888888886981,2.1124956926108963e-05,5840.530051155195,8.38888888889175,2.8023662647667995e-06,6137.283457335636
8.399999999998089,2.0449632368243385e-05,5848.279387369659,8.400000000002864,2.81703776053774e-06,6145.364851543605
8.411111111109198,1.9723097546802857e-05,5856.029541242438,8.41111111111398,2.889024270830456e-06,6153.4387906068805
8.422222222220308,1.8948787380954544e-05,5863.780314241611,8.422222222225095,3.021522481973834e-06,6161.509231033828
8.433333333331415,1.8131603773380057e-05,5871.5314920477485,8.43333333333621,3.2135666703148972e-06,6169.5802107790605
8.444444444442524,1.727769484310878e-05,5879.282850079098,8.444444444447324,3.4598752425080265e-06,6177.654821983487
8.455555555553632,1.6394192772129578e-05,5887.034159577545,8.455555555558439,3.7514124417535285e-06,6185.734733336232
8.466666666664741,1.548892270657485e-05,5894.785194790708,8.466666666669553,4.076354493883807e-06,6193.820292419274
8.47777777777585,1.4570094777445443e-05,5902.535741861855,8.477777777780668,4.421133104501847e-06,6201.91092931897
8.488888888886958,1.3645990700000466e-05,5910.285610092296,8.488888888891784,4.7713856174680835e-06,6210.00558171371
8.499999999998067,1.272465577919292e-05,5918.0346462646985,8.500000000002899,5.112777163187122e-06,6218.10300581151
8.511111111109175,1.1813606731871221e-05,5925.782752706711,8.511111111114014,5.4317124032006225e-06,6226.201956510257
8.522222222220284,1.0919565786402826e-05,5933.529909742663,8.522222222225128,5.715952445376199e-06,6234.30127023067
8.533333333331392,1.0048232242324477e-05,5941.276203172706,8.533333333336243,5.955135409709934e-06,6242.399889506046
8.544444444442501,9.20410414508287e-06,5949.021857556187,8.544444444447358,6.141186517146211e-06,6250.496858224111
8.55555555555361,8.390364828828122e-06,5956.767276615123,8.555555555558474,6.2685998827448086e-06,6258.591305031784
8.566666666664718,7.608851474281245e-06,5964.513093494548,8.566666666669589,6.334577911975158e-06,6266.682424206971
8.577777777775827,6.8601251803021765e-06,5972.260236756092,8.577777777780703,6.339022766241724e-06,6274.769458344731
8.588888888886935,6.143664580761757e-06,5980.010024275531,8.588888888891818,6.284385663643288e-06,6282.85168450559
8.599999999998044,5.458209742394224e-06,5987.764309195644,8.600000000002932,6.175392208107903e-06,6290.9284041451865
8.611111111109153,4.802296008024865e-06,5995.5257244228505,8.611111111114047,6.018674075213587e-06,6298.9989366795135
8.62222222222026,4.175053250121898e-06,6003.298113492201,8.622222222225162,5.822347611520935e-06,6307.062616817336
8.63333333333137,3.5774374514200803e-06,6011.087309369957,8.633333333336278,5.595586070161956e-06,6315.118797033643
8.644444444442478,3.0142777193051227e-06,6018.902530056977,8.644444444447393,5.348231379103465e-06,6323.166859251594
8.655555555553587,2.497972975427447e-06,6026.7586494445695,8.655555555558507,5.090479875012572e-06,6331.206244444676
8.666666666664696,2.055227131356605e-06,6034.6783878482165,8.666666666669622,4.83265068988894e-06,6339.2365152966
8.677777777775804,1.7362544001143416e-06,6042.686553507194,8.677777777780737,4.5850038646922705e-06,6347.257472969502
8.688888888886913,1.610404012757091e-06,6050.775247831717,8.688888888891851,4.3575227421158e-06,6355.269347798257
8.69999999999802,1.714518048857052e-06,6058.865633819744,8.700000000002968,4.159530762856051e-06,6363.273063221393
8.71111111110913,2.005604006806217e-06,6066.877476425712,8.711111111114082,3.999016154800211e-06,6371.270520633065
8.722222222220239,2.4074207979240854e-06,6074.801217533663,8.722222222225197,3.881639718372506e-06,6379.264779011841
8.733333333331347,2.862406461411962e-06,6082.661102924643,8.733333333336311,3.8096128392836303e-06,6387.25996293517
8.744444444442456,3.3359954474934933e-06,6090.47956431981,8.744444444447426,3.780854926844385e-06,6395.260809929928
8.755555555553563,3.807385258952811e-06,6098.271074160058,8.75555555555854,3.7888732326892817e-06,6403.271970480018
8.766666666664673,4.263103842897954e-06,6106.044316850926,8.766666666669657,3.823547477508735e-06,6411.297351457231
8.777777777775782,4.6938209886914476e-06,6113.804515340669,8.777777777780772,3.872612438253267e-06,6419.339770671453
8.78888888888689,5.0928731697960055e-06,6121.5548857797185,8.788888888891886,3.923410394968936e-06,6427.400989214619
8.799999999997999,5.455572413569369e-06,6129.297468486582,8.800000000003001,3.964542152268593e-06,6435.481998966851
8.811111111109106,5.77885203368793e-06,6137.03360222948,8.811111111114116,3.987243526591206e-06,6443.58338693439
8.822222222220216,6.061041116256964e-06,6144.764201693695,8.82222222222523,3.986476909465019e-06,6451.705642537538
8.833333333331325,6.301672302048784e-06,6152.4899244562985,8.833333333336345,3.961783183242428e-06,6459.849331622085
8.844444444442432,6.501283512403264e-06,6160.21127331472,8.844444444447461,3.9178973534945896e-06,6468.015083943344
8.855555555553542,6.661205039290447e-06,6167.928658531625,8.855555555558576,3.865012120003698e-06,6476.203332612794
8.86666666666465,6.783341736973516e-06,6175.642433466212,8.86666666666969,3.8183921571958586e-06,6484.413748569481
8.877777777775758,6.869970782096031e-06,6183.352911405067,8.877777777780805,3.796868532179545e-06,6492.6444139372325
8.888888888886868,6.92358010397312e-06,6191.060368749362,8.88888888889192,3.819808302903183e-06,6500.891048384194
8.899999999997975,6.946771460144661e-06,6198.765038756483,8.900000000003034,3.90280107488477e-06,6509.146913504135
8.911111111109085,6.942245594347798e-06,6206.467100003454,8.91111111111415,4.053460069247317e-06,6517.403897602897
8.922222222220192,6.912875914784474e-06,6214.166664141845,8.922222222225265,4.2693449824956895e-06,6525.654443234016
8.933333333331301,6.861863293944151e-06,6221.86376803598,8.93333333333638,4.538986589528438e-06,6533.8931873052115
8.94444444444241,6.792949866150099e-06,6229.558375837363,8.944444444447495,4.8450974523622185e-06,6542.117468424555
8.955555555553518,6.710655822179947e-06,6237.25039680788,8.95555555555861,5.16818352527154e-06,6550.326828286751
8.966666666664628,6.620491359757206e-06,6244.939724471396,8.966666666669724,5.489343348341713e-06,6558.522152494755
8.977777777775735,6.52908706325238e-06,6252.626301253395,8.977777777780839,5.7919750904100764e-06,6566.704938747432
8.988888888886844,6.444181820757722e-06,6260.310208904618,8.988888888891955,6.062616035570107e-06,6574.876844349047
8.999999999997954,6.37441219085679e-06,6267.99177719499,9.00000000000307,6.291217673508206e-06,6583.0394718899315
9.011111111109061,6.328868421747602e-06,6275.671691174272,9.011111111114184,6.471071866484929e-06,6591.194305766113
9.02222222222017,6.316428127228784e-06,6283.3510637561485,9.022222222225299,6.5985107157444255e-06,6599.34272890508
9.033333333331278,6.344948808718034e-06,6291.031433822149,9.033333333336413,6.672450007639108e-06,6607.4860758180375
9.044444444442387,6.420475193463689e-06,6298.714661424454,9.044444444447528,6.693829379961015e-06,6615.625697809086
9.055555555553497,6.546655905854e-06,6306.402724948828,9.055555555558644,6.665007421674001e-06,6623.763027760454
9.066666666664604,6.724527194205391e-06,6314.097467175509,9.066666666669759,6.589184241073325e-06,6631.899638379167
9.077777777775713,6.952709462123205e-06,6321.800361944427,9.077777777780874,6.469937768847733e-06,6640.037291947259
9.088888888886821,7.227927981478787e-06,6329.512362820787,9.088888888891988,6.31096562904888e-06,6648.177983009362
9.09999999999793,7.545682185499493e-06,6337.2338576149305,9.100000000003103,6.116117081950686e-06,6656.32397805435
9.11111111110904,7.90088247042212e-06,6344.964713410528,9.111111111114218,5.889778437162586e-06,6664.477856287676
9.122222222220147,8.288331388213145e-06,6352.704376031648,9.122222222225332,5.637642536746731e-06,6672.642548909353
9.133333333331256,8.703004267433445e-06,6360.451987992747,9.133333333336449,5.36784756544862e-06,6680.821353442515
9.144444444442364,9.140148155440724e-06,6368.206500400386,9.144444444447563,5.092394959655129e-06,6689.017853079506
9.155555555553473,9.595254416306712e-06,6375.96676691769,9.155555555558678,4.828595306522673e-06,6697.2355888962975
9.166666666664582,1.0063971706657178e-05,6383.7316167198305,9.166666666669792,4.5999463074219555e-06,6705.477240419426
9.17777777777569,1.054202029709387e-05,6391.4999078363635,9.177777777780907,4.435282277864239e-06,6713.74311949056
9.1888888888868,1.1025153418138542e-05,6399.2705638330535,9.188888888892022,4.364671063744508e-06,6722.029313906659
9.199999999997907,1.1509192168216728e-05,6407.042596981197,9.200000000003138,4.4116556027496235e-06,6730.3268982147665
9.211111111109016,1.1990141476761543e-05,6414.815120861583,9.211111111114253,4.584828160506129e-06,6738.623915164901
9.222222222220125,1.2464378281785092e-05,6422.587355141677,9.222222222225367,4.874229348063539e-06,6746.9095700174375
9.233333333331233,1.2928890922875791e-05,6430.358625098354,9.233333333336482,5.254942347926845e-06,6755.177489665193
9.244444444442342,1.3381541205572773e-05,6438.128358260522,9.244444444447597,5.694452024647325e-06,6763.426046142041
9.25555555555345,1.3821317299570928e-05,6445.896080242741,9.255555555558711,6.1590677028684036e-06,6771.656739401095
9.266666666664559,1.424854577627406e-05,6453.6614113985825,9.266666666669826,6.617609992814531e-06,6779.872430127623
9.277777777775668,1.4665033780135547e-05,6461.424065340122,9.277777777780942,7.042944810575454e-06,6788.076222573226
9.288888888886776,1.5074116902126688e-05,6469.183849668931,9.288888888892057,7.412423964874262e-06,6796.270965450889
9.299999999997885,1.5480594515854936e-05,6476.940668481312,9.300000000003172,7.707921059242216e-06,6804.459116828361
9.311111111108993,1.5890542260567248e-05,6484.694525417583,9.311111111114286,7.915764910050983e-06,6812.6427755547675
9.322222222220102,1.6311001292405446e-05,6492.445525343777,9.3222222222254,8.026662692781644e-06,6820.823773656335
9.333333333331211,1.674955593283612e-05,6500.19387236323,9.333333333336515,8.035623543247455e-06,6829.003784479162
9.344444444442319,1.72138247703826e-05,6507.939861957175,9.344444444447632,7.941874632476488e-06,6837.184432090745
9.355555555553428,1.771090340308231e-05,6515.683865789849,9.355555555558746,7.748767934927016e-06,6845.367401192948
9.366666666664536,1.824680713172867e-05,6523.426309057716,9.366666666669861,7.4636901153486905e-06,6853.554552093472
9.377777777775645,1.8825966021187742e-05,6531.167641944243,9.377777777780976,7.0980032551556195e-06,6861.748045677655
9.388888888886754,1.9450820753989863e-05,6538.908308282145,9.38888888889209,6.667056188983183e-06,6869.9504780267225
9.399999999997862,2.0121555614902617e-05,6546.648715407925,9.400000000003205,6.190306640455979e-06,6878.165007176978
9.411111111108971,2.0835987255422602e-05,6554.389209097634,9.411111111114321,5.691559767288218e-06,6886.39541075145
9.422222222220078,2.1589608777232102e-05,6562.130056435357,9.422222222225436,5.199200548395343e-06,6894.645918053804
9.433333333331188,2.2375772407798907e-05,6569.8714378617915,9.43333333333655,4.7459623974995e-06,6902.920501951123
9.444444444442297,2.3185983401901024e-05,6577.61344800475,9.444444444447665,4.3671367001913445e-06,6911.221210303853
9.455555555553405,2.4010273388472273e-05,6585.356103649526,9.45555555555878,4.095542071968262e-06,6919.545540702478
9.466666666664514,2.4837621956840637e-05,6593.099356576351,9.466666666669894,3.952618059223313e-06,6927.884417841335
9.477777777775621,2.5656398747834817e-05,6600.843108946802,9.477777777781009,3.939307211737862e-06,6936.223750225981
9.48888888888673,2.6454802719031265e-05,6608.587229281297,9.488888888892125,4.034095111228046e-06,6944.550030204212
9.49999999999784,2.722127933056975e-05,6616.331567616727,9.50000000000324,4.200883706839262e-06,6952.855448259432
9.511111111108947,2.794489970147759e-05,6624.075968988624,9.511111111114355,4.4005031705416055e-06,6961.138656500121
9.522222222220057,2.861568847379359e-05,6631.82028483873,9.52222222222547,4.598840416555816e-06,6969.402442673364
9.533333333331164,2.9224889644762674e-05,6639.564382265805,9.533333333336584,4.770102103698118e-06,6977.65122077763
9.544444444442274,2.9765162458646078e-05,6647.308151220129,9.544444444447699,4.897111991731913e-06,6985.889551876642
9.555555555553383,3.023070290610743e-05,6655.051509817742,9.555555555558815,4.970512151432932e-06,6994.121547110861
9.56666666666449,3.0617290538641826e-05,6662.794407954937,9.56666666666993,4.987770687625484e-06,7002.3507219314815
9.5777777777756,3.092226499466769e-05,6670.536829369489,9.577777777781044,4.9522393783369956e-06,7010.580000796813
9.588888888886707,3.1144441461131836e-05,6678.278792249882,9.588888888892159,4.872215899774471e-06,7018.811715031178
9.599999999997817,3.128397871438479e-05,6686.020348457209,9.600000000003273,4.759865741498926e-06,7027.047519043206
9.611111111108926,3.1342216783956054e-05,6693.761581408501,9.611111111114388,4.62984122867702e-06,7035.288199803386
9.622222222220033,3.1321503087138036e-05,6701.502602680597,9.622222222225503,4.497483139325667e-06,7043.533408315978
9.633333333331143,3.122502566352635e-05,6709.243547428223,9.63333333333662,4.3766405660874245e-06,7051.781416592455
9.64444444444225,3.105666972066314e-05,6716.984568761537,9.644444444447734,4.277418331371532e-06,7060.0290710540385
9.65555555555336,3.0820909230783166e-05,6724.725831285389,9.655555555558848,4.204462576041e-06,7068.272093977799
9.666666666664469,3.052273928034897e-05,6732.467504051742,9.666666666669963,4.1564753658104736e-06,7076.505721453679
9.677777777775576,3.016764804355691e-05,6740.209753207393,9.677777777781078,4.127302517136477e-06,7084.7254467376115
9.688888888886686,2.9761620576133713e-05,6747.952734624954,9.688888888892192,4.108309153263113e-06,7092.927564558421
9.699999999997793,2.9311161066693594e-05,6755.696586787256,9.700000000003309,4.091288112887929e-06,7101.1093674088825
9.711111111108902,2.8823316545282253e-05,6763.441424162437,9.711111111114423,4.0711146102526565e-06,7109.269081017111
9.722222222220012,2.8305683847789333e-05,6771.187331272273,9.722222222225538,4.04762230992017e-06,7117.4057577943995
9.73333333333112,2.7766383022077777e-05,6778.934357635967,9.733333333336653,4.026417451045104e-06,7125.519332240575
9.744444444442228,2.7213984121007642e-05,6786.682513777007,9.744444444447767,4.018421523150771e-06,7133.610928510877
9.755555555553336,2.6657379932550477e-05,6794.4317685162905,9.755555555558882,4.037949911580468e-06,7141.683322181305
9.766666666664445,2.6105603903880633e-05,6802.182047831671,9.766666666669996,4.099371245223405e-06,7149.741225841098
9.777777777775555,2.5567599467886576e-05,6809.933235618979,9.777777777781113,4.21303968389252e-06,7157.790961746835
9.788888888886662,2.505195330798941e-05,6817.685176706799,9.788888888892227,4.38193503694221e-06,7165.839367555498
9.799999999997771,2.456661001383683e-05,6825.437682414055,9.800000000003342,4.600453417086502e-06,7173.89237639595
9.811111111108879,2.4118588476763574e-05,6833.190538761373,9.811111111114457,4.855708232199284e-06,7181.954016760288
9.822222222219988,2.3713720914389933e-05,6840.943517143691,9.822222222225571,5.1304117793645965e-06,7190.026220315354
9.833333333331097,2.3356433622872748e-05,6848.696386872694,9.833333333336686,5.406001421341306e-06,7198.109249047585
9.844444444442205,2.30495848533338e-05,6856.448928581181,9.844444444447802,5.665144545068403e-06,7206.2023229199785
9.855555555553314,2.279437035238582e-05,6864.200947158541,9.855555555558917,5.893388460277412e-06,7214.304154971398
9.866666666664422,2.259030200938817e-05,6871.95228277136,9.866666666670032,6.080073339931423e-06,7222.41330114006
9.877777777775531,2.2435260523113805e-05,6879.702818687747,9.877777777781146,6.218706960971614e-06,7230.528348347772
9.88888888888664,2.232561948969092e-05,6887.452485063538,9.88888888889226,6.306961549374719e-06,7238.647996480542
9.899999999997748,2.225643579979194e-05,6895.2012584735385,9.900000000003375,6.346397459129856e-06,7246.771082782579
9.911111111108857,2.2221699303272894e-05,6902.949157632015,9.911111111114492,6.34198041250474e-06,7254.89658134405
9.922222222219965,2.2214632803052794e-05,6910.6962362873965,9.922222222225606,6.3014402572526565e-06,7263.023597224881
9.933333333331074,2.2228031183388548e-05,6918.4425745836525,9.933333333336721,6.234512565270727e-06,7271.151365931103
9.944444444442183,2.2254625821990063e-05,6926.188270217098,9.944444444447836,6.152103452618395e-06,7279.279262882118
9.95555555555329,2.2287457714567886e-05,6933.933430519398,9.95555555555895,6.065419012059809e-06,7287.406822316849
9.9666666666644,2.2320240521295155e-05,6941.678166249795,9.966666666670065,5.985102415086653e-06,7295.533759778827
9.977777777775508,2.2347693616570932e-05,6949.4225874793065,9.97777777778118,5.920424139794992e-06,7303.659987388182
9.988888888886617,2.2365825615576936e-05,6957.166801576495,9.988888888892296,5.878573832624477e-06,7311.785608701315
9.999999999997726,2.237215093411824e-05,6964.910913005062,10.00000000000341,5.8641041751757635e-06,7319.910882869604
