Reference	Reference	Reference	windowed Reference	windowed Reference	windowed Reference	Sample	Sample	Sample	windowed Sample	windowed Sample	windowed Sample
Time (ps)	Mean	std error	Time (ps)	Mean	std error	Time (ps)	Mean	std error	Time (ps)	Mean	std error
120.25	1.183333e-05		77.80000000000001	0.0	0.0	122.5	5.3333429999999995e-06		80.65000000000006	0.0	0.0
120.3	-1.583366999999999e-05		77.85000000000002	0.0	0.0	122.55	-3.3333199999999996e-06		80.70000000000005	0.0	0.0
120.35	3.483333e-05		77.9	0.0	0.0	122.6	3.333331e-05		80.75000000000006	0.0	0.0
120.4	3.550002999999999e-05		77.95000000000002	0.0	0.0	122.65	-7.99999e-06		80.80000000000007	0.0	0.0
120.45	-2.549966999999999e-05		78.0	0.0	0.0	122.7	-1.666669e-05		80.85000000000005	0.0	0.0
120.5	-2.7499670000000012e-05		78.05000000000001	0.0	0.0	122.75	1.333334e-05		80.90000000000006	0.0	0.0
120.55	2.0500330000000003e-05		78.10000000000002	0.0	0.0	122.8	-9.999989999999998e-06		80.95000000000005	0.0	0.0
120.6	-1.0833670000000006e-05		78.15	0.0	0.0	122.85	6.6666770000000005e-06		81.00000000000006	0.0	0.0
120.65	-1.116666999999999e-05		78.20000000000002	0.0	0.0	122.9	1.000001e-05		81.05000000000007	0.0	0.0
120.7	-1.1833670000000003e-05		78.25	0.0	0.0	122.95	-3.066669e-05		81.10000000000005	0.0	0.0
120.75	-9.833670000000008e-06		78.30000000000001	0.0	0.0	123.0	4.2666709999999997e-05		81.15000000000006	0.0	0.0
120.8	-4.499669999999996e-06		78.35000000000002	0.0	0.0	123.05	-4.3999990000000005e-05		81.20000000000005	0.0	0.0
120.85	3.616663e-05		78.4	0.0	0.0	123.1	-2.266669e-05		81.25000000000006	0.0	0.0
120.9	7.383333e-05		78.45000000000002	0.0	0.0	123.15	-1.3333200000000001e-06		81.30000000000007	0.0	0.0
120.95	5.983333e-05		78.5	0.0	0.0	123.2	-1.9999989999999998e-05		81.35000000000005	0.0	0.0
121.0	7.650003e-05		78.55000000000001	0.0	0.0	123.25	1.3333399999999998e-06		81.40000000000006	0.0	0.0
121.05	0.00012483333		78.60000000000002	0.0	0.0	123.3	4.66668e-06		81.45000000000005	0.0	0.0
121.1	8.850003e-05		78.65	0.0	0.0	123.35	9.33334e-06		81.50000000000006	0.0	0.0
121.15	0.00015716663		78.70000000000002	0.0	0.0	123.4	2.400001e-05		81.55000000000007	0.0	0.0
121.2	0.00018150003		78.75	0.0	0.0	123.45	1.800001e-05		81.60000000000005	0.0	0.0
121.25	0.00018550003		78.80000000000001	0.0	0.0	123.5	-8.666689999999999e-06		81.65000000000006	0.0	0.0
121.3	0.00025450033		78.85000000000002	0.0	0.0	123.55	2.933331e-05		81.70000000000005	0.0	0.0
121.35	0.00028483332999999994		78.9	0.0	0.0	123.6	1.3333399999999998e-06		81.75000000000006	0.0	0.0
121.4	0.00028316633		78.95000000000002	0.0	0.0	123.65	4.400001e-05		81.80000000000007	0.0	0.0
121.45	0.00034916632999999997		79.0	0.0	0.0	123.7	2.800001e-05		81.85000000000005	0.0	0.0
121.5	0.00038883333		79.05000000000001	0.0	0.0	123.75	1.000001e-05		81.90000000000006	0.0	0.0
121.55	0.00048116633		79.10000000000002	0.0	0.0	123.8	5.333331e-05		81.95000000000005	0.0	0.0
121.6	0.00055983333		79.15	0.0	0.0	123.85	2.400001e-05		82.00000000000006	0.0	0.0
121.65	0.00061183333		79.20000000000002	0.0	0.0	123.9	-8.666689999999999e-06		82.05000000000007	0.0	0.0
121.7	0.00080416633		79.25	0.0	0.0	123.95	-5.33329e-06		82.10000000000005	0.0	0.0
121.75	0.0009278333300000001		79.30000000000001	0.0	0.0	124.0	2.333331e-05		82.15000000000006	0.0	0.0
121.8	0.00119783333		79.35000000000002	0.0	0.0	124.05	3.333331e-05		82.20000000000005	0.0	0.0
121.85	0.0014378333299999999		79.4	0.0	0.0	124.1	5.466671e-05		82.25000000000006	0.0	0.0
121.9	0.00189783333		79.45000000000002	0.0	0.0	124.15	4.2666709999999997e-05		82.30000000000007	0.0	0.0
121.95	0.00249783333		79.5	0.0	0.0	124.2	2.800001e-05		82.35000000000005	0.0	0.0
122.0	0.00321783333		79.55000000000001	0.0	0.0	124.25	4.200001e-05		82.40000000000006	0.0	0.0
122.05	0.0041678333300000005		79.60000000000002	0.0	0.0	124.3	3.400001e-05		82.45000000000005	0.0	0.0
122.1	0.00543783333		79.65	0.0	0.0	124.35	6.733331e-05		82.50000000000006	0.0	0.0
122.15	0.00692783333		79.70000000000002	0.0	0.0	124.4	0.00010066671		82.55000000000007	0.0	0.0
122.2	0.00856783333		79.75	0.0	0.0	124.45	0.00015800001		82.60000000000005	0.0	0.0
122.25	0.01007783333		79.80000000000001	0.0	0.0	124.5	0.00020933301		82.65000000000006	0.0	0.0
122.3	0.01127783333		79.85000000000002	0.0	0.0	124.55	0.00022400001		82.70000000000005	0.0	0.0
122.35	0.01182783333		79.9	0.0	0.0	124.6	0.00028466701		82.75000000000006	0.0	0.0
122.4	0.011267833330000001		79.95000000000002	0.0	0.0	124.65	0.00033800001		82.80000000000007	0.0	0.0
122.45	0.00901783333		80.0	0.0	0.0	124.7	0.00029733301		82.85000000000005	0.0	0.0
122.5	0.00504783333		80.05000000000001	0.0	0.0	124.75	0.00016866701		82.90000000000006	0.0	0.0
122.55	-0.0008821666700000001		80.10000000000002	0.0	0.0	124.8	8.266670999999999e-05		82.95000000000005	0.0	0.0
122.6	-0.00817216667		80.15	0.0	0.0	124.85	-4.266669e-05		83.00000000000006	0.0	0.0
122.65	-0.01622216667		80.20000000000002	0.0	0.0	124.9	-0.00039666699		83.05000000000007	0.0	0.0
122.7	-0.02338216667		80.25	0.0	0.0	124.95	-0.00060266699		83.10000000000005	0.0	0.0
122.75	-0.02757216667		80.30000000000001	0.0	0.0	125.0	-0.00083133299		83.15000000000006	0.0	0.0
122.8	-0.02827216667		80.35000000000002	0.0	0.0	125.05	-0.0009926669899999999		83.20000000000005	0.0	0.0
122.85	-0.02396216667		80.4	0.0	0.0	125.1	-0.00094999999		83.25000000000006	0.0	0.0
122.9	-0.01531216667		80.45000000000002	0.0	0.0	125.15	-0.00068733299		83.30000000000007	0.0	0.0
122.95	-0.00301216667		80.5	0.0	0.0	125.2	-0.00021599999		83.35000000000005	0.0	0.0
123.0	0.00950783333		80.55000000000001	0.0	0.0	125.25	0.00043800001		83.40000000000006	0.0	0.0
123.05	0.01898783333		80.60000000000002	0.0	0.0	125.3	0.00106600001		83.45000000000005	0.0	0.0
123.1	0.02348783333		80.65	0.0	0.0	125.35	0.00153600001		83.50000000000006	0.0	0.0
123.15	0.02133783333		80.70000000000002	0.0	0.0	125.4	0.00162600001		83.55000000000007	0.0	0.0
123.2	0.01269783333		80.75	0.0	0.0	125.45	0.00123600001		83.60000000000005	0.0	0.0
123.25	0.00260783333		80.80000000000001	0.0	0.0	125.5	0.00044466701		83.65000000000006	0.0	0.0
123.3	-0.00729216667		80.85000000000002	0.0	0.0	125.55	-0.00053199999		83.70000000000005	0.0	0.0
123.35	-0.01250216667		80.9	0.0	0.0	125.6	-0.0014539999899999998		83.75000000000006	0.0	0.0
123.4	-0.01188216667		80.95000000000002	0.0	0.0	125.65	-0.0018039999899999999		83.80000000000007	0.0	0.0
123.45	-0.00629216667		81.0	0.0	0.0	125.7	-0.00158399999		83.85000000000005	0.0	0.0
123.5	0.00107383333		81.05000000000001	0.0	0.0	125.75	-0.00074266699		83.90000000000006	0.0	0.0
123.55	0.00670783333		81.10000000000002	0.0	0.0	125.8	0.00031266701		83.95000000000005	0.0	0.0
123.6	0.00825783333		81.15	0.0	0.0	125.85	0.0013360000100000001		84.00000000000006	0.0	0.0
123.65	0.00538783333		81.20000000000002	0.0	0.0	125.9	0.00170600001		84.05000000000007	0.0	0.0
123.7	-0.00018249966999999998		81.25	0.0	0.0	125.95	0.0012560000100000001		84.10000000000005	0.0	0.0
123.75	-0.005032166669999999		81.30000000000001	0.0	0.0	126.0	0.00038733301		84.15000000000006	0.0	0.0
123.8	-0.0069221666699999995		81.35000000000002	0.0	0.0	126.05	-0.00074333299		84.20000000000005	0.0	0.0
123.85	-0.004882166669999999		81.4	0.0	0.0	126.1	-0.00143399999		84.25000000000006	0.0	0.0
123.9	-0.00045316667000000005		81.45000000000002	0.0	0.0	126.15	-0.00124399999		84.30000000000007	0.0	0.0
123.95	0.00391783333		81.5	0.0	0.0	126.2	-0.00056666699		84.35000000000005	0.0	0.0
124.0	0.00583783333		81.55000000000001	0.0	0.0	126.25	0.00038400001		84.40000000000006	0.0	0.0
124.05	0.00460783333		81.60000000000002	0.0	0.0	126.3	0.0010960000100000001		84.45000000000005	0.0	0.0
124.1	0.00153783333		81.65	0.0	0.0	126.35	0.00113600001		84.50000000000006	0.0	0.0
124.15	-0.0018921666700000002		81.70000000000002	0.0	0.0	126.4	0.00057733301		84.55000000000007	0.0	0.0
124.2	-0.00350216667		81.75	0.0	0.0	126.45	-0.00015066699		84.60000000000005	0.0	0.0
124.25	-0.00300216667		81.80000000000001	0.0	0.0	126.5	-0.00080199999		84.65000000000006	0.0	0.0
124.3	-0.00109216667		81.85000000000002	0.0	0.0	126.55	-0.00091333299		84.70000000000005	0.0	0.0
124.35	0.00097783333		81.9	0.0	0.0	126.6	-0.00055733299		84.75000000000006	0.0	0.0
124.4	0.00200783333		81.95000000000002	0.0	0.0	126.65	0.00010933300999999999		84.80000000000007	0.0	0.0
124.45	0.00154783333		82.0	0.0	0.0	126.7	0.00052466701		84.85000000000005	0.0	0.0
124.5	0.00029350033		82.05000000000001	0.0	0.0	126.75	0.00060333301		84.90000000000006	0.0	0.0
124.55	-0.0008628336700000001		82.10000000000002	0.0	0.0	126.8	0.00030000001		84.95000000000005	0.0	0.0
124.6	-0.00116216667		82.15	0.0	0.0	126.85	-7.266669e-05		85.00000000000006	0.0	0.0
124.65	-0.00059949967		82.20000000000002	0.0	0.0	126.9	-0.00041933299		85.05000000000007	0.0	0.0
124.7	0.00034650033		82.25	0.0	0.0	126.95	-0.00049533299		85.10000000000005	0.0	0.0
124.75	0.00100416633		82.30000000000001	0.0	0.0	127.0	-0.00019266699		85.15000000000006	0.0	0.0
124.8	0.00098983333		82.35000000000002	0.0	0.0	127.05	0.00010333331		85.20000000000005	0.0	0.0
124.85	0.00042950032999999996		82.4	0.0	0.0	127.1	0.00028800001		85.25000000000006	0.0	0.0
124.9	-0.00023049967		82.45000000000002	0.0	0.0	127.15	0.00024333301		85.30000000000007	0.0	0.0
124.95	-0.00055616667		82.5	0.0	0.0	127.2	0.00011533301		85.35000000000005	0.0	0.0
125.0	-0.00038216667000000006		82.54999999999998	0.0	0.0	127.25	-0.00015199999		85.40000000000003	0.0	0.0
125.05	5.750003e-05		82.6	0.0	0.0	127.3	-0.00020199999		85.45000000000005	0.0	0.0
125.1	0.00055983333		82.64999999999998	0.0	0.0	127.35	-0.00017066699		85.50000000000006	0.0	0.0
125.15	0.0007648333299999999		82.69999999999999	0.0	0.0	127.4	2.666671e-05		85.55000000000004	0.0	0.0
125.2	0.0006231663300000001		82.75	0.0	0.0	127.45	0.00013733301		85.60000000000005	0.0	0.0
125.25	0.00025916633		82.79999999999998	0.0	0.0	127.5	0.00015133301		85.65000000000003	0.0	0.0
125.3	-0.00014983367		82.85	0.0	0.0	127.55	4.000001e-05		85.70000000000005	0.0	0.0
125.35	-0.00038616667000000005		82.89999999999998	0.0	0.0	127.6	-4.599999e-05		85.75000000000006	0.0	0.0
125.4	-0.0003724996700000001		82.94999999999999	0.0	0.0	127.65	-7.533329e-05		85.80000000000004	0.0	0.0
125.45	-0.00020716667		83.0	0.0	0.0	127.7	-9.933299e-05		85.85000000000005	0.0	0.0
125.5	-3.249967e-05		83.04999999999998	0.0	0.0	127.75	-5.066669e-05		85.90000000000003	0.0	0.0
125.55	0.00013616666		83.1	0.0	0.0	127.8	-1.4666689999999999e-05		85.95000000000005	0.0	0.0
125.6	0.00025550032999999996		83.14999999999998	0.0	0.0	127.85	0.00010200001		86.00000000000006	0.0	0.0
125.65	0.00025816633		83.19999999999999	0.0	0.0	127.9	5.5333309999999995e-05		86.05000000000004	0.0	0.0
125.7	0.00016883333		83.25	0.0	0.0	127.95	2.333331e-05		86.10000000000005	0.0	0.0
125.75	0.00014483333		83.29999999999998	0.0	0.0	128.0	-1.933329e-05		86.15000000000003	0.0	0.0
125.8	7.083333e-05		83.35	0.0	0.0	128.05	6.6666770000000005e-06		86.20000000000005	0.0	0.0
125.85	0.00011483333		83.39999999999998	0.0	0.0	128.1	-2.066669e-05		86.25000000000006	0.0	0.0
125.9	0.00013416666		83.44999999999999	0.0	0.0	128.15	-2.466669e-05		86.30000000000004	0.0	0.0
125.95	0.00018216663		83.5	0.0	0.0	128.2	-7.99999e-06		86.35000000000005	0.0	0.0
126.0	0.00013816663		83.54999999999998	0.0	0.0	128.25	2.933331e-05		86.40000000000003	0.0	0.0
126.05	7.816663000000001e-05		83.6	0.0	0.0	128.3	-3.999990000000001e-06		86.45000000000005	0.0	0.0
126.1	7.350003000000001e-05		83.64999999999998	0.0	0.0	128.35	2.8666710000000002e-05		86.50000000000006	0.0	0.0
126.15	2.083333e-05		83.69999999999999	0.0	0.0	128.4	-4.066669e-05		86.55000000000004	0.0	0.0
126.2	8.483333e-05		83.75	0.0	0.0	128.45	-7.33329e-06		86.60000000000005	0.0	0.0
126.25	0.00016583333		83.79999999999998	0.0	0.0	128.5	4.66668e-06		86.65000000000003	0.0	0.0
126.3	0.00026516633		83.85	0.0	0.0	128.55	-1.1333289999999998e-05		86.70000000000005	0.0	0.0
126.35	0.00038450032999999995		83.89999999999998	0.0	0.0	128.6	-3.3333199999999996e-06		86.75000000000006	0.0	0.0
126.4	0.00037416633		83.94999999999999	0.0	0.0	128.65	9.99999999985252e-12		86.80000000000004	0.0	0.0
126.45	0.00021550003		84.0	0.0	0.0	128.7	3.266671e-05		86.85000000000005	0.0	0.0
126.5	3.4500029999999994e-05		84.04999999999998	0.0	0.0	128.75	4.3333309999999995e-05		86.90000000000003	0.0	0.0
126.55	-0.00011449967000000001		84.1	0.0	0.0	128.8	-8.666689999999999e-06		86.95000000000005	0.0	0.0
126.6	-0.00015683367		84.14999999999998	0.0	0.0	128.85	-5.799999e-05		87.00000000000006	0.0	0.0
126.65	-0.00015283367		84.19999999999999	0.0	0.0	128.9	-2.733329e-05		87.05000000000004	0.0	0.0
126.7	-7.1666700000000025e-06		84.25	0.0	0.0	128.95	-5.666669e-05		87.10000000000005	0.0	0.0
126.75	9.150003e-05		84.29999999999998	0.0	0.0	129.0	1.600001e-05		87.15000000000003	0.0	0.0
126.8	0.00021050003		84.35	0.0	0.0	129.05	-1.3333200000000001e-06		87.20000000000005	0.0	0.0
126.85	0.00027350032999999996		84.39999999999998	0.0	0.0	129.1	3.533331e-05		87.25000000000006	0.0	0.0
126.9	0.00022383333		84.44999999999999	0.0	0.0	129.15	5.2666709999999996e-05		87.30000000000004	0.0	0.0
126.95	0.00028683333		84.5	0.0	0.0	129.2	2.00001e-06		87.35000000000005	0.0	0.0
127.0	0.00026616632999999995		84.54999999999998	0.0	0.0	129.25	-5.33329e-06		87.40000000000003	0.0	0.0
127.05	0.00024650032999999996		84.6	0.0	0.0	129.3	2.400001e-05		87.45000000000005	0.0	0.0
127.1	0.00023650033		84.64999999999998	0.0	0.0	129.35	-2.8666689999999997e-05		87.50000000000006	0.0	0.0
127.15	0.00021950002999999998		84.69999999999999	0.0	0.0	129.4	3.8000009999999996e-05		87.55000000000004	0.0	0.0
127.2	9.716663e-05		84.75	0.0	0.0	129.45	2.466671e-05		87.60000000000005	0.0	0.0
127.25	4.050002999999999e-05		84.79999999999998	0.0	0.0	129.5	-3.266669e-05		87.65000000000003	0.0	0.0
127.3	1.5003299999999878e-06		84.85	0.0	0.0	129.55	-2.666660000000001e-06		87.70000000000005	0.0	0.0
127.35	7.250003e-05		84.89999999999998	0.0	0.0	129.6	9.33334e-06		87.75000000000006	0.0	0.0
127.4	0.00016783333		84.94999999999999	0.0	0.0	129.65	-1.8666689999999998e-05		87.80000000000004	0.0	0.0
127.45	0.00028250032999999996		85.0	0.0	0.0	129.7	1.733331e-05		87.85000000000005	0.0	0.0
127.5	0.00030483333		85.04999999999998	0.0	0.0	129.75	4.933331e-05		87.90000000000003	0.0	0.0
127.55	0.00027950033		85.1	0.0	0.0	129.8	7.600000999999999e-05		87.95000000000005	0.0	0.0
127.6	0.00014850003		85.14999999999998	0.0	0.0	129.85	1.666671e-05		88.00000000000006	0.0	0.0
127.65	7.416663e-05		85.19999999999999	0.0	0.0	129.9	-1.8666689999999998e-05		88.05000000000004	0.0	0.0
127.7	-7.1666700000000025e-06		85.25	0.0	0.0	129.95	-2.333329e-05		88.10000000000005	0.0	0.0
127.75	1.0500330000000004e-05		85.29999999999998	0.0	0.0	130.0	4.733331e-05		88.15000000000003	0.0	0.0
127.8	6.0833329999999994e-05		85.35	0.0	0.0	130.05	-3.6666690000000005e-05		88.20000000000005	0.0	0.0
127.85	0.00015883333		85.39999999999998	0.0	0.0	130.1	-1.2666689999999998e-05		88.25000000000006	0.0	0.0
127.9	0.00022883333000000002		85.44999999999999	0.0	0.0	130.15	-1.1333289999999998e-05		88.30000000000004	0.0	0.0
127.95	0.00023616633		85.5	0.0	0.0	130.2	1.066668e-05		88.35000000000005	0.0	0.0
128.0	0.00015383333		85.54999999999998	0.0	0.0	130.25	6.666800000000002e-07		88.40000000000003	0.0	0.0
128.05	0.00017116663		85.6	0.0	0.0	130.3	-2.399999e-05		88.45000000000005	0.0	0.0
128.1	0.00014483333		85.64999999999998	0.0	0.0	130.35	-2.666660000000001e-06		88.50000000000006	0.0	0.0
128.15	0.00019383333		85.69999999999999	0.0	0.0	130.4	-2.333329e-05		88.55000000000004	0.0	0.0
128.2	0.00022883333000000002		85.75	0.0	0.0	130.45	3.000001e-05		88.60000000000005	0.0	0.0
128.25	0.00021416663		85.79999999999998	0.0	0.0	130.5	-2.9333290000000002e-05		88.65000000000003	0.0	0.0
128.3	0.00024316633000000002		85.85	0.0	0.0	130.55	7.33334e-06		88.70000000000005	0.0	0.0
128.35	0.00016083333		85.89999999999998	0.0	0.0	130.6	4.133331e-05		88.75000000000006	0.0	0.0
128.4	8.583333000000001e-05		85.94999999999999	0.0	0.0	130.65	-1.8666689999999998e-05		88.80000000000004	0.0	0.0
128.45	5.3500029999999995e-05		86.0	0.0	0.0	130.7	1.3333399999999998e-06		88.85000000000005	0.0	0.0
128.5	5.3166629999999995e-05		86.04999999999998	0.0	0.0	130.75	-1.2666689999999998e-05		88.90000000000003	0.0	0.0
128.55	9.450003000000001e-05		86.1	0.0	0.0	130.8	-2.466669e-05		88.95000000000005	0.0	0.0
128.6	0.00016850003		86.14999999999998	0.0	0.0	130.85	2.6000010000000002e-05		89.00000000000006	0.0	0.0
128.65	0.00020083333		86.19999999999999	0.0	0.0	130.9	2.200001e-05		89.05000000000004	0.0	0.0
128.7	0.00020316663000000002		86.25	0.0	0.0	130.95	5.2666709999999996e-05		89.10000000000005	0.0	0.0
128.75	0.00021050003		86.29999999999998	0.0	0.0	131.0	3.33334e-06		89.15000000000003	0.0	0.0
128.8	0.00011283333		86.35	0.0	0.0	131.05	5.400001e-05		89.20000000000005	0.0	0.0
128.85	3.383333e-05		86.39999999999998	0.0	0.0	131.1	1.2000010000000001e-05		89.25000000000006	0.0	0.0
128.9	-2.833670000000002e-06		86.44999999999999	0.0	0.0	131.15	3.133331e-05		89.30000000000004	0.0	0.0
128.95	-1.0166669999999993e-05		86.5	0.0	0.0	131.2	1.3333399999999998e-06		89.35000000000005	0.0	0.0
129.0	4.683332999999999e-05		86.54999999999998	0.0	0.0	131.25	-1.4666689999999999e-05		89.40000000000003	0.0	0.0
129.05	0.00016550003		86.6	0.0	0.0	131.3	6.6666770000000005e-06		89.45000000000005	0.0	0.0
129.1	0.00019616663		86.64999999999998	0.0	0.0	131.35	1.333334e-05		89.50000000000006	0.0	0.0
129.15	0.00022816633		86.69999999999999	0.0	0.0	131.4	3.200001e-05		89.55000000000004	0.0	0.0
129.2	0.00018850003		86.75	0.0	0.0	131.45	7.33334e-06		89.60000000000005	0.0	0.0
			86.79999999999998	0.0	0.0				89.65000000000003	0.0	0.0
			86.85	0.0	0.0				89.70000000000005	0.0	0.0
			86.89999999999998	0.0	0.0				89.75000000000006	0.0	0.0
			86.94999999999999	0.0	0.0				89.80000000000004	0.0	0.0
			87.0	0.0	0.0				89.85000000000005	0.0	0.0
			87.04999999999998	0.0	0.0				89.90000000000003	0.0	0.0
			87.1	0.0	0.0				89.95000000000005	0.0	0.0
			87.14999999999998	0.0	0.0				90.00000000000006	0.0	0.0
			87.19999999999999	0.0	0.0				90.05000000000004	0.0	0.0
			87.25	0.0	0.0				90.10000000000005	0.0	0.0
			87.29999999999998	0.0	0.0				90.15000000000003	0.0	0.0
			87.35	0.0	0.0				90.20000000000005	0.0	0.0
			87.39999999999998	0.0	0.0				90.25000000000006	0.0	0.0
			87.44999999999999	0.0	0.0				90.30000000000004	0.0	0.0
			87.5	0.0	0.0				90.35000000000005	0.0	0.0
			87.54999999999998	0.0	0.0				90.40000000000003	0.0	0.0
			87.6	0.0	0.0				90.45000000000005	0.0	0.0
			87.64999999999998	0.0	0.0				90.50000000000006	0.0	0.0
			87.69999999999999	0.0	0.0				90.55000000000004	0.0	0.0
			87.75	0.0	0.0				90.60000000000005	0.0	0.0
			87.79999999999998	0.0	0.0				90.65000000000003	0.0	0.0
			87.85	0.0	0.0				90.70000000000005	0.0	0.0
			87.89999999999998	0.0	0.0				90.75000000000006	0.0	0.0
			87.94999999999999	0.0	0.0				90.80000000000004	0.0	0.0
			88.0	0.0	0.0				90.85000000000005	0.0	0.0
			88.04999999999998	0.0	0.0				90.90000000000003	0.0	0.0
			88.1	0.0	0.0				90.95000000000005	0.0	0.0
			88.14999999999998	0.0	0.0				91.00000000000006	0.0	0.0
			88.19999999999999	0.0	0.0				91.05000000000004	0.0	0.0
			88.25	0.0	0.0				91.10000000000005	0.0	0.0
			88.29999999999998	0.0	0.0				91.15000000000003	0.0	0.0
			88.35	0.0	0.0				91.20000000000005	0.0	0.0
			88.39999999999998	0.0	0.0				91.25000000000006	0.0	0.0
			88.44999999999999	0.0	0.0				91.30000000000004	0.0	0.0
			88.5	0.0	0.0				91.35000000000005	0.0	0.0
			88.54999999999998	0.0	0.0				91.40000000000003	0.0	0.0
			88.6	0.0	0.0				91.45000000000005	0.0	0.0
			88.64999999999998	0.0	0.0				91.50000000000006	0.0	0.0
			88.69999999999999	0.0	0.0				91.55000000000004	0.0	0.0
			88.75	0.0	0.0				91.60000000000005	0.0	0.0
			88.79999999999998	0.0	0.0				91.65000000000003	0.0	0.0
			88.85	0.0	0.0				91.70000000000005	0.0	0.0
			88.89999999999998	0.0	0.0				91.75000000000006	0.0	0.0
			88.94999999999999	0.0	0.0				91.80000000000004	0.0	0.0
			89.0	0.0	0.0				91.85000000000005	0.0	0.0
			89.04999999999998	0.0	0.0				91.90000000000003	0.0	0.0
			89.1	0.0	0.0				91.95000000000005	0.0	0.0
			89.14999999999998	0.0	0.0				92.00000000000006	0.0	0.0
			89.19999999999999	0.0	0.0				92.05000000000004	0.0	0.0
			89.25	0.0	0.0				92.10000000000005	0.0	0.0
			89.29999999999998	0.0	0.0				92.15000000000003	0.0	0.0
			89.35	0.0	0.0				92.20000000000005	0.0	0.0
			89.39999999999998	0.0	0.0				92.25000000000006	0.0	0.0
			89.44999999999999	0.0	0.0				92.30000000000004	0.0	0.0
			89.5	0.0	0.0				92.35000000000005	0.0	0.0
			89.54999999999998	0.0	0.0				92.40000000000003	0.0	0.0
			89.6	0.0	0.0				92.45000000000005	0.0	0.0
			89.64999999999998	0.0	0.0				92.50000000000006	0.0	0.0
			89.69999999999999	0.0	0.0				92.55000000000004	0.0	0.0
			89.75	0.0	0.0				92.60000000000005	0.0	0.0
			89.79999999999998	0.0	0.0				92.65000000000003	0.0	0.0
			89.85	0.0	0.0				92.70000000000005	0.0	0.0
			89.89999999999998	0.0	0.0				92.75000000000006	0.0	0.0
			89.94999999999999	0.0	0.0				92.80000000000004	0.0	0.0
			90.0	0.0	0.0				92.85000000000005	0.0	0.0
			90.04999999999998	0.0	0.0				92.90000000000003	0.0	0.0
			90.1	0.0	0.0				92.95000000000005	0.0	0.0
			90.14999999999998	0.0	0.0				93.00000000000006	0.0	0.0
			90.19999999999999	0.0	0.0				93.05000000000004	0.0	0.0
			90.25	0.0	0.0				93.10000000000005	0.0	0.0
			90.29999999999998	0.0	0.0				93.15000000000003	0.0	0.0
			90.35	0.0	0.0				93.20000000000005	0.0	0.0
			90.39999999999998	0.0	0.0				93.25000000000006	0.0	0.0
			90.44999999999999	0.0	0.0				93.30000000000004	0.0	0.0
			90.5	0.0	0.0				93.35000000000005	0.0	0.0
			90.54999999999998	0.0	0.0				93.40000000000003	0.0	0.0
			90.6	0.0	0.0				93.45000000000005	0.0	0.0
			90.64999999999998	0.0	0.0				93.50000000000006	0.0	0.0
			90.69999999999999	0.0	0.0				93.55000000000004	0.0	0.0
			90.74999999999999	0.0	0.0				93.60000000000005	0.0	0.0
			90.79999999999998	0.0	0.0				93.65000000000003	0.0	0.0
			90.85	0.0	0.0				93.70000000000005	0.0	0.0
			90.89999999999999	0.0	0.0				93.75000000000006	0.0	0.0
			90.94999999999999	0.0	0.0				93.80000000000004	0.0	0.0
			90.99999999999999	0.0	0.0				93.85000000000005	0.0	0.0
			91.04999999999998	0.0	0.0				93.90000000000003	0.0	0.0
			91.1	0.0	0.0				93.95000000000005	0.0	0.0
			91.14999999999999	0.0	0.0				94.00000000000006	0.0	0.0
			91.19999999999999	0.0	0.0				94.05000000000004	0.0	0.0
			91.24999999999999	0.0	0.0				94.10000000000005	0.0	0.0
			91.29999999999998	0.0	0.0				94.15000000000003	0.0	0.0
			91.35	0.0	0.0				94.20000000000005	0.0	0.0
			91.39999999999999	0.0	0.0				94.25000000000006	0.0	0.0
			91.44999999999999	0.0	0.0				94.30000000000004	0.0	0.0
			91.49999999999999	0.0	0.0				94.35000000000002	0.0	0.0
			91.54999999999998	0.0	0.0				94.40000000000003	0.0	0.0
			91.6	0.0	0.0				94.45000000000005	0.0	0.0
			91.64999999999999	0.0	0.0				94.50000000000003	0.0	0.0
			91.69999999999999	0.0	0.0				94.55000000000004	0.0	0.0
			91.74999999999999	0.0	0.0				94.60000000000002	0.0	0.0
			91.79999999999998	0.0	0.0				94.65000000000003	0.0	0.0
			91.85	0.0	0.0				94.70000000000005	0.0	0.0
			91.89999999999999	0.0	0.0				94.75000000000003	0.0	0.0
			91.94999999999999	0.0	0.0				94.80000000000004	0.0	0.0
			91.99999999999999	0.0	0.0				94.85000000000002	0.0	0.0
			92.04999999999998	0.0	0.0				94.90000000000003	0.0	0.0
			92.1	0.0	0.0				94.95000000000005	0.0	0.0
			92.14999999999999	0.0	0.0				95.00000000000003	0.0	0.0
			92.19999999999999	0.0	0.0				95.05000000000004	0.0	0.0
			92.24999999999999	0.0	0.0				95.10000000000002	0.0	0.0
			92.29999999999998	0.0	0.0				95.15000000000003	0.0	0.0
			92.35	0.0	0.0				95.20000000000005	0.0	0.0
			92.39999999999999	0.0	0.0				95.25000000000003	0.0	0.0
			92.44999999999999	0.0	0.0				95.30000000000004	0.0	0.0
			92.49999999999999	0.0	0.0				95.35000000000002	0.0	0.0
			92.54999999999998	0.0	0.0				95.40000000000003	0.0	0.0
			92.6	0.0	0.0				95.45000000000005	0.0	0.0
			92.64999999999999	0.0	0.0				95.50000000000003	0.0	0.0
			92.69999999999999	0.0	0.0				95.55000000000004	0.0	0.0
			92.74999999999999	0.0	0.0				95.60000000000002	0.0	0.0
			92.79999999999998	0.0	0.0				95.65000000000003	0.0	0.0
			92.85	0.0	0.0				95.70000000000005	0.0	0.0
			92.89999999999999	0.0	0.0				95.75000000000003	0.0	0.0
			92.94999999999999	0.0	0.0				95.80000000000004	0.0	0.0
			92.99999999999999	0.0	0.0				95.85000000000002	0.0	0.0
			93.04999999999998	0.0	0.0				95.90000000000003	0.0	0.0
			93.1	0.0	0.0				95.95000000000005	0.0	0.0
			93.14999999999999	0.0	0.0				96.00000000000003	0.0	0.0
			93.19999999999999	0.0	0.0				96.05000000000004	0.0	0.0
			93.24999999999999	0.0	0.0				96.10000000000002	0.0	0.0
			93.29999999999998	0.0	0.0				96.15000000000003	0.0	0.0
			93.35	0.0	0.0				96.20000000000005	0.0	0.0
			93.39999999999999	0.0	0.0				96.25000000000003	0.0	0.0
			93.44999999999999	0.0	0.0				96.30000000000004	0.0	0.0
			93.49999999999999	0.0	0.0				96.35000000000002	0.0	0.0
			93.54999999999998	0.0	0.0				96.40000000000003	0.0	0.0
			93.6	0.0	0.0				96.45000000000003	0.0	0.0
			93.64999999999999	0.0	0.0				96.50000000000003	0.0	0.0
			93.69999999999999	0.0	0.0				96.55000000000004	0.0	0.0
			93.74999999999999	0.0	0.0				96.60000000000004	0.0	0.0
			93.79999999999998	0.0	0.0				96.65000000000003	0.0	0.0
			93.85	0.0	0.0				96.70000000000003	0.0	0.0
			93.89999999999999	0.0	0.0				96.75000000000003	0.0	0.0
			93.94999999999999	0.0	0.0				96.80000000000004	0.0	0.0
			93.99999999999999	0.0	0.0				96.85000000000004	0.0	0.0
			94.04999999999998	0.0	0.0				96.90000000000003	0.0	0.0
			94.1	0.0	0.0				96.95000000000003	0.0	0.0
			94.14999999999999	0.0	0.0				97.00000000000003	0.0	0.0
			94.19999999999999	0.0	0.0				97.05000000000004	0.0	0.0
			94.24999999999999	0.0	0.0				97.10000000000004	0.0	0.0
			94.29999999999998	0.0	0.0				97.15000000000003	0.0	0.0
			94.35	0.0	0.0				97.20000000000003	0.0	0.0
			94.39999999999999	0.0	0.0				97.25000000000003	0.0	0.0
			94.44999999999999	0.0	0.0				97.30000000000004	0.0	0.0
			94.49999999999999	0.0	0.0				97.35000000000004	0.0	0.0
			94.54999999999998	0.0	0.0				97.40000000000003	0.0	0.0
			94.6	0.0	0.0				97.45000000000003	0.0	0.0
			94.64999999999999	0.0	0.0				97.50000000000003	0.0	0.0
			94.69999999999999	0.0	0.0				97.55000000000004	0.0	0.0
			94.74999999999999	0.0	0.0				97.60000000000004	0.0	0.0
			94.79999999999998	0.0	0.0				97.65000000000003	0.0	0.0
			94.85	0.0	0.0				97.70000000000003	0.0	0.0
			94.89999999999999	0.0	0.0				97.75000000000003	0.0	0.0
			94.94999999999999	0.0	0.0				97.80000000000004	0.0	0.0
			94.99999999999999	0.0	0.0				97.85000000000004	0.0	0.0
			95.04999999999998	0.0	0.0				97.90000000000003	0.0	0.0
			95.1	0.0	0.0				97.95000000000003	0.0	0.0
			95.14999999999999	0.0	0.0				98.00000000000003	0.0	0.0
			95.19999999999999	0.0	0.0				98.05000000000004	0.0	0.0
			95.24999999999999	0.0	0.0				98.10000000000004	0.0	0.0
			95.29999999999998	0.0	0.0				98.15000000000003	0.0	0.0
			95.35	0.0	0.0				98.20000000000003	0.0	0.0
			95.39999999999999	0.0	0.0				98.25000000000003	0.0	0.0
			95.44999999999999	0.0	0.0				98.30000000000004	0.0	0.0
			95.49999999999999	0.0	0.0				98.35000000000004	0.0	0.0
			95.54999999999998	0.0	0.0				98.40000000000003	0.0	0.0
			95.6	0.0	0.0				98.45000000000003	0.0	0.0
			95.64999999999999	0.0	0.0				98.50000000000003	0.0	0.0
			95.69999999999999	0.0	0.0				98.55000000000004	0.0	0.0
			95.74999999999999	0.0	0.0				98.60000000000004	0.0	0.0
			95.79999999999998	0.0	0.0				98.65000000000003	0.0	0.0
			95.85	0.0	0.0				98.70000000000003	0.0	0.0
			95.89999999999999	0.0	0.0				98.75000000000003	0.0	0.0
			95.94999999999999	0.0	0.0				98.80000000000004	0.0	0.0
			95.99999999999999	0.0	0.0				98.85000000000004	0.0	0.0
			96.04999999999998	0.0	0.0				98.90000000000003	0.0	0.0
			96.1	0.0	0.0				98.95000000000003	0.0	0.0
			96.14999999999999	0.0	0.0				99.00000000000003	0.0	0.0
			96.19999999999999	0.0	0.0				99.05000000000004	0.0	0.0
			96.24999999999999	0.0	0.0				99.10000000000004	0.0	0.0
			96.29999999999998	0.0	0.0				99.15000000000003	0.0	0.0
			96.35	0.0	0.0				99.20000000000003	0.0	0.0
			96.39999999999999	0.0	0.0				99.25000000000003	0.0	0.0
			96.44999999999999	0.0	0.0				99.30000000000004	0.0	0.0
			96.49999999999999	0.0	0.0				99.35000000000004	0.0	0.0
			96.54999999999998	0.0	0.0				99.40000000000003	0.0	0.0
			96.6	0.0	0.0				99.45000000000003	0.0	0.0
			96.64999999999999	0.0	0.0				99.50000000000003	0.0	0.0
			96.69999999999999	0.0	0.0				99.55000000000004	0.0	0.0
			96.74999999999999	0.0	0.0				99.60000000000004	0.0	0.0
			96.79999999999998	0.0	0.0				99.65000000000003	0.0	0.0
			96.85	0.0	0.0				99.70000000000003	0.0	0.0
			96.89999999999999	0.0	0.0				99.75000000000003	0.0	0.0
			96.94999999999999	0.0	0.0				99.80000000000004	0.0	0.0
			96.99999999999999	0.0	0.0				99.85000000000004	0.0	0.0
			97.04999999999998	0.0	0.0				99.90000000000003	0.0	0.0
			97.1	0.0	0.0				99.95000000000003	0.0	0.0
			97.14999999999999	0.0	0.0				100.00000000000003	0.0	0.0
			97.19999999999999	0.0	0.0				100.05000000000004	0.0	0.0
			97.24999999999999	0.0	0.0				100.10000000000004	0.0	0.0
			97.29999999999998	0.0	0.0				100.15000000000003	0.0	0.0
			97.35	0.0	0.0				100.20000000000003	0.0	0.0
			97.39999999999999	0.0	0.0				100.25000000000003	0.0	0.0
			97.44999999999999	0.0	0.0				100.30000000000004	0.0	0.0
			97.49999999999999	0.0	0.0				100.35000000000004	0.0	0.0
			97.54999999999998	0.0	0.0				100.40000000000003	0.0	0.0
			97.6	0.0	0.0				100.45000000000003	0.0	0.0
			97.64999999999999	0.0	0.0				100.50000000000003	0.0	0.0
			97.69999999999999	0.0	0.0				100.55000000000004	0.0	0.0
			97.74999999999999	0.0	0.0				100.60000000000004	0.0	0.0
			97.79999999999998	0.0	0.0				100.65000000000003	0.0	0.0
			97.85	0.0	0.0				100.70000000000003	0.0	0.0
			97.89999999999999	0.0	0.0				100.75000000000003	0.0	0.0
			97.94999999999999	0.0	0.0				100.80000000000004	0.0	0.0
			97.99999999999999	0.0	0.0				100.85000000000004	0.0	0.0
			98.04999999999998	0.0	0.0				100.90000000000003	0.0	0.0
			98.1	0.0	0.0				100.95000000000003	0.0	0.0
			98.14999999999999	0.0	0.0				101.00000000000003	0.0	0.0
			98.19999999999999	0.0	0.0				101.05000000000004	0.0	0.0
			98.24999999999999	0.0	0.0				101.10000000000004	0.0	0.0
			98.29999999999998	0.0	0.0				101.15000000000003	0.0	0.0
			98.35	0.0	0.0				101.20000000000003	0.0	0.0
			98.39999999999999	0.0	0.0				101.25000000000003	0.0	0.0
			98.44999999999999	0.0	0.0				101.30000000000004	0.0	0.0
			98.49999999999999	0.0	0.0				101.35000000000004	0.0	0.0
			98.54999999999998	0.0	0.0				101.40000000000003	0.0	0.0
			98.6	0.0	0.0				101.45000000000003	0.0	0.0
			98.64999999999999	0.0	0.0				101.50000000000003	0.0	0.0
			98.69999999999999	0.0	0.0				101.55000000000004	0.0	0.0
			98.74999999999999	0.0	0.0				101.60000000000004	0.0	0.0
			98.79999999999998	0.0	0.0				101.65000000000003	0.0	0.0
			98.85	0.0	0.0				101.70000000000003	0.0	0.0
			98.89999999999999	0.0	0.0				101.75000000000003	0.0	0.0
			98.94999999999999	0.0	0.0				101.80000000000004	0.0	0.0
			98.99999999999999	0.0	0.0				101.85000000000004	0.0	0.0
			99.04999999999998	0.0	0.0				101.90000000000003	0.0	0.0
			99.1	0.0	0.0				101.95000000000003	0.0	0.0
			99.14999999999999	0.0	0.0				102.00000000000003	0.0	0.0
			99.19999999999999	0.0	0.0				102.05000000000004	0.0	0.0
			99.24999999999999	0.0	0.0				102.10000000000004	0.0	0.0
			99.29999999999998	0.0	0.0				102.15000000000003	0.0	0.0
			99.35	0.0	0.0				102.20000000000003	0.0	0.0
			99.39999999999999	0.0	0.0				102.25000000000003	0.0	0.0
			99.44999999999999	0.0	0.0				102.30000000000004	0.0	0.0
			99.49999999999999	0.0	0.0				102.35000000000004	0.0	0.0
			99.54999999999998	0.0	0.0				102.40000000000003	0.0	0.0
			99.6	0.0	0.0				102.45000000000003	0.0	0.0
			99.64999999999999	0.0	0.0				102.50000000000003	0.0	0.0
			99.69999999999999	0.0	0.0				102.55000000000004	0.0	0.0
			99.74999999999999	0.0	0.0				102.60000000000004	0.0	0.0
			99.79999999999998	0.0	0.0				102.65000000000003	0.0	0.0
			99.85	0.0	0.0				102.70000000000003	0.0	0.0
			99.89999999999999	0.0	0.0				102.75000000000003	0.0	0.0
			99.94999999999999	0.0	0.0				102.80000000000004	0.0	0.0
			99.99999999999999	0.0	0.0				102.85000000000004	0.0	0.0
			100.04999999999998	0.0	0.0				102.90000000000003	0.0	0.0
			100.1	0.0	0.0				102.95000000000003	0.0	0.0
			100.14999999999999	0.0	0.0				103.00000000000003	0.0	0.0
			100.19999999999999	0.0	0.0				103.05000000000004	0.0	0.0
			100.24999999999999	0.0	0.0				103.10000000000004	0.0	0.0
			100.29999999999998	0.0	0.0				103.15000000000003	0.0	0.0
			100.35	0.0	0.0				103.20000000000003	0.0	0.0
			100.39999999999999	0.0	0.0				103.25000000000003	0.0	0.0
			100.44999999999999	0.0	0.0				103.30000000000003	0.0	0.0
			100.5	0.0	0.0				103.35000000000002	0.0	0.0
			100.55	0.0	0.0				103.40000000000002	0.0	0.0
			100.6	0.0	0.0				103.45000000000002	0.0	0.0
			100.64999999999999	0.0	0.0				103.50000000000003	0.0	0.0
			100.69999999999999	0.0	0.0				103.55000000000003	0.0	0.0
			100.75	0.0	0.0				103.60000000000002	0.0	0.0
			100.8	0.0	0.0				103.65000000000002	0.0	0.0
			100.85	0.0	0.0				103.70000000000002	0.0	0.0
			100.89999999999999	0.0	0.0				103.75000000000003	0.0	0.0
			100.94999999999999	0.0	0.0				103.80000000000003	0.0	0.0
			101.0	0.0	0.0				103.85000000000002	0.0	0.0
			101.05	0.0	0.0				103.90000000000002	0.0	0.0
			101.1	0.0	0.0				103.95000000000002	0.0	0.0
			101.14999999999999	0.0	0.0				104.00000000000003	0.0	0.0
			101.19999999999999	0.0	0.0				104.05000000000003	0.0	0.0
			101.25	0.0	0.0				104.10000000000002	0.0	0.0
			101.3	0.0	0.0				104.15000000000002	0.0	0.0
			101.35	0.0	0.0				104.20000000000002	0.0	0.0
			101.39999999999999	0.0	0.0				104.25000000000003	0.0	0.0
			101.44999999999999	0.0	0.0				104.30000000000003	0.0	0.0
			101.5	0.0	0.0				104.35000000000002	0.0	0.0
			101.55	0.0	0.0				104.40000000000002	0.0	0.0
			101.6	0.0	0.0				104.45000000000002	0.0	0.0
			101.64999999999999	0.0	0.0				104.50000000000003	0.0	0.0
			101.69999999999999	0.0	0.0				104.55000000000003	0.0	0.0
			101.75	0.0	0.0				104.60000000000002	0.0	0.0
			101.8	0.0	0.0				104.65000000000002	0.0	0.0
			101.85	0.0	0.0				104.70000000000002	0.0	0.0
			101.89999999999999	0.0	0.0				104.75000000000003	0.0	0.0
			101.94999999999999	0.0	0.0				104.80000000000003	0.0	0.0
			102.0	0.0	0.0				104.85000000000002	0.0	0.0
			102.05	0.0	0.0				104.90000000000002	0.0	0.0
			102.1	0.0	0.0				104.95000000000002	0.0	0.0
			102.14999999999999	0.0	0.0				105.00000000000003	0.0	0.0
			102.19999999999999	0.0	0.0				105.05000000000003	0.0	0.0
			102.25	0.0	0.0				105.10000000000002	0.0	0.0
			102.3	0.0	0.0				105.15000000000002	0.0	0.0
			102.35	0.0	0.0				105.20000000000002	0.0	0.0
			102.39999999999999	0.0	0.0				105.25000000000003	0.0	0.0
			102.44999999999999	0.0	0.0				105.30000000000003	0.0	0.0
			102.5	0.0	0.0				105.35000000000002	0.0	0.0
			102.55	0.0	0.0				105.40000000000002	0.0	0.0
			102.6	0.0	0.0				105.45000000000002	0.0	0.0
			102.64999999999999	0.0	0.0				105.50000000000003	0.0	0.0
			102.69999999999999	0.0	0.0				105.55000000000003	0.0	0.0
			102.75	0.0	0.0				105.60000000000002	0.0	0.0
			102.8	0.0	0.0				105.65000000000002	0.0	0.0
			102.85	0.0	0.0				105.70000000000002	0.0	0.0
			102.89999999999999	0.0	0.0				105.75000000000003	0.0	0.0
			102.94999999999999	0.0	0.0				105.80000000000003	0.0	0.0
			103.0	0.0	0.0				105.85000000000002	0.0	0.0
			103.05	0.0	0.0				105.90000000000002	0.0	0.0
			103.1	0.0	0.0				105.95000000000002	0.0	0.0
			103.14999999999999	0.0	0.0				106.00000000000003	0.0	0.0
			103.19999999999999	0.0	0.0				106.05000000000003	0.0	0.0
			103.25	0.0	0.0				106.10000000000002	0.0	0.0
			103.3	0.0	0.0				106.15000000000002	0.0	0.0
			103.35	0.0	0.0				106.20000000000002	0.0	0.0
			103.39999999999999	0.0	0.0				106.25000000000003	0.0	0.0
			103.44999999999999	0.0	0.0				106.30000000000003	0.0	0.0
			103.5	0.0	0.0				106.35000000000002	0.0	0.0
			103.55	0.0	0.0				106.40000000000002	0.0	0.0
			103.6	0.0	0.0				106.45000000000002	0.0	0.0
			103.64999999999999	0.0	0.0				106.50000000000003	0.0	0.0
			103.69999999999999	0.0	0.0				106.55000000000003	0.0	0.0
			103.75	0.0	0.0				106.60000000000002	0.0	0.0
			103.8	0.0	0.0				106.65000000000002	0.0	0.0
			103.85	0.0	0.0				106.70000000000002	0.0	0.0
			103.89999999999999	0.0	0.0				106.75000000000003	0.0	0.0
			103.94999999999999	0.0	0.0				106.80000000000003	0.0	0.0
			104.0	0.0	0.0				106.85000000000002	0.0	0.0
			104.05	0.0	0.0				106.90000000000002	0.0	0.0
			104.1	0.0	0.0				106.95000000000002	0.0	0.0
			104.14999999999999	0.0	0.0				107.00000000000003	0.0	0.0
			104.19999999999999	0.0	0.0				107.05000000000003	0.0	0.0
			104.25	0.0	0.0				107.10000000000002	0.0	0.0
			104.3	0.0	0.0				107.15000000000002	0.0	0.0
			104.35	0.0	0.0				107.20000000000002	0.0	0.0
			104.39999999999999	0.0	0.0				107.25000000000003	0.0	0.0
			104.44999999999999	0.0	0.0				107.30000000000003	0.0	0.0
			104.5	0.0	0.0				107.35000000000002	0.0	0.0
			104.55	0.0	0.0				107.40000000000002	0.0	0.0
			104.6	0.0	0.0				107.45000000000002	0.0	0.0
			104.64999999999999	0.0	0.0				107.50000000000003	0.0	0.0
			104.69999999999999	0.0	0.0				107.55000000000003	0.0	0.0
			104.75	0.0	0.0				107.60000000000002	0.0	0.0
			104.8	0.0	0.0				107.65000000000002	0.0	0.0
			104.85	0.0	0.0				107.70000000000002	0.0	0.0
			104.89999999999999	0.0	0.0				107.75000000000003	0.0	0.0
			104.94999999999999	0.0	0.0				107.80000000000003	0.0	0.0
			105.0	0.0	0.0				107.85000000000002	0.0	0.0
			105.05	0.0	0.0				107.90000000000002	0.0	0.0
			105.1	0.0	0.0				107.95000000000002	0.0	0.0
			105.14999999999999	0.0	0.0				108.00000000000003	0.0	0.0
			105.19999999999999	0.0	0.0				108.05000000000003	0.0	0.0
			105.25	0.0	0.0				108.10000000000002	0.0	0.0
			105.3	0.0	0.0				108.15000000000002	0.0	0.0
			105.35	0.0	0.0				108.20000000000002	0.0	0.0
			105.39999999999999	0.0	0.0				108.25000000000003	0.0	0.0
			105.44999999999999	0.0	0.0				108.30000000000003	0.0	0.0
			105.5	0.0	0.0				108.35000000000002	0.0	0.0
			105.55	0.0	0.0				108.40000000000002	0.0	0.0
			105.6	0.0	0.0				108.45000000000002	0.0	0.0
			105.64999999999999	0.0	0.0				108.50000000000003	0.0	0.0
			105.69999999999999	0.0	0.0				108.55000000000003	0.0	0.0
			105.75	0.0	0.0				108.60000000000002	0.0	0.0
			105.8	0.0	0.0				108.65000000000002	0.0	0.0
			105.85	0.0	0.0				108.70000000000002	0.0	0.0
			105.89999999999999	0.0	0.0				108.75000000000003	0.0	0.0
			105.94999999999999	0.0	0.0				108.80000000000003	0.0	0.0
			106.0	0.0	0.0				108.85000000000002	0.0	0.0
			106.05	0.0	0.0				108.90000000000002	0.0	0.0
			106.1	0.0	0.0				108.95000000000002	0.0	0.0
			106.14999999999999	0.0	0.0				109.00000000000003	0.0	0.0
			106.19999999999999	0.0	0.0				109.05000000000003	0.0	0.0
			106.25	0.0	0.0				109.10000000000002	0.0	0.0
			106.3	0.0	0.0				109.15000000000002	0.0	0.0
			106.35	0.0	0.0				109.20000000000002	0.0	0.0
			106.39999999999999	0.0	0.0				109.25000000000003	0.0	0.0
			106.44999999999999	0.0	0.0				109.30000000000003	0.0	0.0
			106.5	0.0	0.0				109.35000000000002	0.0	0.0
			106.55	0.0	0.0				109.40000000000002	0.0	0.0
			106.6	0.0	0.0				109.45000000000002	0.0	0.0
			106.64999999999999	0.0	0.0				109.50000000000003	0.0	0.0
			106.69999999999999	0.0	0.0				109.55000000000003	0.0	0.0
			106.75	0.0	0.0				109.60000000000002	0.0	0.0
			106.8	0.0	0.0				109.65000000000002	0.0	0.0
			106.85	0.0	0.0				109.70000000000002	0.0	0.0
			106.89999999999999	0.0	0.0				109.75000000000003	0.0	0.0
			106.94999999999999	0.0	0.0				109.80000000000003	0.0	0.0
			107.0	0.0	0.0				109.85000000000002	0.0	0.0
			107.05	0.0	0.0				109.90000000000002	0.0	0.0
			107.1	0.0	0.0				109.95000000000002	0.0	0.0
			107.14999999999999	0.0	0.0				110.00000000000003	0.0	0.0
			107.19999999999999	0.0	0.0				110.05000000000003	0.0	0.0
			107.25	0.0	0.0				110.10000000000002	0.0	0.0
			107.3	0.0	0.0				110.15000000000003	0.0	0.0
			107.35	0.0	0.0				110.20000000000002	0.0	0.0
			107.39999999999999	0.0	0.0				110.25000000000003	0.0	0.0
			107.44999999999999	0.0	0.0				110.30000000000001	0.0	0.0
			107.5	0.0	0.0				110.35000000000002	0.0	0.0
			107.55	0.0	0.0				110.40000000000003	0.0	0.0
			107.6	0.0	0.0				110.45000000000002	0.0	0.0
			107.64999999999999	0.0	0.0				110.50000000000003	0.0	0.0
			107.69999999999999	0.0	0.0				110.55000000000001	0.0	0.0
			107.75	0.0	0.0				110.60000000000002	0.0	0.0
			107.8	0.0	0.0				110.65000000000003	0.0	0.0
			107.85	0.0	0.0				110.70000000000002	0.0	0.0
			107.89999999999999	0.0	0.0				110.75000000000003	0.0	0.0
			107.94999999999999	0.0	0.0				110.80000000000001	0.0	0.0
			108.0	0.0	0.0				110.85000000000002	0.0	0.0
			108.05	0.0	0.0				110.90000000000003	0.0	0.0
			108.1	0.0	0.0				110.95000000000002	0.0	0.0
			108.14999999999999	0.0	0.0				111.00000000000003	0.0	0.0
			108.19999999999999	0.0	0.0				111.05000000000001	0.0	0.0
			108.25	0.0	0.0				111.10000000000002	0.0	0.0
			108.3	0.0	0.0				111.15000000000003	0.0	0.0
			108.35	0.0	0.0				111.20000000000002	0.0	0.0
			108.39999999999999	0.0	0.0				111.25000000000003	0.0	0.0
			108.44999999999999	0.0	0.0				111.30000000000001	0.0	0.0
			108.5	0.0	0.0				111.35000000000002	0.0	0.0
			108.55	0.0	0.0				111.40000000000003	0.0	0.0
			108.6	0.0	0.0				111.45000000000002	0.0	0.0
			108.64999999999999	0.0	0.0				111.50000000000003	0.0	0.0
			108.69999999999999	0.0	0.0				111.55000000000001	0.0	0.0
			108.75	0.0	0.0				111.60000000000002	0.0	0.0
			108.8	0.0	0.0				111.65000000000003	0.0	0.0
			108.85	0.0	0.0				111.70000000000002	0.0	0.0
			108.89999999999999	0.0	0.0				111.75000000000003	0.0	0.0
			108.94999999999999	0.0	0.0				111.80000000000001	0.0	0.0
			109.0	0.0	0.0				111.85000000000002	0.0	0.0
			109.05	0.0	0.0				111.90000000000003	0.0	0.0
			109.1	0.0	0.0				111.95000000000002	0.0	0.0
			109.14999999999999	0.0	0.0				112.00000000000003	0.0	0.0
			109.19999999999999	0.0	0.0				112.05000000000001	0.0	0.0
			109.25	0.0	0.0				112.10000000000002	0.0	0.0
			109.3	0.0	0.0				112.15000000000003	0.0	0.0
			109.35	0.0	0.0				112.20000000000002	0.0	0.0
			109.39999999999999	0.0	0.0				112.25	0.0	0.0
			109.44999999999999	0.0	0.0				112.30000000000001	0.0	0.0
			109.5	0.0	0.0				112.35000000000002	0.0	0.0
			109.55	0.0	0.0				112.4	0.0	0.0
			109.6	0.0	0.0				112.45000000000002	0.0	0.0
			109.64999999999999	0.0	0.0				112.5	0.0	0.0
			109.69999999999999	0.0	0.0				112.55000000000001	0.0	0.0
			109.75	0.0	0.0				112.60000000000002	0.0	0.0
			109.8	0.0	0.0				112.65	0.0	0.0
			109.85	0.0	0.0				112.70000000000002	0.0	0.0
			109.89999999999999	0.0	0.0				112.75	0.0	0.0
			109.94999999999999	0.0	0.0				112.80000000000001	0.0	0.0
			110.0	0.0	0.0				112.85000000000002	0.0	0.0
			110.05	0.0	0.0				112.9	0.0	0.0
			110.1	0.0	0.0				112.95000000000002	0.0	0.0
			110.14999999999999	0.0	0.0				113.0	0.0	0.0
			110.19999999999999	0.0	0.0				113.05000000000001	0.0	0.0
			110.25	0.0	0.0				113.10000000000002	0.0	0.0
			110.3	0.0	0.0				113.15	0.0	0.0
			110.35	0.0	0.0				113.20000000000002	0.0	0.0
			110.39999999999999	0.0	0.0				113.25	0.0	0.0
			110.44999999999999	0.0	0.0				113.30000000000001	0.0	0.0
			110.5	0.0	0.0				113.35000000000002	0.0	0.0
			110.55	0.0	0.0				113.4	0.0	0.0
			110.6	0.0	0.0				113.45000000000002	0.0	0.0
			110.64999999999999	0.0	0.0				113.5	0.0	0.0
			110.69999999999999	0.0	0.0				113.55000000000001	0.0	0.0
			110.75	0.0	0.0				113.60000000000002	0.0	0.0
			110.8	0.0	0.0				113.65	0.0	0.0
			110.85	0.0	0.0				113.70000000000002	0.0	0.0
			110.89999999999999	0.0	0.0				113.75	0.0	0.0
			110.94999999999999	0.0	0.0				113.80000000000001	0.0	0.0
			111.0	0.0	0.0				113.85000000000002	0.0	0.0
			111.05	0.0	0.0				113.9	0.0	0.0
			111.1	0.0	0.0				113.95000000000002	0.0	0.0
			111.14999999999999	0.0	0.0				114.0	0.0	0.0
			111.19999999999999	0.0	0.0				114.05000000000001	0.0	0.0
			111.25	0.0	0.0				114.10000000000002	0.0	0.0
			111.3	0.0	0.0				114.15	0.0	0.0
			111.35	0.0	0.0				114.20000000000002	0.0	0.0
			111.39999999999999	0.0	0.0				114.25	0.0	0.0
			111.44999999999999	0.0	0.0				114.30000000000001	0.0	0.0
			111.5	0.0	0.0				114.35000000000001	0.0	0.0
			111.55	0.0	0.0				114.4	0.0	0.0
			111.6	0.0	0.0				114.45000000000002	0.0	0.0
			111.64999999999999	0.0	0.0				114.50000000000001	0.0	0.0
			111.69999999999999	0.0	0.0				114.55000000000001	0.0	0.0
			111.75	0.0	0.0				114.60000000000001	0.0	0.0
			111.8	0.0	0.0				114.65	0.0	0.0
			111.85	0.0	0.0				114.70000000000002	0.0	0.0
			111.89999999999999	0.0	0.0				114.75000000000001	0.0	0.0
			111.94999999999999	0.0	0.0				114.80000000000001	0.0	0.0
			112.0	0.0	0.0				114.85000000000001	0.0	0.0
			112.05	0.0	0.0				114.9	0.0	0.0
			112.1	0.0	0.0				114.95000000000002	0.0	0.0
			112.14999999999999	0.0	0.0				115.00000000000001	0.0	0.0
			112.19999999999999	0.0	0.0				115.05000000000001	0.0	0.0
			112.25	0.0	0.0				115.10000000000001	0.0	0.0
			112.3	0.0	0.0				115.15	0.0	0.0
			112.35	0.0	0.0				115.20000000000002	0.0	0.0
			112.39999999999999	0.0	0.0				115.25000000000001	0.0	0.0
			112.44999999999999	0.0	0.0				115.30000000000001	0.0	0.0
			112.5	0.0	0.0				115.35000000000001	0.0	0.0
			112.55	0.0	0.0				115.4	0.0	0.0
			112.6	0.0	0.0				115.45000000000002	0.0	0.0
			112.64999999999999	0.0	0.0				115.50000000000001	0.0	0.0
			112.69999999999999	0.0	0.0				115.55000000000001	0.0	0.0
			112.75	0.0	0.0				115.60000000000001	0.0	0.0
			112.8	0.0	0.0				115.65	0.0	0.0
			112.85	0.0	0.0				115.70000000000002	0.0	0.0
			112.89999999999999	0.0	0.0				115.75000000000001	0.0	0.0
			112.94999999999999	0.0	0.0				115.80000000000001	0.0	0.0
			113.0	0.0	0.0				115.85000000000001	0.0	0.0
			113.05	0.0	0.0				115.9	0.0	0.0
			113.1	0.0	0.0				115.95000000000002	0.0	0.0
			113.14999999999999	0.0	0.0				116.00000000000001	0.0	0.0
			113.19999999999999	0.0	0.0				116.05000000000001	0.0	0.0
			113.25	0.0	0.0				116.10000000000001	0.0	0.0
			113.3	0.0	0.0				116.15	0.0	0.0
			113.35	0.0	0.0				116.20000000000002	0.0	0.0
			113.39999999999999	0.0	0.0				116.25000000000001	0.0	0.0
			113.44999999999999	0.0	0.0				116.30000000000001	0.0	0.0
			113.5	0.0	0.0				116.35000000000001	0.0	0.0
			113.55	0.0	0.0				116.4	0.0	0.0
			113.6	0.0	0.0				116.45000000000002	0.0	0.0
			113.64999999999999	0.0	0.0				116.50000000000001	0.0	0.0
			113.69999999999999	0.0	0.0				116.55000000000001	0.0	0.0
			113.75	0.0	0.0				116.60000000000001	0.0	0.0
			113.8	0.0	0.0				116.65	0.0	0.0
			113.85	0.0	0.0				116.70000000000002	0.0	0.0
			113.89999999999999	0.0	0.0				116.75000000000001	0.0	0.0
			113.94999999999999	0.0	0.0				116.80000000000001	0.0	0.0
			114.0	0.0	0.0				116.85000000000001	0.0	0.0
			114.05	0.0	0.0				116.9	0.0	0.0
			114.1	0.0	0.0				116.95000000000002	0.0	0.0
			114.14999999999999	0.0	0.0				117.00000000000001	0.0	0.0
			114.19999999999999	0.0	0.0				117.05000000000001	0.0	0.0
			114.25	0.0	0.0				117.10000000000001	0.0	0.0
			114.3	0.0	0.0				117.15	0.0	0.0
			114.35	0.0	0.0				117.20000000000002	0.0	0.0
			114.39999999999999	0.0	0.0				117.25000000000001	0.0	0.0
			114.44999999999999	0.0	0.0				117.30000000000001	0.0	0.0
			114.5	0.0	0.0				117.35000000000001	0.0	0.0
			114.55	0.0	0.0				117.4	0.0	0.0
			114.6	0.0	0.0				117.45000000000002	0.0	0.0
			114.64999999999999	0.0	0.0				117.50000000000001	0.0	0.0
			114.69999999999999	0.0	0.0				117.55000000000001	0.0	0.0
			114.75	0.0	0.0				117.60000000000001	0.0	0.0
			114.8	0.0	0.0				117.65	0.0	0.0
			114.85	0.0	0.0				117.70000000000002	0.0	0.0
			114.89999999999999	0.0	0.0				117.75000000000001	0.0	0.0
			114.94999999999999	0.0	0.0				117.80000000000001	0.0	0.0
			115.0	0.0	0.0				117.85000000000001	0.0	0.0
			115.05	0.0	0.0				117.9	0.0	0.0
			115.1	0.0	0.0				117.95000000000002	0.0	0.0
			115.14999999999999	0.0	0.0				118.00000000000001	0.0	0.0
			115.19999999999999	0.0	0.0				118.05000000000001	0.0	0.0
			115.25	0.0	0.0				118.10000000000001	0.0	0.0
			115.3	0.0	0.0				118.15	0.0	0.0
			115.35	0.0	0.0				118.20000000000002	0.0	0.0
			115.39999999999999	0.0	0.0				118.25000000000001	0.0	0.0
			115.44999999999999	0.0	0.0				118.30000000000001	0.0	0.0
			115.5	0.0	0.0				118.35000000000001	0.0	0.0
			115.55	0.0	0.0				118.4	0.0	0.0
			115.6	0.0	0.0				118.45000000000002	0.0	0.0
			115.64999999999999	0.0	0.0				118.50000000000001	0.0	0.0
			115.69999999999999	0.0	0.0				118.55000000000001	0.0	0.0
			115.75	0.0	0.0				118.60000000000001	0.0	0.0
			115.8	0.0	0.0				118.65	0.0	0.0
			115.85	0.0	0.0				118.70000000000002	0.0	0.0
			115.89999999999999	0.0	0.0				118.75000000000001	0.0	0.0
			115.94999999999999	0.0	0.0				118.80000000000001	0.0	0.0
			116.0	0.0	0.0				118.85000000000001	0.0	0.0
			116.05	0.0	0.0				118.9	0.0	0.0
			116.1	0.0	0.0				118.95000000000002	0.0	0.0
			116.14999999999999	0.0	0.0				119.00000000000001	0.0	0.0
			116.19999999999999	0.0	0.0				119.05000000000001	0.0	0.0
			116.25	0.0	0.0				119.10000000000001	0.0	0.0
			116.3	0.0	0.0				119.15	0.0	0.0
			116.35	0.0	0.0				119.20000000000002	0.0	0.0
			116.39999999999999	0.0	0.0				119.25000000000001	0.0	0.0
			116.44999999999999	0.0	0.0				119.30000000000001	0.0	0.0
			116.5	0.0	0.0				119.35000000000001	0.0	0.0
			116.55	0.0	0.0				119.4	0.0	0.0
			116.6	0.0	0.0				119.45000000000002	0.0	0.0
			116.64999999999999	0.0	0.0				119.50000000000001	0.0	0.0
			116.69999999999999	0.0	0.0				119.55000000000001	0.0	0.0
			116.75	0.0	0.0				119.60000000000001	0.0	0.0
			116.8	0.0	0.0				119.65	0.0	0.0
			116.85	0.0	0.0				119.70000000000002	0.0	0.0
			116.89999999999999	0.0	0.0				119.75000000000001	0.0	0.0
			116.94999999999999	0.0	0.0				119.80000000000001	0.0	0.0
			117.0	0.0	0.0				119.85000000000001	0.0	0.0
			117.05	0.0	0.0				119.9	0.0	0.0
			117.1	0.0	0.0				119.95000000000002	0.0	0.0
			117.14999999999999	0.0	0.0				120.00000000000001	0.0	0.0
			117.19999999999999	0.0	0.0				120.05000000000001	0.0	0.0
			117.25	0.0	0.0				120.10000000000001	0.0	0.0
			117.3	0.0	0.0				120.15	0.0	0.0
			117.35	0.0	0.0				120.20000000000002	0.0	0.0
			117.39999999999999	0.0	0.0				120.25000000000001	0.0	0.0
			117.44999999999999	0.0	0.0				120.30000000000001	0.0	0.0
			117.5	0.0	0.0				120.35000000000001	0.0	0.0
			117.55	0.0	0.0				120.4	0.0	0.0
			117.6	0.0	0.0				120.45000000000002	0.0	0.0
			117.64999999999999	0.0	0.0				120.50000000000001	0.0	0.0
			117.69999999999999	0.0	0.0				120.55000000000001	0.0	0.0
			117.75	0.0	0.0				120.60000000000001	0.0	0.0
			117.8	0.0	0.0				120.65	0.0	0.0
			117.85	0.0	0.0				120.70000000000002	0.0	0.0
			117.89999999999999	0.0	0.0				120.75000000000001	0.0	0.0
			117.94999999999999	0.0	0.0				120.80000000000001	0.0	0.0
			118.0	0.0	0.0				120.85000000000001	0.0	0.0
			118.05	0.0	0.0				120.9	0.0	0.0
			118.1	0.0	0.0				120.95000000000002	0.0	0.0
			118.14999999999999	0.0	0.0				121.00000000000001	0.0	0.0
			118.19999999999999	0.0	0.0				121.05000000000001	0.0	0.0
			118.25	0.0	0.0				121.10000000000001	0.0	0.0
			118.3	0.0	0.0				121.15	0.0	0.0
			118.35	0.0	0.0				121.2	0.0	0.0
			118.4	0.0	0.0				121.25	0.0	0.0
			118.45	0.0	0.0				121.3	0.0	0.0
			118.5	0.0	0.0				121.35	0.0	0.0
			118.55	0.0	0.0				121.4	0.0	0.0
			118.6	0.0	0.0				121.45	0.0	0.0
			118.65	0.0	0.0				121.5	0.0	0.0
			118.7	0.0	0.0				121.55	0.0	0.0
			118.75	0.0	0.0				121.6	0.0	0.0
			118.8	0.0	0.0				121.65	0.0	0.0
			118.85	0.0	0.0				121.7	0.0	0.0
			118.9	0.0	0.0				121.75	0.0	0.0
			118.95	0.0	0.0				121.8	0.0	0.0
			119.0	0.0	0.0				121.85	0.0	0.0
			119.05	0.0	0.0				121.9	0.0	0.0
			119.1	0.0	0.0				121.95	0.0	0.0
			119.15	0.0	0.0				122.0	0.0	0.0
			119.2	0.0	0.0				122.05	0.0	0.0
			119.25	0.0	0.0				122.1	0.0	0.0
			119.3	0.0	0.0				122.15	0.0	0.0
			119.35	0.0	0.0				122.2	0.0	0.0
			119.4	0.0	0.0				122.25	0.0	0.0
			119.45	0.0	0.0				122.3	0.0	0.0
			119.5	0.0	0.0				122.35	0.0	0.0
			119.55	0.0	0.0				122.4	0.0	0.0
			119.6	0.0	0.0				122.45	0.0	0.0
			119.65	0.0	0.0				122.5	5.3333429999999995e-06	
			119.7	0.0	0.0				122.55	-3.3333199999999996e-06	
			119.75	0.0	0.0				122.6	3.333331e-05	
			119.8	0.0	0.0				122.65	-7.99999e-06	
			119.85	0.0	0.0				122.7	-1.666669e-05	
			119.9	0.0	0.0				122.75	1.333334e-05	
			119.95	0.0	0.0				122.8	-9.999989999999998e-06	
			120.0	0.0	0.0				122.85	6.6666770000000005e-06	
			120.05	0.0	0.0				122.9	1.000001e-05	
			120.1	0.0	0.0				122.95	-3.066669e-05	
			120.15	0.0	0.0				123.0	4.2666709999999997e-05	
			120.2	0.0	0.0				123.05	-4.3999990000000005e-05	
			120.25	1.183333e-05					123.1	-2.266669e-05	
			120.3	-1.583366999999999e-05					123.15	-1.3333200000000001e-06	
			120.35	3.483333e-05					123.2	-1.9999989999999998e-05	
			120.4	3.550002999999999e-05					123.25	1.3333399999999998e-06	
			120.45	-2.549966999999999e-05					123.3	4.66668e-06	
			120.5	-2.7499670000000012e-05					123.35	9.33334e-06	
			120.55	2.0500330000000003e-05					123.4	2.400001e-05	
			120.6	-1.0833670000000006e-05					123.45	1.800001e-05	
			120.65	-1.116666999999999e-05					123.5	-8.666689999999999e-06	
			120.7	-1.1833670000000003e-05					123.55	2.933331e-05	
			120.75	-9.833670000000008e-06					123.6	1.3333399999999998e-06	
			120.8	-4.499669999999996e-06					123.65	4.400001e-05	
			120.85	3.616663e-05					123.7	2.800001e-05	
			120.9	7.383333e-05					123.75	1.000001e-05	
			120.95	5.983333e-05					123.8	5.333331e-05	
			121.0	7.650003e-05					123.85	2.400001e-05	
			121.05	0.00012483333					123.9	-8.666689999999999e-06	
			121.1	8.850003e-05					123.95	-5.33329e-06	
			121.15	0.00015716663					124.0	2.333331e-05	
			121.2	0.00018150003					124.05	3.333331e-05	
			121.25	0.00018550003					124.1	5.466671e-05	
			121.3	0.00025450033					124.15	4.2666709999999997e-05	
			121.35	0.00028483332999999994					124.2	2.800001e-05	
			121.4	0.00028316633					124.25	4.200001e-05	
			121.45	0.00034916632999999997					124.3	3.400001e-05	
			121.5	0.00038883333					124.35	6.733331e-05	
			121.55	0.00048116633					124.4	0.00010066671	
			121.6	0.00055983333					124.45	0.00015800001	
			121.65	0.00061183333					124.5	0.00020933301	
			121.7	0.00080416633					124.55	0.00022400001	
			121.75	0.0009278333300000001					124.6	0.00028466701	
			121.8	0.00119783333					124.65	0.00033800001	
			121.85	0.0014378333299999999					124.7	0.00029733301	
			121.9	0.00189783333					124.75	0.00016866701	
			121.95	0.00249783333					124.8	8.266670999999999e-05	
			122.0	0.00321783333					124.85	-4.266669e-05	
			122.05	0.0041678333300000005					124.9	-0.00039666699	
			122.1	0.00543783333					124.95	-0.00060266699	
			122.15	0.00692783333					125.0	-0.00083133299	
			122.2	0.00856783333					125.05	-0.0009926669899999999	
			122.25	0.01007783333					125.1	-0.00094999999	
			122.3	0.01127783333					125.15	-0.00068733299	
			122.35	0.01182783333					125.2	-0.00021599999	
			122.4	0.011267833330000001					125.25	0.00043800001	
			122.45	0.00901783333					125.3	0.00106600001	
			122.5	0.00504783333					125.35	0.00153600001	
			122.55	-0.0008821666700000001					125.4	0.00162600001	
			122.6	-0.00817216667					125.45	0.00123600001	
			122.65	-0.01622216667					125.5	0.00044466701	
			122.7	-0.02338216667					125.55	-0.00053199999	
			122.75	-0.02757216667					125.6	-0.0014539999899999998	
			122.8	-0.02827216667					125.65	-0.0018039999899999999	
			122.85	-0.02396216667					125.7	-0.00158399999	
			122.9	-0.01531216667					125.75	-0.00074266699	
			122.95	-0.00301216667					125.8	0.00031266701	
			123.0	0.00950783333					125.85	0.0013360000100000001	
			123.05	0.01898783333					125.9	0.00170600001	
			123.1	0.02348783333					125.95	0.0012560000100000001	
			123.15	0.02133783333					126.0	0.00038733301	
			123.2	0.01269783333					126.05	-0.00074333299	
			123.25	0.00260783333					126.1	-0.00143399999	
			123.3	-0.00729216667					126.15	-0.00124399999	
			123.35	-0.01250216667					126.2	-0.00056666699	
			123.4	-0.01188216667					126.25	0.00038400001	
			123.45	-0.00629216667					126.3	0.0010960000100000001	
			123.5	0.00107383333					126.35	0.00113600001	
			123.55	0.00670783333					126.4	0.00057733301	
			123.6	0.00825783333					126.45	-0.00015066699	
			123.65	0.00538783333					126.5	-0.00080199999	
			123.7	-0.00018249966999999998					126.55	-0.00091333299	
			123.75	-0.005032166669999999					126.6	-0.00055733299	
			123.8	-0.0069221666699999995					126.65	0.00010933300999999999	
			123.85	-0.004882166669999999					126.7	0.00052466701	
			123.9	-0.00045316667000000005					126.75	0.00060333301	
			123.95	0.00391783333					126.8	0.00030000001	
			124.0	0.00583783333					126.85	-7.266669e-05	
			124.05	0.00460783333					126.9	-0.00041933299	
			124.1	0.00153783333					126.95	-0.00049533299	
			124.15	-0.0018921666700000002					127.0	-0.00019266699	
			124.2	-0.00350216667					127.05	0.00010333331	
			124.25	-0.00300216667					127.1	0.00028800001	
			124.3	-0.00109216667					127.15	0.00024333301	
			124.35	0.00097783333					127.2	0.00011533301	
			124.4	0.00200783333					127.25	-0.00015199999	
			124.45	0.00154783333					127.3	-0.00020199999	
			124.5	0.00029350033					127.35	-0.00017066699	
			124.55	-0.0008628336700000001					127.4	2.666671e-05	
			124.6	-0.00116216667					127.45	0.00013733301	
			124.65	-0.00059949967					127.5	0.00015133301	
			124.7	0.00034650033					127.55	4.000001e-05	
			124.75	0.00100416633					127.6	-4.599999e-05	
			124.8	0.00098983333					127.65	-7.533329e-05	
			124.85	0.00042950032999999996					127.7	-9.933299e-05	
			124.9	-0.00023049967					127.75	-5.066669e-05	
			124.95	-0.00055616667					127.8	-1.4666689999999999e-05	
			125.0	-0.00038216667000000006					127.85	0.00010200001	
			125.05	5.750003e-05					127.9	5.5333309999999995e-05	
			125.1	0.00055983333					127.95	2.333331e-05	
			125.15	0.0007648333299999999					128.0	-1.933329e-05	
			125.2	0.0006231663300000001					128.05	6.6666770000000005e-06	
			125.25	0.00025916633					128.1	-2.066669e-05	
			125.3	-0.00014983367					128.15	-2.466669e-05	
			125.35	-0.00038616667000000005					128.2	-7.99999e-06	
			125.4	-0.0003724996700000001					128.25	2.933331e-05	
			125.45	-0.00020716667					128.3	-3.999990000000001e-06	
			125.5	-3.249967e-05					128.35	2.8666710000000002e-05	
			125.55	0.00013616666					128.4	-4.066669e-05	
			125.6	0.00025550032999999996					128.45	-7.33329e-06	
			125.65	0.00025816633					128.5	4.66668e-06	
			125.7	0.00016883333					128.55	-1.1333289999999998e-05	
			125.75	0.00014483333					128.6	-3.3333199999999996e-06	
			125.8	7.083333e-05					128.65	9.99999999985252e-12	
			125.85	0.00011483333					128.7	3.266671e-05	
			125.9	0.00013416666					128.75	4.3333309999999995e-05	
			125.95	0.00018216663					128.8	-8.666689999999999e-06	
			126.0	0.00013816663					128.85	-5.799999e-05	
			126.05	7.816663000000001e-05					128.9	-2.733329e-05	
			126.1	7.350003000000001e-05					128.95	-5.666669e-05	
			126.15	2.083333e-05					129.0	1.600001e-05	
			126.2	8.483333e-05					129.05	-1.3333200000000001e-06	
			126.25	0.00016583333					129.1	3.533331e-05	
			126.3	0.00026516633					129.15	5.2666709999999996e-05	
			126.35	0.00038450032999999995					129.2	2.00001e-06	
			126.4	0.00037416633					129.25	-5.33329e-06	
			126.45	0.00021550003					129.3	2.400001e-05	
			126.5	3.4500029999999994e-05					129.35	-2.8666689999999997e-05	
			126.55	-0.00011449967000000001					129.4	3.8000009999999996e-05	
			126.6	-0.00015683367					129.45	2.466671e-05	
			126.65	-0.00015283367					129.5	-3.266669e-05	
			126.7	-7.1666700000000025e-06					129.55	-2.666660000000001e-06	
			126.75	9.150003e-05					129.6	9.33334e-06	
			126.8	0.00021050003					129.65	-1.8666689999999998e-05	
			126.85	0.00027350032999999996					129.7	1.733331e-05	
			126.9	0.00022383333					129.75	4.933331e-05	
			126.95	0.00028683333					129.8	7.600000999999999e-05	
			127.0	0.00026616632999999995					129.85	1.666671e-05	
			127.05	0.00024650032999999996					129.9	-1.8666689999999998e-05	
			127.1	0.00023650033					129.95	-2.333329e-05	
			127.15	0.00021950002999999998					130.0	4.733331e-05	
			127.2	9.716663e-05					130.05	-3.6666690000000005e-05	
			127.25	4.050002999999999e-05					130.1	-1.2666689999999998e-05	
			127.3	0.0	0.0				130.14999999999998	0.0	0.0
			127.35	0.0	0.0				130.2	0.0	0.0
			127.4	0.0	0.0				130.25	0.0	0.0
			127.45	0.0	0.0				130.29999999999998	0.0	0.0
			127.5	0.0	0.0				130.35	0.0	0.0
			127.55	0.0	0.0				130.39999999999998	0.0	0.0
			127.6	0.0	0.0				130.45	0.0	0.0
			127.65	0.0	0.0				130.5	0.0	0.0
			127.7	0.0	0.0				130.54999999999998	0.0	0.0
			127.75	0.0	0.0				130.6	0.0	0.0
			127.8	0.0	0.0				130.64999999999998	0.0	0.0
			127.85	0.0	0.0				130.7	0.0	0.0
			127.9	0.0	0.0				130.75	0.0	0.0
			127.95	0.0	0.0				130.79999999999998	0.0	0.0
			128.0	0.0	0.0				130.85	0.0	0.0
			128.05	0.0	0.0				130.89999999999998	0.0	0.0
			128.1	0.0	0.0				130.95	0.0	0.0
			128.15	0.0	0.0				131.0	0.0	0.0
			128.2	0.0	0.0				131.04999999999998	0.0	0.0
			128.25	0.0	0.0				131.1	0.0	0.0
			128.3	0.0	0.0				131.14999999999998	0.0	0.0
			128.35	0.0	0.0				131.2	0.0	0.0
			128.4	0.0	0.0				131.25	0.0	0.0
			128.45	0.0	0.0				131.29999999999998	0.0	0.0
			128.5	0.0	0.0				131.35	0.0	0.0
			128.55	0.0	0.0				131.39999999999998	0.0	0.0
			128.6	0.0	0.0				131.45	0.0	0.0
			128.65	0.0	0.0				131.5	0.0	0.0
			128.7	0.0	0.0				131.54999999999998	0.0	0.0
			128.75	0.0	0.0				131.6	0.0	0.0
			128.8	0.0	0.0				131.64999999999998	0.0	0.0
			128.85	0.0	0.0				131.7	0.0	0.0
			128.9	0.0	0.0				131.75	0.0	0.0
			128.95	0.0	0.0				131.79999999999998	0.0	0.0
			129.0	0.0	0.0				131.85	0.0	0.0
			129.05	0.0	0.0				131.89999999999998	0.0	0.0
			129.1	0.0	0.0				131.95	0.0	0.0
			129.15	0.0	0.0				132.0	0.0	0.0
			129.2	0.0	0.0				132.04999999999998	0.0	0.0
			129.25	0.0	0.0				132.1	0.0	0.0
			129.3	0.0	0.0				132.14999999999998	0.0	0.0
			129.35	0.0	0.0				132.2	0.0	0.0
			129.4	0.0	0.0				132.25	0.0	0.0
			129.45	0.0	0.0				132.29999999999998	0.0	0.0
			129.5	0.0	0.0				132.35	0.0	0.0
			129.55	0.0	0.0				132.39999999999998	0.0	0.0
			129.6	0.0	0.0				132.45	0.0	0.0
			129.65	0.0	0.0				132.5	0.0	0.0
			129.7	0.0	0.0				132.54999999999998	0.0	0.0
			129.75	0.0	0.0				132.6	0.0	0.0
			129.8	0.0	0.0				132.64999999999998	0.0	0.0
			129.85	0.0	0.0				132.7	0.0	0.0
			129.9	0.0	0.0				132.75	0.0	0.0
			129.95	0.0	0.0				132.79999999999998	0.0	0.0
			130.0	0.0	0.0				132.85	0.0	0.0
			130.05	0.0	0.0				132.89999999999998	0.0	0.0
			130.1	0.0	0.0				132.95	0.0	0.0
			130.15	0.0	0.0				133.0	0.0	0.0
			130.2	0.0	0.0				133.04999999999998	0.0	0.0
			130.25	0.0	0.0				133.1	0.0	0.0
			130.3	0.0	0.0				133.14999999999998	0.0	0.0
			130.35	0.0	0.0				133.2	0.0	0.0
			130.4	0.0	0.0				133.25	0.0	0.0
			130.45	0.0	0.0				133.29999999999998	0.0	0.0
			130.5	0.0	0.0				133.35	0.0	0.0
			130.55	0.0	0.0				133.39999999999998	0.0	0.0
			130.6	0.0	0.0				133.45	0.0	0.0
			130.65	0.0	0.0				133.5	0.0	0.0
			130.7	0.0	0.0				133.54999999999998	0.0	0.0
			130.75	0.0	0.0				133.6	0.0	0.0
			130.8	0.0	0.0				133.64999999999998	0.0	0.0
			130.85	0.0	0.0				133.7	0.0	0.0
			130.9	0.0	0.0				133.75	0.0	0.0
			130.95	0.0	0.0				133.79999999999998	0.0	0.0
			131.0	0.0	0.0				133.85	0.0	0.0
			131.05	0.0	0.0				133.89999999999998	0.0	0.0
			131.1	0.0	0.0				133.95	0.0	0.0
			131.15	0.0	0.0				134.0	0.0	0.0
			131.2	0.0	0.0				134.04999999999998	0.0	0.0
			131.25	0.0	0.0				134.1	0.0	0.0
			131.3	0.0	0.0				134.14999999999998	0.0	0.0
			131.35	0.0	0.0				134.2	0.0	0.0
			131.4	0.0	0.0				134.25	0.0	0.0
			131.45	0.0	0.0				134.29999999999998	0.0	0.0
			131.5	0.0	0.0				134.35	0.0	0.0
			131.55	0.0	0.0				134.39999999999998	0.0	0.0
			131.6	0.0	0.0				134.45	0.0	0.0
			131.65	0.0	0.0				134.5	0.0	0.0
			131.7	0.0	0.0				134.54999999999998	0.0	0.0
			131.75	0.0	0.0				134.6	0.0	0.0
			131.8	0.0	0.0				134.64999999999998	0.0	0.0
			131.85	0.0	0.0				134.7	0.0	0.0
			131.9	0.0	0.0				134.75	0.0	0.0
			131.95	0.0	0.0				134.79999999999998	0.0	0.0
			132.0	0.0	0.0				134.85	0.0	0.0
			132.05	0.0	0.0				134.89999999999998	0.0	0.0
			132.1	0.0	0.0				134.95	0.0	0.0
			132.15	0.0	0.0				135.0	0.0	0.0
			132.2	0.0	0.0				135.04999999999998	0.0	0.0
			132.25	0.0	0.0				135.1	0.0	0.0
			132.3	0.0	0.0				135.14999999999998	0.0	0.0
			132.35	0.0	0.0				135.2	0.0	0.0
			132.4	0.0	0.0				135.25	0.0	0.0
			132.45	0.0	0.0				135.29999999999998	0.0	0.0
			132.5	0.0	0.0				135.35	0.0	0.0
			132.55	0.0	0.0				135.39999999999998	0.0	0.0
			132.6	0.0	0.0				135.45	0.0	0.0
			132.65	0.0	0.0				135.5	0.0	0.0
			132.7	0.0	0.0				135.54999999999998	0.0	0.0
			132.75	0.0	0.0				135.6	0.0	0.0
			132.8	0.0	0.0				135.64999999999998	0.0	0.0
			132.85	0.0	0.0				135.7	0.0	0.0
			132.9	0.0	0.0				135.75	0.0	0.0
			132.95	0.0	0.0				135.79999999999998	0.0	0.0
			133.0	0.0	0.0				135.85	0.0	0.0
			133.05	0.0	0.0				135.89999999999998	0.0	0.0
			133.1	0.0	0.0				135.95	0.0	0.0
			133.15	0.0	0.0				136.0	0.0	0.0
			133.2	0.0	0.0				136.04999999999998	0.0	0.0
			133.25	0.0	0.0				136.1	0.0	0.0
			133.3	0.0	0.0				136.14999999999998	0.0	0.0
			133.35	0.0	0.0				136.2	0.0	0.0
			133.4	0.0	0.0				136.25	0.0	0.0
			133.45	0.0	0.0				136.29999999999998	0.0	0.0
			133.5	0.0	0.0				136.35	0.0	0.0
			133.55	0.0	0.0				136.39999999999998	0.0	0.0
			133.6	0.0	0.0				136.45	0.0	0.0
			133.65	0.0	0.0				136.5	0.0	0.0
			133.7	0.0	0.0				136.54999999999998	0.0	0.0
			133.75	0.0	0.0				136.6	0.0	0.0
			133.8	0.0	0.0				136.64999999999998	0.0	0.0
			133.85	0.0	0.0				136.7	0.0	0.0
			133.9	0.0	0.0				136.75	0.0	0.0
			133.95	0.0	0.0				136.79999999999998	0.0	0.0
			134.0	0.0	0.0				136.85	0.0	0.0
			134.05	0.0	0.0				136.89999999999998	0.0	0.0
			134.1	0.0	0.0				136.95	0.0	0.0
			134.15	0.0	0.0				137.0	0.0	0.0
			134.2	0.0	0.0				137.04999999999998	0.0	0.0
			134.25	0.0	0.0				137.1	0.0	0.0
			134.3	0.0	0.0				137.14999999999998	0.0	0.0
			134.35	0.0	0.0				137.2	0.0	0.0
			134.4	0.0	0.0				137.25	0.0	0.0
			134.45	0.0	0.0				137.29999999999998	0.0	0.0
			134.5	0.0	0.0				137.35	0.0	0.0
			134.55	0.0	0.0				137.39999999999998	0.0	0.0
			134.6	0.0	0.0				137.45	0.0	0.0
			134.65	0.0	0.0				137.5	0.0	0.0
			134.7	0.0	0.0				137.54999999999998	0.0	0.0
			134.75	0.0	0.0				137.6	0.0	0.0
			134.8	0.0	0.0				137.64999999999998	0.0	0.0
			134.85	0.0	0.0				137.7	0.0	0.0
			134.9	0.0	0.0				137.75	0.0	0.0
			134.95	0.0	0.0				137.79999999999998	0.0	0.0
			135.0	0.0	0.0				137.85	0.0	0.0
			135.05	0.0	0.0				137.89999999999998	0.0	0.0
			135.1	0.0	0.0				137.95	0.0	0.0
			135.15	0.0	0.0				138.0	0.0	0.0
			135.2	0.0	0.0				138.04999999999998	0.0	0.0
			135.25	0.0	0.0				138.1	0.0	0.0
			135.3	0.0	0.0				138.14999999999998	0.0	0.0
			135.35	0.0	0.0				138.2	0.0	0.0
			135.4	0.0	0.0				138.25	0.0	0.0
			135.45	0.0	0.0				138.29999999999998	0.0	0.0
			135.5	0.0	0.0				138.35	0.0	0.0
			135.55	0.0	0.0				138.39999999999998	0.0	0.0
			135.6	0.0	0.0				138.45	0.0	0.0
			135.65	0.0	0.0				138.5	0.0	0.0
			135.7	0.0	0.0				138.54999999999998	0.0	0.0
			135.75	0.0	0.0				138.6	0.0	0.0
			135.8	0.0	0.0				138.64999999999998	0.0	0.0
			135.85	0.0	0.0				138.7	0.0	0.0
			135.9	0.0	0.0				138.75	0.0	0.0
			135.95	0.0	0.0				138.79999999999998	0.0	0.0
			136.0	0.0	0.0				138.85	0.0	0.0
			136.05	0.0	0.0				138.89999999999998	0.0	0.0
			136.1	0.0	0.0				138.95	0.0	0.0
			136.15	0.0	0.0				139.0	0.0	0.0
			136.2	0.0	0.0				139.04999999999998	0.0	0.0
			136.24999999999997	0.0	0.0				139.09999999999997	0.0	0.0
			136.29999999999998	0.0	0.0				139.14999999999998	0.0	0.0
			136.34999999999997	0.0	0.0				139.2	0.0	0.0
			136.39999999999998	0.0	0.0				139.24999999999997	0.0	0.0
			136.45	0.0	0.0				139.29999999999998	0.0	0.0
			136.49999999999997	0.0	0.0				139.34999999999997	0.0	0.0
			136.54999999999998	0.0	0.0				139.39999999999998	0.0	0.0
			136.59999999999997	0.0	0.0				139.45	0.0	0.0
			136.64999999999998	0.0	0.0				139.49999999999997	0.0	0.0
			136.7	0.0	0.0				139.54999999999998	0.0	0.0
			136.74999999999997	0.0	0.0				139.59999999999997	0.0	0.0
			136.79999999999998	0.0	0.0				139.64999999999998	0.0	0.0
			136.84999999999997	0.0	0.0				139.7	0.0	0.0
			136.89999999999998	0.0	0.0				139.74999999999997	0.0	0.0
			136.95	0.0	0.0				139.79999999999998	0.0	0.0
			136.99999999999997	0.0	0.0				139.84999999999997	0.0	0.0
			137.04999999999998	0.0	0.0				139.89999999999998	0.0	0.0
			137.09999999999997	0.0	0.0				139.95	0.0	0.0
			137.14999999999998	0.0	0.0				139.99999999999997	0.0	0.0
			137.2	0.0	0.0				140.04999999999998	0.0	0.0
			137.24999999999997	0.0	0.0				140.09999999999997	0.0	0.0
			137.29999999999998	0.0	0.0				140.14999999999998	0.0	0.0
			137.34999999999997	0.0	0.0				140.2	0.0	0.0
			137.39999999999998	0.0	0.0				140.24999999999997	0.0	0.0
			137.45	0.0	0.0				140.29999999999998	0.0	0.0
			137.49999999999997	0.0	0.0				140.34999999999997	0.0	0.0
			137.54999999999998	0.0	0.0				140.39999999999998	0.0	0.0
			137.59999999999997	0.0	0.0				140.45	0.0	0.0
			137.64999999999998	0.0	0.0				140.49999999999997	0.0	0.0
			137.7	0.0	0.0				140.54999999999998	0.0	0.0
			137.74999999999997	0.0	0.0				140.59999999999997	0.0	0.0
			137.79999999999998	0.0	0.0				140.64999999999998	0.0	0.0
			137.84999999999997	0.0	0.0				140.7	0.0	0.0
			137.89999999999998	0.0	0.0				140.74999999999997	0.0	0.0
			137.95	0.0	0.0				140.79999999999998	0.0	0.0
			137.99999999999997	0.0	0.0				140.84999999999997	0.0	0.0
			138.04999999999998	0.0	0.0				140.89999999999998	0.0	0.0
			138.09999999999997	0.0	0.0				140.95	0.0	0.0
			138.14999999999998	0.0	0.0				140.99999999999997	0.0	0.0
			138.2	0.0	0.0				141.04999999999998	0.0	0.0
			138.24999999999997	0.0	0.0				141.09999999999997	0.0	0.0
			138.29999999999998	0.0	0.0				141.14999999999998	0.0	0.0
			138.34999999999997	0.0	0.0				141.2	0.0	0.0
			138.39999999999998	0.0	0.0				141.24999999999997	0.0	0.0
			138.45	0.0	0.0				141.29999999999998	0.0	0.0
			138.49999999999997	0.0	0.0				141.34999999999997	0.0	0.0
			138.54999999999998	0.0	0.0				141.39999999999998	0.0	0.0
			138.59999999999997	0.0	0.0				141.45	0.0	0.0
			138.64999999999998	0.0	0.0				141.49999999999997	0.0	0.0
			138.7	0.0	0.0				141.54999999999998	0.0	0.0
			138.74999999999997	0.0	0.0				141.59999999999997	0.0	0.0
			138.79999999999998	0.0	0.0				141.64999999999998	0.0	0.0
			138.84999999999997	0.0	0.0				141.7	0.0	0.0
			138.89999999999998	0.0	0.0				141.74999999999997	0.0	0.0
			138.95	0.0	0.0				141.79999999999998	0.0	0.0
			138.99999999999997	0.0	0.0				141.84999999999997	0.0	0.0
			139.04999999999998	0.0	0.0				141.89999999999998	0.0	0.0
			139.09999999999997	0.0	0.0				141.95	0.0	0.0
			139.14999999999998	0.0	0.0				141.99999999999997	0.0	0.0
			139.2	0.0	0.0				142.04999999999998	0.0	0.0
			139.24999999999997	0.0	0.0				142.09999999999997	0.0	0.0
			139.29999999999998	0.0	0.0				142.14999999999998	0.0	0.0
			139.34999999999997	0.0	0.0				142.2	0.0	0.0
			139.39999999999998	0.0	0.0				142.24999999999997	0.0	0.0
			139.45	0.0	0.0				142.29999999999998	0.0	0.0
			139.49999999999997	0.0	0.0				142.34999999999997	0.0	0.0
			139.54999999999998	0.0	0.0				142.39999999999998	0.0	0.0
			139.59999999999997	0.0	0.0				142.45	0.0	0.0
			139.64999999999998	0.0	0.0				142.49999999999997	0.0	0.0
			139.7	0.0	0.0				142.54999999999998	0.0	0.0
			139.74999999999997	0.0	0.0				142.59999999999997	0.0	0.0
			139.79999999999998	0.0	0.0				142.64999999999998	0.0	0.0
			139.84999999999997	0.0	0.0				142.7	0.0	0.0
			139.89999999999998	0.0	0.0				142.74999999999997	0.0	0.0
			139.95	0.0	0.0				142.79999999999998	0.0	0.0
			139.99999999999997	0.0	0.0				142.84999999999997	0.0	0.0
			140.04999999999998	0.0	0.0				142.89999999999998	0.0	0.0
			140.09999999999997	0.0	0.0				142.95	0.0	0.0
			140.14999999999998	0.0	0.0				142.99999999999997	0.0	0.0
			140.2	0.0	0.0				143.04999999999998	0.0	0.0
			140.24999999999997	0.0	0.0				143.09999999999997	0.0	0.0
			140.29999999999998	0.0	0.0				143.14999999999998	0.0	0.0
			140.34999999999997	0.0	0.0				143.2	0.0	0.0
			140.39999999999998	0.0	0.0				143.24999999999997	0.0	0.0
			140.45	0.0	0.0				143.29999999999998	0.0	0.0
			140.49999999999997	0.0	0.0				143.34999999999997	0.0	0.0
			140.54999999999998	0.0	0.0				143.39999999999998	0.0	0.0
			140.59999999999997	0.0	0.0				143.45	0.0	0.0
			140.64999999999998	0.0	0.0				143.49999999999997	0.0	0.0
			140.7	0.0	0.0				143.54999999999998	0.0	0.0
			140.74999999999997	0.0	0.0				143.59999999999997	0.0	0.0
			140.79999999999998	0.0	0.0				143.64999999999998	0.0	0.0
			140.84999999999997	0.0	0.0				143.7	0.0	0.0
			140.89999999999998	0.0	0.0				143.74999999999997	0.0	0.0
			140.95	0.0	0.0				143.79999999999998	0.0	0.0
			140.99999999999997	0.0	0.0				143.84999999999997	0.0	0.0
			141.04999999999998	0.0	0.0				143.89999999999998	0.0	0.0
			141.09999999999997	0.0	0.0				143.95	0.0	0.0
			141.14999999999998	0.0	0.0				143.99999999999997	0.0	0.0
			141.2	0.0	0.0				144.04999999999998	0.0	0.0
			141.24999999999997	0.0	0.0				144.09999999999997	0.0	0.0
			141.29999999999998	0.0	0.0				144.14999999999998	0.0	0.0
			141.34999999999997	0.0	0.0				144.2	0.0	0.0
			141.39999999999998	0.0	0.0				144.24999999999997	0.0	0.0
			141.45	0.0	0.0				144.29999999999998	0.0	0.0
			141.49999999999997	0.0	0.0				144.34999999999997	0.0	0.0
			141.54999999999998	0.0	0.0				144.39999999999998	0.0	0.0
			141.59999999999997	0.0	0.0				144.45	0.0	0.0
			141.64999999999998	0.0	0.0				144.49999999999997	0.0	0.0
			141.7	0.0	0.0				144.54999999999998	0.0	0.0
			141.74999999999997	0.0	0.0				144.59999999999997	0.0	0.0
			141.79999999999998	0.0	0.0				144.64999999999998	0.0	0.0
			141.84999999999997	0.0	0.0				144.7	0.0	0.0
			141.89999999999998	0.0	0.0				144.74999999999997	0.0	0.0
			141.95	0.0	0.0				144.79999999999998	0.0	0.0
			141.99999999999997	0.0	0.0				144.84999999999997	0.0	0.0
			142.04999999999998	0.0	0.0				144.89999999999998	0.0	0.0
			142.09999999999997	0.0	0.0				144.95	0.0	0.0
			142.14999999999998	0.0	0.0				144.99999999999997	0.0	0.0
			142.2	0.0	0.0				145.04999999999998	0.0	0.0
			142.24999999999997	0.0	0.0				145.09999999999997	0.0	0.0
			142.29999999999998	0.0	0.0				145.14999999999998	0.0	0.0
			142.34999999999997	0.0	0.0				145.2	0.0	0.0
			142.39999999999998	0.0	0.0				145.24999999999997	0.0	0.0
			142.45	0.0	0.0				145.29999999999998	0.0	0.0
			142.49999999999997	0.0	0.0				145.34999999999997	0.0	0.0
			142.54999999999998	0.0	0.0				145.39999999999998	0.0	0.0
			142.59999999999997	0.0	0.0				145.45	0.0	0.0
			142.64999999999998	0.0	0.0				145.49999999999997	0.0	0.0
			142.7	0.0	0.0				145.54999999999998	0.0	0.0
			142.74999999999997	0.0	0.0				145.59999999999997	0.0	0.0
			142.79999999999998	0.0	0.0				145.64999999999998	0.0	0.0
			142.84999999999997	0.0	0.0				145.7	0.0	0.0
			142.89999999999998	0.0	0.0				145.74999999999997	0.0	0.0
			142.95	0.0	0.0				145.79999999999998	0.0	0.0
			142.99999999999997	0.0	0.0				145.84999999999997	0.0	0.0
			143.04999999999998	0.0	0.0				145.89999999999998	0.0	0.0
			143.09999999999997	0.0	0.0				145.95	0.0	0.0
			143.14999999999998	0.0	0.0				145.99999999999997	0.0	0.0
			143.2	0.0	0.0				146.04999999999998	0.0	0.0
			143.24999999999997	0.0	0.0				146.09999999999997	0.0	0.0
			143.29999999999998	0.0	0.0				146.14999999999998	0.0	0.0
			143.34999999999997	0.0	0.0				146.2	0.0	0.0
			143.39999999999998	0.0	0.0				146.24999999999997	0.0	0.0
			143.45	0.0	0.0				146.29999999999998	0.0	0.0
			143.49999999999997	0.0	0.0				146.34999999999997	0.0	0.0
			143.54999999999998	0.0	0.0				146.39999999999998	0.0	0.0
			143.59999999999997	0.0	0.0				146.45	0.0	0.0
			143.64999999999998	0.0	0.0				146.49999999999997	0.0	0.0
			143.7	0.0	0.0				146.54999999999998	0.0	0.0
			143.74999999999997	0.0	0.0				146.59999999999997	0.0	0.0
			143.79999999999998	0.0	0.0				146.64999999999998	0.0	0.0
			143.84999999999997	0.0	0.0				146.7	0.0	0.0
			143.89999999999998	0.0	0.0				146.74999999999997	0.0	0.0
			143.95	0.0	0.0				146.79999999999998	0.0	0.0
			143.99999999999997	0.0	0.0				146.84999999999997	0.0	0.0
			144.04999999999998	0.0	0.0				146.89999999999998	0.0	0.0
			144.09999999999997	0.0	0.0				146.95	0.0	0.0
			144.14999999999998	0.0	0.0				146.99999999999997	0.0	0.0
			144.2	0.0	0.0				147.04999999999998	0.0	0.0
			144.24999999999997	0.0	0.0				147.09999999999997	0.0	0.0
			144.29999999999998	0.0	0.0				147.14999999999998	0.0	0.0
			144.34999999999997	0.0	0.0				147.2	0.0	0.0
			144.39999999999998	0.0	0.0				147.24999999999997	0.0	0.0
			144.45	0.0	0.0				147.29999999999998	0.0	0.0
			144.49999999999997	0.0	0.0				147.34999999999997	0.0	0.0
			144.54999999999998	0.0	0.0				147.39999999999998	0.0	0.0
			144.59999999999997	0.0	0.0				147.45	0.0	0.0
			144.64999999999998	0.0	0.0				147.49999999999997	0.0	0.0
			144.7	0.0	0.0				147.54999999999998	0.0	0.0
			144.74999999999997	0.0	0.0				147.59999999999997	0.0	0.0
			144.79999999999998	0.0	0.0				147.64999999999998	0.0	0.0
			144.84999999999997	0.0	0.0				147.7	0.0	0.0
			144.89999999999998	0.0	0.0				147.74999999999997	0.0	0.0
			144.95	0.0	0.0				147.79999999999998	0.0	0.0
			144.99999999999997	0.0	0.0				147.84999999999997	0.0	0.0
			145.04999999999998	0.0	0.0				147.89999999999998	0.0	0.0
			145.09999999999997	0.0	0.0				147.95	0.0	0.0
			145.14999999999998	0.0	0.0				147.99999999999997	0.0	0.0
			145.2	0.0	0.0				148.04999999999995	0.0	0.0
			145.24999999999997	0.0	0.0				148.09999999999997	0.0	0.0
			145.29999999999998	0.0	0.0				148.14999999999998	0.0	0.0
			145.34999999999997	0.0	0.0				148.19999999999996	0.0	0.0
			145.39999999999998	0.0	0.0				148.24999999999997	0.0	0.0
			145.45	0.0	0.0				148.29999999999995	0.0	0.0
			145.49999999999997	0.0	0.0				148.34999999999997	0.0	0.0
			145.54999999999998	0.0	0.0				148.39999999999998	0.0	0.0
			145.59999999999997	0.0	0.0				148.44999999999996	0.0	0.0
			145.64999999999998	0.0	0.0				148.49999999999997	0.0	0.0
			145.7	0.0	0.0				148.54999999999995	0.0	0.0
			145.74999999999997	0.0	0.0				148.59999999999997	0.0	0.0
			145.79999999999998	0.0	0.0				148.64999999999998	0.0	0.0
			145.84999999999997	0.0	0.0				148.69999999999996	0.0	0.0
			145.89999999999998	0.0	0.0				148.74999999999997	0.0	0.0
			145.95	0.0	0.0				148.79999999999995	0.0	0.0
			145.99999999999997	0.0	0.0				148.84999999999997	0.0	0.0
			146.04999999999998	0.0	0.0				148.89999999999998	0.0	0.0
			146.09999999999997	0.0	0.0				148.94999999999996	0.0	0.0
			146.14999999999998	0.0	0.0				148.99999999999997	0.0	0.0
			146.2	0.0	0.0				149.04999999999995	0.0	0.0
			146.24999999999997	0.0	0.0				149.09999999999997	0.0	0.0
			146.29999999999998	0.0	0.0				149.14999999999998	0.0	0.0
			146.34999999999997	0.0	0.0				149.19999999999996	0.0	0.0
			146.39999999999998	0.0	0.0				149.24999999999997	0.0	0.0
			146.45	0.0	0.0				149.29999999999995	0.0	0.0
			146.49999999999997	0.0	0.0				149.34999999999997	0.0	0.0
			146.54999999999998	0.0	0.0				149.39999999999998	0.0	0.0
			146.59999999999997	0.0	0.0				149.44999999999996	0.0	0.0
			146.64999999999998	0.0	0.0				149.49999999999997	0.0	0.0
			146.7	0.0	0.0				149.54999999999995	0.0	0.0
			146.74999999999997	0.0	0.0				149.59999999999997	0.0	0.0
			146.79999999999998	0.0	0.0				149.64999999999998	0.0	0.0
			146.84999999999997	0.0	0.0				149.69999999999996	0.0	0.0
			146.89999999999998	0.0	0.0				149.74999999999997	0.0	0.0
			146.95	0.0	0.0				149.79999999999995	0.0	0.0
			146.99999999999997	0.0	0.0				149.84999999999997	0.0	0.0
			147.04999999999998	0.0	0.0				149.89999999999998	0.0	0.0
			147.09999999999997	0.0	0.0				149.94999999999996	0.0	0.0
			147.14999999999998	0.0	0.0				149.99999999999997	0.0	0.0
			147.2	0.0	0.0				150.04999999999995	0.0	0.0
			147.24999999999997	0.0	0.0				150.09999999999997	0.0	0.0
			147.29999999999998	0.0	0.0				150.14999999999998	0.0	0.0
			147.34999999999997	0.0	0.0				150.19999999999996	0.0	0.0
			147.39999999999998	0.0	0.0				150.24999999999997	0.0	0.0
			147.45	0.0	0.0				150.29999999999995	0.0	0.0
			147.49999999999997	0.0	0.0				150.34999999999997	0.0	0.0
			147.54999999999998	0.0	0.0				150.39999999999998	0.0	0.0
			147.59999999999997	0.0	0.0				150.44999999999996	0.0	0.0
			147.64999999999998	0.0	0.0				150.49999999999997	0.0	0.0
			147.7	0.0	0.0				150.54999999999995	0.0	0.0
			147.74999999999997	0.0	0.0				150.59999999999997	0.0	0.0
			147.79999999999998	0.0	0.0				150.64999999999998	0.0	0.0
			147.84999999999997	0.0	0.0				150.69999999999996	0.0	0.0
			147.89999999999998	0.0	0.0				150.74999999999997	0.0	0.0
			147.95	0.0	0.0				150.79999999999995	0.0	0.0
			147.99999999999997	0.0	0.0				150.84999999999997	0.0	0.0
			148.04999999999998	0.0	0.0				150.89999999999998	0.0	0.0
			148.09999999999997	0.0	0.0				150.94999999999996	0.0	0.0
			148.14999999999998	0.0	0.0				150.99999999999997	0.0	0.0
			148.2	0.0	0.0				151.04999999999995	0.0	0.0
			148.24999999999997	0.0	0.0				151.09999999999997	0.0	0.0
			148.29999999999998	0.0	0.0				151.14999999999998	0.0	0.0
			148.34999999999997	0.0	0.0				151.19999999999996	0.0	0.0
			148.39999999999998	0.0	0.0				151.24999999999997	0.0	0.0
			148.45	0.0	0.0				151.29999999999995	0.0	0.0
			148.49999999999997	0.0	0.0				151.34999999999997	0.0	0.0
			148.54999999999998	0.0	0.0				151.39999999999998	0.0	0.0
			148.59999999999997	0.0	0.0				151.44999999999996	0.0	0.0
			148.64999999999998	0.0	0.0				151.49999999999997	0.0	0.0
			148.7	0.0	0.0				151.54999999999995	0.0	0.0
			148.74999999999997	0.0	0.0				151.59999999999997	0.0	0.0
			148.79999999999998	0.0	0.0				151.64999999999998	0.0	0.0
			148.84999999999997	0.0	0.0				151.69999999999996	0.0	0.0
			148.89999999999998	0.0	0.0				151.74999999999997	0.0	0.0
			148.95	0.0	0.0				151.79999999999995	0.0	0.0
			148.99999999999997	0.0	0.0				151.84999999999997	0.0	0.0
			149.04999999999998	0.0	0.0				151.89999999999998	0.0	0.0
			149.09999999999997	0.0	0.0				151.94999999999996	0.0	0.0
			149.14999999999998	0.0	0.0				151.99999999999997	0.0	0.0
			149.2	0.0	0.0				152.04999999999995	0.0	0.0
			149.24999999999997	0.0	0.0				152.09999999999997	0.0	0.0
			149.29999999999998	0.0	0.0				152.14999999999998	0.0	0.0
			149.34999999999997	0.0	0.0				152.19999999999996	0.0	0.0
			149.39999999999998	0.0	0.0				152.24999999999997	0.0	0.0
			149.45	0.0	0.0				152.29999999999995	0.0	0.0
			149.49999999999997	0.0	0.0				152.34999999999997	0.0	0.0
			149.54999999999998	0.0	0.0				152.39999999999998	0.0	0.0
			149.59999999999997	0.0	0.0				152.44999999999996	0.0	0.0
			149.64999999999998	0.0	0.0				152.49999999999997	0.0	0.0
			149.7	0.0	0.0				152.54999999999995	0.0	0.0
			149.74999999999997	0.0	0.0				152.59999999999997	0.0	0.0
			149.79999999999998	0.0	0.0				152.64999999999998	0.0	0.0
			149.84999999999997	0.0	0.0				152.69999999999996	0.0	0.0
			149.89999999999998	0.0	0.0				152.74999999999997	0.0	0.0
			149.95	0.0	0.0				152.79999999999995	0.0	0.0
			149.99999999999997	0.0	0.0				152.84999999999997	0.0	0.0
			150.04999999999998	0.0	0.0				152.89999999999998	0.0	0.0
			150.09999999999997	0.0	0.0				152.94999999999996	0.0	0.0
			150.14999999999998	0.0	0.0				152.99999999999997	0.0	0.0
			150.2	0.0	0.0				153.04999999999995	0.0	0.0
			150.24999999999997	0.0	0.0				153.09999999999997	0.0	0.0
			150.29999999999998	0.0	0.0				153.14999999999998	0.0	0.0
			150.34999999999997	0.0	0.0				153.19999999999996	0.0	0.0
			150.39999999999998	0.0	0.0				153.24999999999997	0.0	0.0
			150.45	0.0	0.0				153.29999999999995	0.0	0.0
			150.49999999999997	0.0	0.0				153.34999999999997	0.0	0.0
			150.54999999999998	0.0	0.0				153.39999999999998	0.0	0.0
			150.59999999999997	0.0	0.0				153.44999999999996	0.0	0.0
			150.64999999999998	0.0	0.0				153.49999999999997	0.0	0.0
			150.7	0.0	0.0				153.54999999999995	0.0	0.0
			150.74999999999997	0.0	0.0				153.59999999999997	0.0	0.0
			150.79999999999998	0.0	0.0				153.64999999999998	0.0	0.0
			150.84999999999997	0.0	0.0				153.69999999999996	0.0	0.0
			150.89999999999998	0.0	0.0				153.74999999999997	0.0	0.0
			150.95	0.0	0.0				153.79999999999995	0.0	0.0
			150.99999999999997	0.0	0.0				153.84999999999997	0.0	0.0
			151.04999999999998	0.0	0.0				153.89999999999998	0.0	0.0
			151.09999999999997	0.0	0.0				153.94999999999996	0.0	0.0
			151.14999999999998	0.0	0.0				153.99999999999997	0.0	0.0
			151.2	0.0	0.0				154.04999999999995	0.0	0.0
			151.24999999999997	0.0	0.0				154.09999999999997	0.0	0.0
			151.29999999999998	0.0	0.0				154.14999999999998	0.0	0.0
			151.34999999999997	0.0	0.0				154.19999999999996	0.0	0.0
			151.39999999999998	0.0	0.0				154.24999999999997	0.0	0.0
			151.45	0.0	0.0				154.29999999999995	0.0	0.0
			151.49999999999997	0.0	0.0				154.34999999999997	0.0	0.0
			151.54999999999998	0.0	0.0				154.39999999999998	0.0	0.0
			151.59999999999997	0.0	0.0				154.44999999999996	0.0	0.0
			151.64999999999998	0.0	0.0				154.49999999999997	0.0	0.0
			151.7	0.0	0.0				154.54999999999995	0.0	0.0
			151.74999999999997	0.0	0.0				154.59999999999997	0.0	0.0
			151.79999999999998	0.0	0.0				154.64999999999998	0.0	0.0
			151.84999999999997	0.0	0.0				154.69999999999996	0.0	0.0
			151.89999999999998	0.0	0.0				154.74999999999997	0.0	0.0
			151.95	0.0	0.0				154.79999999999995	0.0	0.0
			151.99999999999997	0.0	0.0				154.84999999999997	0.0	0.0
			152.04999999999998	0.0	0.0				154.89999999999998	0.0	0.0
			152.09999999999997	0.0	0.0				154.94999999999996	0.0	0.0
			152.14999999999998	0.0	0.0				154.99999999999997	0.0	0.0
			152.2	0.0	0.0				155.04999999999995	0.0	0.0
			152.24999999999997	0.0	0.0				155.09999999999997	0.0	0.0
			152.29999999999998	0.0	0.0				155.14999999999998	0.0	0.0
			152.34999999999997	0.0	0.0				155.19999999999996	0.0	0.0
			152.39999999999998	0.0	0.0				155.24999999999997	0.0	0.0
			152.45	0.0	0.0				155.29999999999995	0.0	0.0
			152.49999999999997	0.0	0.0				155.34999999999997	0.0	0.0
			152.54999999999998	0.0	0.0				155.39999999999998	0.0	0.0
			152.59999999999997	0.0	0.0				155.44999999999996	0.0	0.0
			152.64999999999998	0.0	0.0				155.49999999999997	0.0	0.0
			152.7	0.0	0.0				155.54999999999995	0.0	0.0
			152.74999999999997	0.0	0.0				155.59999999999997	0.0	0.0
			152.79999999999998	0.0	0.0				155.64999999999998	0.0	0.0
			152.84999999999997	0.0	0.0				155.69999999999996	0.0	0.0
			152.89999999999998	0.0	0.0				155.74999999999997	0.0	0.0
			152.95	0.0	0.0				155.79999999999995	0.0	0.0
			152.99999999999997	0.0	0.0				155.84999999999997	0.0	0.0
			153.04999999999998	0.0	0.0				155.89999999999998	0.0	0.0
			153.09999999999997	0.0	0.0				155.94999999999996	0.0	0.0
			153.14999999999998	0.0	0.0				155.99999999999997	0.0	0.0
			153.2	0.0	0.0				156.04999999999995	0.0	0.0
			153.24999999999997	0.0	0.0				156.09999999999997	0.0	0.0
			153.29999999999998	0.0	0.0				156.14999999999998	0.0	0.0
			153.34999999999997	0.0	0.0				156.19999999999996	0.0	0.0
			153.39999999999998	0.0	0.0				156.24999999999997	0.0	0.0
			153.45	0.0	0.0				156.29999999999995	0.0	0.0
			153.49999999999997	0.0	0.0				156.34999999999997	0.0	0.0
			153.54999999999998	0.0	0.0				156.39999999999998	0.0	0.0
			153.59999999999997	0.0	0.0				156.44999999999996	0.0	0.0
			153.64999999999998	0.0	0.0				156.49999999999997	0.0	0.0
			153.7	0.0	0.0				156.54999999999995	0.0	0.0
			153.74999999999997	0.0	0.0				156.59999999999997	0.0	0.0
			153.79999999999998	0.0	0.0				156.64999999999998	0.0	0.0
			153.84999999999997	0.0	0.0				156.69999999999996	0.0	0.0
			153.89999999999998	0.0	0.0				156.74999999999997	0.0	0.0
			153.95	0.0	0.0				156.79999999999995	0.0	0.0
			153.99999999999997	0.0	0.0				156.84999999999997	0.0	0.0
			154.04999999999998	0.0	0.0				156.89999999999998	0.0	0.0
			154.09999999999997	0.0	0.0				156.94999999999996	0.0	0.0
			154.14999999999998	0.0	0.0				156.99999999999994	0.0	0.0
			154.2	0.0	0.0				157.04999999999995	0.0	0.0
			154.25	0.0	0.0				157.09999999999997	0.0	0.0
			154.29999999999998	0.0	0.0				157.14999999999995	0.0	0.0
			154.34999999999997	0.0	0.0				157.19999999999996	0.0	0.0
			154.39999999999998	0.0	0.0				157.24999999999994	0.0	0.0
			154.45	0.0	0.0				157.29999999999995	0.0	0.0
			154.5	0.0	0.0				157.34999999999997	0.0	0.0
			154.54999999999998	0.0	0.0				157.39999999999995	0.0	0.0
			154.59999999999997	0.0	0.0				157.44999999999996	0.0	0.0
			154.64999999999998	0.0	0.0				157.49999999999994	0.0	0.0
			154.7	0.0	0.0				157.54999999999995	0.0	0.0
			154.75	0.0	0.0				157.59999999999997	0.0	0.0
			154.79999999999998	0.0	0.0				157.64999999999995	0.0	0.0
			154.84999999999997	0.0	0.0				157.69999999999996	0.0	0.0
			154.89999999999998	0.0	0.0				157.74999999999994	0.0	0.0
			154.95	0.0	0.0				157.79999999999995	0.0	0.0
			155.0	0.0	0.0				157.84999999999997	0.0	0.0
			155.04999999999998	0.0	0.0				157.89999999999995	0.0	0.0
			155.09999999999997	0.0	0.0				157.94999999999996	0.0	0.0
			155.14999999999998	0.0	0.0				157.99999999999994	0.0	0.0
			155.2	0.0	0.0				158.04999999999995	0.0	0.0
			155.25	0.0	0.0				158.09999999999997	0.0	0.0
			155.29999999999998	0.0	0.0				158.14999999999995	0.0	0.0
			155.34999999999997	0.0	0.0				158.19999999999996	0.0	0.0
			155.39999999999998	0.0	0.0				158.24999999999994	0.0	0.0
			155.45	0.0	0.0				158.29999999999995	0.0	0.0
			155.5	0.0	0.0				158.34999999999997	0.0	0.0
			155.54999999999998	0.0	0.0				158.39999999999995	0.0	0.0
			155.59999999999997	0.0	0.0				158.44999999999996	0.0	0.0
			155.64999999999998	0.0	0.0				158.49999999999994	0.0	0.0
			155.7	0.0	0.0				158.54999999999995	0.0	0.0
			155.75	0.0	0.0				158.59999999999997	0.0	0.0
			155.79999999999998	0.0	0.0				158.64999999999995	0.0	0.0
			155.84999999999997	0.0	0.0				158.69999999999996	0.0	0.0
			155.89999999999998	0.0	0.0				158.74999999999994	0.0	0.0
			155.95	0.0	0.0				158.79999999999995	0.0	0.0
			156.0	0.0	0.0				158.84999999999997	0.0	0.0
			156.04999999999998	0.0	0.0				158.89999999999995	0.0	0.0
			156.09999999999997	0.0	0.0				158.94999999999996	0.0	0.0
			156.14999999999998	0.0	0.0				158.99999999999994	0.0	0.0
			156.2	0.0	0.0				159.04999999999995	0.0	0.0
			156.25	0.0	0.0				159.09999999999997	0.0	0.0
			156.29999999999998	0.0	0.0				159.14999999999995	0.0	0.0
			156.34999999999997	0.0	0.0				159.19999999999996	0.0	0.0
			156.39999999999998	0.0	0.0				159.24999999999994	0.0	0.0
			156.45	0.0	0.0				159.29999999999995	0.0	0.0
			156.5	0.0	0.0				159.34999999999997	0.0	0.0
			156.54999999999998	0.0	0.0				159.39999999999995	0.0	0.0
			156.59999999999997	0.0	0.0				159.44999999999996	0.0	0.0
			156.64999999999998	0.0	0.0				159.49999999999994	0.0	0.0
			156.7	0.0	0.0				159.54999999999995	0.0	0.0
			156.75	0.0	0.0				159.59999999999997	0.0	0.0
			156.79999999999998	0.0	0.0				159.64999999999995	0.0	0.0
			156.84999999999997	0.0	0.0				159.69999999999996	0.0	0.0
			156.89999999999998	0.0	0.0				159.74999999999994	0.0	0.0
			156.95	0.0	0.0				159.79999999999995	0.0	0.0
			157.0	0.0	0.0				159.84999999999997	0.0	0.0
			157.04999999999998	0.0	0.0				159.89999999999995	0.0	0.0
			157.09999999999997	0.0	0.0				159.94999999999996	0.0	0.0
			157.14999999999998	0.0	0.0				159.99999999999994	0.0	0.0
			157.2	0.0	0.0				160.04999999999995	0.0	0.0
			157.25	0.0	0.0				160.09999999999997	0.0	0.0
			157.29999999999998	0.0	0.0				160.14999999999995	0.0	0.0
			157.34999999999997	0.0	0.0				160.19999999999996	0.0	0.0
			157.39999999999998	0.0	0.0				160.24999999999994	0.0	0.0
			157.45	0.0	0.0				160.29999999999995	0.0	0.0
			157.5	0.0	0.0				160.34999999999997	0.0	0.0
			157.54999999999998	0.0	0.0				160.39999999999995	0.0	0.0
			157.59999999999997	0.0	0.0				160.44999999999996	0.0	0.0
			157.64999999999998	0.0	0.0				160.49999999999994	0.0	0.0
			157.7	0.0	0.0				160.54999999999995	0.0	0.0
			157.75	0.0	0.0				160.59999999999997	0.0	0.0
			157.79999999999998	0.0	0.0				160.64999999999995	0.0	0.0
			157.84999999999997	0.0	0.0				160.69999999999996	0.0	0.0
			157.89999999999998	0.0	0.0				160.74999999999994	0.0	0.0
			157.95	0.0	0.0				160.79999999999995	0.0	0.0
			158.0	0.0	0.0				160.84999999999997	0.0	0.0
			158.04999999999998	0.0	0.0				160.89999999999995	0.0	0.0
			158.09999999999997	0.0	0.0				160.94999999999996	0.0	0.0
			158.14999999999998	0.0	0.0				160.99999999999994	0.0	0.0
			158.2	0.0	0.0				161.04999999999995	0.0	0.0
			158.25	0.0	0.0				161.09999999999997	0.0	0.0
			158.29999999999998	0.0	0.0				161.14999999999995	0.0	0.0
			158.34999999999997	0.0	0.0				161.19999999999996	0.0	0.0
			158.39999999999998	0.0	0.0				161.24999999999994	0.0	0.0
			158.45	0.0	0.0				161.29999999999995	0.0	0.0
			158.5	0.0	0.0				161.34999999999997	0.0	0.0
			158.54999999999998	0.0	0.0				161.39999999999995	0.0	0.0
			158.59999999999997	0.0	0.0				161.44999999999996	0.0	0.0
			158.64999999999998	0.0	0.0				161.49999999999994	0.0	0.0
			158.7	0.0	0.0				161.54999999999995	0.0	0.0
			158.75	0.0	0.0				161.59999999999997	0.0	0.0
			158.79999999999998	0.0	0.0				161.64999999999995	0.0	0.0
			158.84999999999997	0.0	0.0				161.69999999999996	0.0	0.0
			158.89999999999998	0.0	0.0				161.74999999999994	0.0	0.0
			158.95	0.0	0.0				161.79999999999995	0.0	0.0
			159.0	0.0	0.0				161.84999999999997	0.0	0.0
			159.04999999999998	0.0	0.0				161.89999999999995	0.0	0.0
			159.09999999999997	0.0	0.0				161.94999999999996	0.0	0.0
			159.14999999999998	0.0	0.0				161.99999999999994	0.0	0.0
			159.2	0.0	0.0				162.04999999999995	0.0	0.0
			159.25	0.0	0.0				162.09999999999997	0.0	0.0
			159.29999999999998	0.0	0.0				162.14999999999995	0.0	0.0
			159.34999999999997	0.0	0.0				162.19999999999996	0.0	0.0
			159.39999999999998	0.0	0.0				162.24999999999994	0.0	0.0
			159.45	0.0	0.0				162.29999999999995	0.0	0.0
			159.5	0.0	0.0				162.34999999999997	0.0	0.0
			159.54999999999998	0.0	0.0				162.39999999999995	0.0	0.0
			159.59999999999997	0.0	0.0				162.44999999999996	0.0	0.0
			159.64999999999998	0.0	0.0				162.49999999999994	0.0	0.0
			159.7	0.0	0.0				162.54999999999995	0.0	0.0
			159.75	0.0	0.0				162.59999999999997	0.0	0.0
			159.79999999999998	0.0	0.0				162.64999999999995	0.0	0.0
			159.84999999999997	0.0	0.0				162.69999999999996	0.0	0.0
			159.89999999999998	0.0	0.0				162.74999999999994	0.0	0.0
			159.95	0.0	0.0				162.79999999999995	0.0	0.0
			160.0	0.0	0.0				162.84999999999997	0.0	0.0
			160.04999999999998	0.0	0.0				162.89999999999995	0.0	0.0
			160.09999999999997	0.0	0.0				162.94999999999996	0.0	0.0
			160.14999999999998	0.0	0.0				162.99999999999994	0.0	0.0
			160.2	0.0	0.0				163.04999999999995	0.0	0.0
			160.25	0.0	0.0				163.09999999999997	0.0	0.0
			160.29999999999998	0.0	0.0				163.14999999999995	0.0	0.0
			160.34999999999997	0.0	0.0				163.19999999999996	0.0	0.0
			160.39999999999998	0.0	0.0				163.24999999999994	0.0	0.0
			160.45	0.0	0.0				163.29999999999995	0.0	0.0
			160.5	0.0	0.0				163.34999999999997	0.0	0.0
			160.54999999999998	0.0	0.0				163.39999999999995	0.0	0.0
			160.59999999999997	0.0	0.0				163.44999999999996	0.0	0.0
			160.64999999999998	0.0	0.0				163.49999999999994	0.0	0.0
			160.7	0.0	0.0				163.54999999999995	0.0	0.0
			160.75	0.0	0.0				163.59999999999997	0.0	0.0
			160.79999999999998	0.0	0.0				163.64999999999995	0.0	0.0
			160.84999999999997	0.0	0.0				163.69999999999996	0.0	0.0
			160.89999999999998	0.0	0.0				163.74999999999994	0.0	0.0
			160.95	0.0	0.0				163.79999999999995	0.0	0.0
			161.0	0.0	0.0				163.84999999999997	0.0	0.0
			161.04999999999998	0.0	0.0				163.89999999999995	0.0	0.0
			161.09999999999997	0.0	0.0				163.94999999999996	0.0	0.0
			161.14999999999998	0.0	0.0				163.99999999999994	0.0	0.0
			161.2	0.0	0.0				164.04999999999995	0.0	0.0
			161.25	0.0	0.0				164.09999999999997	0.0	0.0
			161.29999999999998	0.0	0.0				164.14999999999995	0.0	0.0
			161.34999999999997	0.0	0.0				164.19999999999996	0.0	0.0
			161.39999999999998	0.0	0.0				164.24999999999994	0.0	0.0
			161.45	0.0	0.0				164.29999999999995	0.0	0.0
			161.5	0.0	0.0				164.34999999999997	0.0	0.0
			161.54999999999998	0.0	0.0				164.39999999999995	0.0	0.0
			161.59999999999997	0.0	0.0				164.44999999999996	0.0	0.0
			161.64999999999998	0.0	0.0				164.49999999999994	0.0	0.0
			161.7	0.0	0.0				164.54999999999995	0.0	0.0
			161.75	0.0	0.0				164.59999999999997	0.0	0.0
			161.79999999999998	0.0	0.0				164.64999999999995	0.0	0.0
			161.84999999999997	0.0	0.0				164.69999999999996	0.0	0.0
			161.89999999999998	0.0	0.0				164.74999999999994	0.0	0.0
			161.95	0.0	0.0				164.79999999999995	0.0	0.0
			162.0	0.0	0.0				164.84999999999997	0.0	0.0
			162.04999999999998	0.0	0.0				164.89999999999995	0.0	0.0
			162.09999999999997	0.0	0.0				164.94999999999996	0.0	0.0
			162.14999999999998	0.0	0.0				164.99999999999994	0.0	0.0
			162.2	0.0	0.0				165.04999999999995	0.0	0.0
			162.25	0.0	0.0				165.09999999999997	0.0	0.0
			162.29999999999998	0.0	0.0				165.14999999999995	0.0	0.0
			162.34999999999997	0.0	0.0				165.19999999999996	0.0	0.0
			162.39999999999998	0.0	0.0				165.24999999999994	0.0	0.0
			162.45	0.0	0.0				165.29999999999995	0.0	0.0
			162.5	0.0	0.0				165.34999999999997	0.0	0.0
			162.54999999999998	0.0	0.0				165.39999999999995	0.0	0.0
			162.59999999999997	0.0	0.0				165.44999999999996	0.0	0.0
			162.64999999999998	0.0	0.0				165.49999999999994	0.0	0.0
			162.7	0.0	0.0				165.54999999999995	0.0	0.0
			162.75	0.0	0.0				165.59999999999997	0.0	0.0
			162.79999999999998	0.0	0.0				165.64999999999995	0.0	0.0
			162.84999999999997	0.0	0.0				165.69999999999996	0.0	0.0
			162.89999999999998	0.0	0.0				165.74999999999994	0.0	0.0
			162.95	0.0	0.0				165.79999999999995	0.0	0.0
			163.0	0.0	0.0				165.84999999999997	0.0	0.0
			163.04999999999998	0.0	0.0				165.89999999999995	0.0	0.0
			163.09999999999997	0.0	0.0				165.94999999999993	0.0	0.0
			163.14999999999998	0.0	0.0				165.99999999999994	0.0	0.0
			163.2	0.0	0.0				166.04999999999995	0.0	0.0
			163.25	0.0	0.0				166.09999999999994	0.0	0.0
			163.29999999999998	0.0	0.0				166.14999999999995	0.0	0.0
			163.34999999999997	0.0	0.0				166.19999999999993	0.0	0.0
			163.39999999999998	0.0	0.0				166.24999999999994	0.0	0.0
			163.45	0.0	0.0				166.29999999999995	0.0	0.0
			163.5	0.0	0.0				166.34999999999994	0.0	0.0
			163.54999999999998	0.0	0.0				166.39999999999995	0.0	0.0
			163.59999999999997	0.0	0.0				166.44999999999993	0.0	0.0
			163.64999999999998	0.0	0.0				166.49999999999994	0.0	0.0
			163.7	0.0	0.0				166.54999999999995	0.0	0.0
			163.75	0.0	0.0				166.59999999999994	0.0	0.0
			163.79999999999998	0.0	0.0				166.64999999999995	0.0	0.0
			163.84999999999997	0.0	0.0				166.69999999999993	0.0	0.0
			163.89999999999998	0.0	0.0				166.74999999999994	0.0	0.0
			163.95	0.0	0.0				166.79999999999995	0.0	0.0
			164.0	0.0	0.0				166.84999999999994	0.0	0.0
			164.04999999999998	0.0	0.0				166.89999999999995	0.0	0.0
			164.09999999999997	0.0	0.0				166.94999999999993	0.0	0.0
			164.14999999999998	0.0	0.0				166.99999999999994	0.0	0.0
			164.2	0.0	0.0				167.04999999999995	0.0	0.0
			164.25	0.0	0.0				167.09999999999994	0.0	0.0
			164.29999999999998	0.0	0.0				167.14999999999995	0.0	0.0
			164.34999999999997	0.0	0.0				167.19999999999993	0.0	0.0
			164.39999999999998	0.0	0.0				167.24999999999994	0.0	0.0
			164.45	0.0	0.0				167.29999999999995	0.0	0.0
			164.5	0.0	0.0				167.34999999999994	0.0	0.0
			164.54999999999998	0.0	0.0				167.39999999999995	0.0	0.0
			164.59999999999997	0.0	0.0				167.44999999999993	0.0	0.0
			164.64999999999998	0.0	0.0				167.49999999999994	0.0	0.0
			164.7	0.0	0.0				167.54999999999995	0.0	0.0
			164.75	0.0	0.0				167.59999999999994	0.0	0.0
			164.79999999999998	0.0	0.0				167.64999999999995	0.0	0.0
			164.84999999999997	0.0	0.0				167.69999999999993	0.0	0.0
			164.89999999999998	0.0	0.0				167.74999999999994	0.0	0.0
			164.95	0.0	0.0				167.79999999999995	0.0	0.0
			165.0	0.0	0.0				167.84999999999994	0.0	0.0
			165.04999999999998	0.0	0.0				167.89999999999995	0.0	0.0
			165.09999999999997	0.0	0.0				167.94999999999993	0.0	0.0
			165.14999999999998	0.0	0.0				167.99999999999994	0.0	0.0
			165.2	0.0	0.0				168.04999999999995	0.0	0.0
			165.25	0.0	0.0				168.09999999999994	0.0	0.0
			165.29999999999998	0.0	0.0				168.14999999999995	0.0	0.0
			165.34999999999997	0.0	0.0				168.19999999999993	0.0	0.0
			165.39999999999998	0.0	0.0				168.24999999999994	0.0	0.0
			165.45	0.0	0.0				168.29999999999995	0.0	0.0
			165.5	0.0	0.0				168.34999999999994	0.0	0.0
			165.54999999999998	0.0	0.0				168.39999999999995	0.0	0.0
			165.59999999999997	0.0	0.0				168.44999999999993	0.0	0.0
			165.64999999999998	0.0	0.0				168.49999999999994	0.0	0.0
			165.7	0.0	0.0				168.54999999999995	0.0	0.0
			165.75	0.0	0.0				168.59999999999994	0.0	0.0
			165.79999999999998	0.0	0.0				168.64999999999995	0.0	0.0
			165.84999999999997	0.0	0.0				168.69999999999993	0.0	0.0
			165.89999999999998	0.0	0.0				168.74999999999994	0.0	0.0
			165.95	0.0	0.0				168.79999999999995	0.0	0.0
			166.0	0.0	0.0				168.84999999999994	0.0	0.0
			166.04999999999998	0.0	0.0				168.89999999999995	0.0	0.0
			166.09999999999997	0.0	0.0				168.94999999999993	0.0	0.0
			166.14999999999998	0.0	0.0				168.99999999999994	0.0	0.0
			166.2	0.0	0.0				169.04999999999995	0.0	0.0
			166.25	0.0	0.0				169.09999999999994	0.0	0.0
			166.29999999999998	0.0	0.0				169.14999999999995	0.0	0.0
			166.34999999999997	0.0	0.0				169.19999999999993	0.0	0.0
			166.39999999999998	0.0	0.0				169.24999999999994	0.0	0.0
			166.45	0.0	0.0				169.29999999999995	0.0	0.0
			166.5	0.0	0.0				169.34999999999994	0.0	0.0
			166.54999999999998	0.0	0.0				169.39999999999995	0.0	0.0
			166.59999999999997	0.0	0.0				169.44999999999993	0.0	0.0
			166.64999999999998	0.0	0.0				169.49999999999994	0.0	0.0
			166.7	0.0	0.0				169.54999999999995	0.0	0.0
			166.75	0.0	0.0				169.59999999999994	0.0	0.0
			166.79999999999998	0.0	0.0				169.64999999999995	0.0	0.0
			166.84999999999997	0.0	0.0				169.69999999999993	0.0	0.0
			166.89999999999998	0.0	0.0				169.74999999999994	0.0	0.0
			166.95	0.0	0.0				169.79999999999995	0.0	0.0
			167.0	0.0	0.0				169.84999999999994	0.0	0.0
			167.04999999999998	0.0	0.0				169.89999999999995	0.0	0.0
			167.09999999999997	0.0	0.0				169.94999999999993	0.0	0.0
			167.14999999999998	0.0	0.0				169.99999999999994	0.0	0.0
			167.2	0.0	0.0				170.04999999999995	0.0	0.0
			167.25	0.0	0.0				170.09999999999994	0.0	0.0
			167.29999999999998	0.0	0.0				170.14999999999995	0.0	0.0
			167.34999999999997	0.0	0.0				170.19999999999993	0.0	0.0
			167.39999999999998	0.0	0.0				170.24999999999994	0.0	0.0
			167.45	0.0	0.0				170.29999999999995	0.0	0.0
			167.5	0.0	0.0				170.34999999999994	0.0	0.0
			167.54999999999998	0.0	0.0				170.39999999999995	0.0	0.0
			167.59999999999997	0.0	0.0				170.44999999999993	0.0	0.0
			167.64999999999998	0.0	0.0				170.49999999999994	0.0	0.0
			167.7	0.0	0.0				170.54999999999995	0.0	0.0
			167.75	0.0	0.0				170.59999999999994	0.0	0.0
