Frequency	n	k	ε1	ε2	σRe	σIm
0.0					0.0	
0.011111111111108584	2.7281354743737856	48.328303016872916	-2328.182149324151	263.6923157532333	162.99848330153608	1446.1867832965422
0.022222222222217168	2.6957840949159992	24.16167913869881	-576.5194869150312	130.2693406571359	161.04909911500843	726.8318335089167
0.03333333333332575	2.6486331758107795	16.068715238355587	-251.18835171135558	85.12026454592964	157.84844521820608	486.9482404825419
0.044444444444434336	2.6031427944225456	11.94773628945224	-135.97205003413998	62.203327263096725	153.8011901671357	364.3855994511796
0.055555555555542924	2.5913763140612405	9.367604252215447	-81.0367782250473	48.54997555738093	150.05314731251718	285.6938513533157
0.0666666666666515	2.653454971959837	7.538269846507756	-49.78468899054969	40.00491920838184	148.3715853518217	226.92382548004164
0.07777777777776008	2.806205256659423	6.175232611392706	-30.258709862304997	34.65794043036981	149.9639530965437	180.25608949281028
0.08888888888886867	3.016162170627451	5.178764120487522	-17.722363576124806	31.239984861634415	154.48520405348734	144.0133309764386
0.09999999999997726	3.2223314465875177	4.479816111950639	-9.68533244522573	28.870904664935942	160.61606849016	117.30298165104911
0.11111111111108585	3.384731066717848	3.9938065905287323	-4.494086688545796	27.035922482850175	167.1195592778074	98.24753581824208
0.12222222222219442	3.497719128888078	3.6434501025356876	-1.0406895450777363	25.487530237576607	173.303178591153	84.59081840927297
0.133333333333303	3.572259165042404	3.3771279958104	1.356042042143084	24.127952869109976	178.9731207722984	74.50273590864
0.1444444444444116	3.6207982814019988	3.1655184035176043	3.089673431595026	22.923407190405882	184.2080521575468	66.78017178003483
0.15555555555552017	3.6524138220997853	2.992610284128119	4.384410415196182	21.860502331815013	189.17958226291577	60.71252557859475
0.16666666666662877	3.6727409847470187	2.849383819018506	5.370038192956017	20.930097466768498	194.06561768920773	55.910311195841565
0.17777777777773734	3.6849056957578457	2.7304403509720063	6.12322547641248	20.122830402447594	199.019274473054	52.18847529095843
0.18888888888884592	3.690302047618151	2.632316488742135	6.689239105750996	19.428085856768245	204.157352192881	49.50237908530761
0.19999999999995452	3.689053801394811	2.5525850331843434	7.093427597948789	18.833247040104403	209.54813377630774	47.91708025178538
0.2111111111110631	3.6802390416102937	2.4892557538046187	7.347765195543253	18.32211241940964	215.18660491698614	47.59203687527594
0.2222222222221717	3.6620070913650347	2.440195467091556	7.455742019593623	17.872026209612184	220.94789962846062	48.761987373030706
0.23333333333328027	3.6317894308882748	2.4023750115220937	7.418488774326	17.449840351752073	226.51493489433534	51.68366803849056
0.24444444444438884	3.5869844627774823	2.370878420529911	7.245393051272657	17.00860811515042	231.30101836396005	56.498733561074864
0.2555555555554974	3.5266827380307473	2.3380831942326465	6.970858111570913	16.491355282360132	234.4608165446925	62.96997463053672
0.266666666666606	3.4544650909591255	2.2944921136425753	6.668635005087265	15.85248581611859	235.1769231231921	70.19138036666581
0.2777777777777146	3.3799172967333555	2.232951743636099	6.437767443349819	15.094384442173112	233.2606624710065	76.68372684780879
0.2888888888888232	3.3149686630129342	2.15392723513176	6.349614702515412	14.280402573743755	229.5090882681632	81.16783256235273
0.29999999999993177	3.267030035715411	2.065286957571526	6.40807503715159	13.49470904551495	225.22333166874665	83.31398385701176
0.31111111111104034	3.2364398876115317	1.9765175445428862	6.567921542237103	12.7937604394452	221.4329953418878	83.6330812737844
0.3222222222221489	3.2192198583207863	1.8942234588553775	6.775293984128874	12.195843549688636	218.62304128812346	82.90261269209535
0.33333333333325754	3.210417111889449	1.8214630980781314	6.989050214652204	11.695312597490405	216.8798369815496	81.79739210949433
0.3444444444443661	3.2057339874133106	1.7588459209191551	7.183191424522892	11.2767842946276	216.08919725272898	80.80377847409764
0.3555555555554747	3.20187896465016	1.7056293880978906	7.342857294725995	10.92243771847952	216.05068340132814	80.25208993850723
0.36666666666658326	3.196440525704669	1.6603586987183523	7.460441025957441	10.61447566357922	216.52027729991877	80.3614260877628
0.37777777777769184	3.1877180788421287	1.6211330173530711	7.53347429022468	10.33543005524855	217.21687349031114	81.26170091207722
0.38888888888880047	3.1746825778782632	1.5856764429190857	7.564239688655251	10.068038754974395	217.82063112759727	82.98614578320893
0.39999999999990904	3.15711283043551	1.5513988361726367	7.560523075222705	9.795882341606697	217.987780758659	85.43988432276404
0.4111111111110176	3.1358362081032283	1.5156408220271975	7.536301622655953	9.505602736384454	217.40397138784715	88.36718667656757
0.4222222222221262	3.112835611319193	1.4762254293093617	7.510504024957326	9.19049417337829	215.87808145785192	91.36145598812824
0.43333333333323476	3.0909039473818307	1.4321641288696834	7.502593119919523	8.853363518443931	213.4317340213463	93.95641632351095
0.4444444444443434	3.0728008657237806	1.3840398224786952	7.526538930185957	8.505757529417444	210.30959095874442	95.77348171162896
0.45555555555545196	3.060372646909548	1.3336978122960648	7.587130883428842	8.163224607987962	206.88628059634863	96.63219472807329
0.46666666666656054	3.0541861389600355	1.283456016397756	7.680793625388012	7.839827150493781	203.53629612418038	96.55742090720545
0.4777777777776691	3.053745008272124	1.2353813623292926	7.799191465156335	7.545079337050987	200.5480093232546	95.7093956681084
0.4888888888887777	3.057952739495421	1.1909400533748629	7.93273674625503	7.283676797584969	198.10226084457608	94.30301599021314
0.49999999999988626	3.065515872969656	1.1509715453374183	8.072652069252507	7.05664308313654	196.2893580761625	92.55434655371182
0.5111111111109948	3.0751857845463357	1.1158133995772423	8.21172806679974	6.862667009172512	195.1357524103546	90.6565686113431
0.5222222222221035	3.0858650167746307	1.0854521295581148	8.344356576191245	6.6991175079738206	194.62630731786945	88.77416993330243
0.533333333333212	3.0966328606462663	1.0596467960045939	8.466283741351477	6.5626741783727125	194.71892782397825	87.04532160172869
0.5444444444443206	3.106732498954003	1.0380134901461098	8.574314814331677	6.44966048837918	195.35252229941125	85.58663347302914
0.5555555555554292	3.115545312342934	1.0200743738413593	8.66607086509419	6.356175867325202	196.44998433351773	84.4974001556706
0.5666666666665378	3.122567283206718	1.0052786155427371	8.739841343285462	6.278100230802191	197.91764294817114	83.86172756879374
0.5777777777776464	3.1273974231605353	0.9930031560499085	8.794559374466075	6.211031022841525	199.64256048055225	83.74726124354058
0.5888888888887549	3.1297460359379636	0.982542852146013	8.829919793166175	6.15021919328633	201.4895620812756	84.19932999363475
0.5999999999998635	3.1294681088299945	0.9731038140105401	8.846639611342122	6.09059470505364	203.3010162263729	85.22989739829382
0.6111111111109722	3.126620094233287	0.9638199410012112	8.84680433499179	6.026997589514256	204.90369798249824	86.8026286161548
0.6222222222220807	3.121523106375701	0.9538155154902549	8.834142466047465	5.954714341644962	206.12707879231183	88.81915869112487
0.6333333333331893	3.114794651965578	0.9423253086595659	8.813968736573019	5.870299663649257	206.83365960485324	91.11601463538561
0.6444444444442978	3.1073012640843736	0.9288494536170473	8.79255983829566	5.772430162736661	206.9534973385265	93.48209425712957
0.6555555555554065	3.1000110207700757	0.9132775069455727	8.775992524203208	5.66234067310539	206.50667578979755	95.69806769983582
0.6666666666665151	3.0937875065607723	0.8959075900021541	8.768870725928053	5.54349541796327	205.5990162783381	97.58420448899422
0.6777777777776236	3.0892149858040887	0.8773395663533718	8.773524513827434	5.420581072035394	204.3909999450978	99.03512996412437
0.6888888888887322	3.0865263448299323	0.8582963545991915	8.789972245010961	5.298308620283796	203.05562767566417	100.02830375173887
0.6999999999998407	3.0856383349119394	0.8394560651992586	8.816477448478304	5.180515630506338	201.7435352602649	100.60947792520498
0.7111111111109494	3.0862472094147337	0.821346504409251	8.850311757314936	5.069756714391195	200.56409220251732	100.86793836515893
0.722222222222058	3.087932899948402	0.8043064502865961	8.888420728611122	4.967288698961387	199.5808406969346	100.91281840848028
0.7333333333331665	3.0902425754707106	0.788491934237158	8.927879644894796	4.873262691189835	198.81532026537604	100.85551124164722
0.7444444444442752	3.0927471908586104	0.7739034055136867	8.966158705498144	4.786975166796734	198.25404923384843	100.79828597699375
0.7555555555553837	3.095076498892281	0.7604180646170504	9.00126290099936	4.707104162258769	197.8558112925068	100.8271876806016
0.7666666666664923	3.096940742248457	0.747820703863294	9.03180615587183	4.631912811382307	197.55842524637492	101.00722219434381
0.7777777777776009	3.0981453725200154	0.7358325379290294	9.057055225392109	4.559432344668962	197.28538101001772	101.37857470007224
0.7888888888887094	3.09860159666631	0.724140555716919	9.076952310428997	4.487646164310549	196.95320152346932	101.95359950420682
0.7999999999998181	3.0983317355082587	0.7124302758038871	9.092102645375615	4.41469066572017	196.48023269304895	102.71528485321383
0.8111111111109266	3.097465376975924	0.7004226198928165	9.103699915107086	4.339069628737534	195.79679046569746	103.61856919520233
0.8222222222220352	3.0962215720677198	0.6879114624189864	9.113365843210072	4.259852619228636	194.85537164358342	104.59586005933105
0.8333333333331439	3.0948751554183422	0.6747940874803597	9.122905167127255	4.176806912732314	193.63851859145163	105.56707057384295
0.8444444444442524	3.093711253936468	0.6610853007846258	9.134015547819654	4.090414069698744	192.16175432494288	106.45268185186184
0.855555555555361	3.0929780627004555	0.646909493617779	9.148021403413452	4.001753744624902	190.4702598457573	107.18674257131961
0.8666666666664695	3.0928498712643164	0.6324723751927394	9.165699020797753	3.912284208386201	188.63014058795994	107.7264547701623
0.8777777777775781	3.0934085001989433	0.6180210257966491	9.187226160776333	3.823582989002049	186.7169313226468	108.05632888295432
0.8888888888886868	3.0946442909487875	0.6038033689582458	9.212244779136595	3.7371132972045595	184.80441422961766	108.18693197551153
0.8999999999997953	3.096471878512831	0.590035667486849	9.23999600551413	3.654057703385151	182.9559379065919	108.14978546371727
0.9111111111109039	3.0987536550618193	0.5768818763031412	9.269481515551952	3.5752296454665586	181.21906456049072	107.99042441094038
0.9222222222220124	3.1013247082490203	0.5644445738711723	9.29961726902326	3.5010518067675123	179.62331979658913	107.76124999127192
0.9333333333331211	3.1040152777808374	0.5527650438230384	9.329361651024163	3.4315822820998103	178.18034355514249	107.51514085018711
0.9444444444442296	3.1066688972388428	0.541829640696843	9.357812277533537	3.3665705847099594	176.88570598564223	107.30023564166936
0.9555555555553382	3.109155751846585	0.5315800287535043	9.384272162271126	3.305530207931462	175.7218110890379	107.15598528139438
0.9666666666664468	3.111381415479695	0.5219255488026631	9.408288034099469	3.247818905617293	174.66148458027212	107.11045748850357
0.9777777777775554	3.1132913013975503	0.512756492431819	9.429663506826671	3.1927206552462017	173.6719510286784	107.17886714897352
0.988888888888664	3.1148711409598673	0.5039573431081347	9.448449221112014	3.1395243686446777	172.71893605804024	107.36332469949407
0.9999999999997725	3.116143790571842	0.49541911326590743	9.46491202573027	3.087594387068331	171.77060341496608	107.65378716631277
1.0111111111108813	3.1171627762033127	0.4870498719233906	9.479486195606952	3.036427461828368	170.80099329502372	108.03013394880136
1.0222222222219897	3.118003245137213	0.47878256005567793	9.492711496872722	2.985691151937413	169.79261520908213	108.46517152119178
1.0333333333330983	3.1187513361795602	0.4705793598119286	9.505164963040787	2.935240014383949	168.73790662675668	108.92822936888045
1.044444444444207	3.1194932565029845	0.46243227180414725	9.51739457136165	2.885108706964785	167.63941016972038	109.3888985456168
1.0555555555553156	3.120305413791627	0.4543600970824931	9.529862777516522	2.8354845414747847	166.50871848384176	109.82043730088323
1.066666666666424	3.121246727087085	0.44640255521985506	9.542905890045024	2.7866650288865684	165.36442672030253	110.20244617669671
1.0777777777775326	3.122353788040473	0.43861262343196594	9.556712144256817	2.7390075725103364	164.22945675586254	110.5225725666515
1.0888888888886412	3.123639021311335	0.43104826225107257	9.571318131069166	2.6928783440717843	163.12814533655722	110.77718469755133
1.0999999999997498	3.125091561924419	0.4237645301941112	9.58662089336057	2.648605915104965	162.08343361635855	110.97110007044434
1.1111111111108585	3.12668032073113	0.41680679816759164	9.602401921048603	2.6064432267551214	161.11440015196473	111.11653353184224
1.1222222222219669	3.1283586435082937	0.41020548223515924	9.618359264757272	2.5665397319296965	160.2342879302759	111.23144949115945
1.1333333333330755	3.1300700153203476	0.40397250316553973	9.63414451749369	2.52892443834472	159.4491153790516	111.33748810509117
1.1444444444441841	3.131754334123552	0.39809956992952755	9.649401941723577	2.49350010707904	158.75693473936633	111.45761770919462
1.1555555555552928	3.1333543142274785	0.3925583380428211	9.663807209721009	2.4600487241848845	158.1477936262169	111.61366699488667
1.1666666666664014	3.1348215600868437	0.38730245538014785	9.67710302164182	2.4282481748005202	157.60444397618846	111.82391615498805
1.1777777777775098	3.136121793197011	0.38227142426934047	9.689128459952325	2.397699489135079	157.10380553450742	112.10096633883491
1.1888888888886184	3.1372386686146294	0.37739604876266275	9.699838686229223	2.367962955121196	156.6191168419904	112.45013900062003
1.199999999999727	3.138175645418105	0.37260500578567657	9.709311891158796	2.3385999090349645	156.12259921324855	112.86865315929253
1.2111111111108357	3.1389555311200126	0.36783182708578455	9.717741573331654	2.309215496305807	155.588341077968	113.34576538589906
1.2222222222219443	3.1396176209689353	0.3630213908703065	9.725414275669225	2.279496711130131	154.9950198958518	113.8639272400076
1.2333333333330527	3.140212755836522	0.35813499280892697	9.732675478844154	2.249240145460027	154.32805907918123	114.40083786717207
1.2444444444441614	3.140797020962579	0.3531532548384785	9.739888705484399	2.218365381479863	153.58089390804238	114.93209312005206
1.25555555555527	3.1414250686796676	0.34807651688746943	9.747394200520542	2.1869125919379964	152.75518403946728	115.43401596149981
1.2666666666663786	3.1421440737375166	0.3429228335767189	9.75547331033551	2.1550258985447277	151.86001351834062	115.88623853308094
1.2777777777774872	3.1429891129671588	0.3377241131985379	9.76432298759435	2.122926421938986	150.91029628247858	116.27369654155187
1.2888888888885957	3.1439803916623354	0.33252116717656116	9.774042376536789	2.0908800588315635	149.92470363138338	116.587851983789
1.2999999999997043	3.1451223553775614	0.3273584476471468	9.784631077049749	2.0591647438334726	148.92343491705327	116.82712098894942
1.311111111110813	3.146404444825107	0.32227909162335394	9.795997117517615	2.0280407327158376	147.92608719876577	116.99659993683522
1.3222222222219215	3.1478031230282886	0.31732066336242115	9.80797209794988	1.997725950267275	146.9497872277739	117.10723457121058
1.3333333333330302	3.149284807850505	0.31251178724357725	9.820331183791817	1.9683772476808141	146.00767035053386	117.17457314226333
1.3444444444441386	3.150809417647707	0.30786974608927864	9.832816205780405	1.9400777907738147	145.1077484531862	117.21721307928718
1.3555555555552472	3.1523343140965276	0.3033990905156394	9.845160619704709	1.9128307277962568	144.25220469331754	117.25502172896783
1.3666666666663558	3.1538184528709516	0.2990913320318867	9.857115208772715	1.886559524111834	143.43717163626414	117.30720806089485
1.3777777777774645	3.155226508759056	0.29492582386990474	9.86847307999052	1.8611155551838556	142.6530669761392	117.39035316068252
1.388888888888573	3.156532640976229	0.2908719131315151	9.879091843699578	1.8362933762856593	141.88555057825445	117.51656566563437
1.3999999999996815	3.157723454592339	0.2868923351740003	9.888910203700986	1.811853311443415	141.11710821645988	117.69199027444326
1.4111111111107901	3.1587996662841773	0.28294761104039645	9.897955981123562	1.7875496386606191	140.32915841761036	117.91592720919913
1.4222222222218988	3.159776066705432	0.27900094715793905	9.906343263209425	1.7631610308356056	139.50444231478804	118.18078237411068
1.4333333333330074	3.160679618335707	0.2750229178862371	9.914258044400091	1.738518662276489	138.62934025574498	118.4729457119508
1.444444444444116	3.161545895380845	0.2709951454633957	9.921934079734742	1.7135271796158673	137.69571925074067	118.77450933492513
1.4555555555552244	3.1624144461421992	0.2669123459499069	9.929622928748389	1.68817491737138	136.70198727031828	119.06554564249996
1.466666666666333	3.163323895567818	0.26278245956843843	9.937563447213517	1.6625320673778505	135.653202535028	119.32654159427139
1.4777777777774417	3.1643076108198342	0.25862501134026294	9.945955759401578	1.6367381834647199	134.5602992399834	119.54057777825143
1.4888888888885503	3.1653905316495927	0.2544681984265001	9.954943153846463	1.6109824518103464	133.43866771291152	119.69494770316126
1.499999999999659	3.1665874218570487	0.2503453632692945	9.964603099352834	1.5854809568975632	132.306410684898	119.7820831632503
1.5111111111107673	3.1679024646000373	0.2462914684176043	9.97494653780369	1.5604546996201818	131.18257847534034	119.79981711844947
1.522222222221876	3.169329904543127	0.24234000448146523	9.98592336605927	1.5361108465404463	130.08559627983925	119.75112507398364
1.5333333333329846	3.170855366286421	0.23852053452557614	9.997431708517027	1.5126282337398573	129.03198484501303	119.64352277312524
1.5444444444440932	3.1724575240907917	0.2348568872264055	10.0093289846826	1.4901469979319053	128.03538199925754	119.48827526987048
1.5555555555552019	3.1741099081835333	0.23136589827645063	10.021443530343609	1.4687615802701308	127.1058175982242	119.29951704535374
1.5666666666663103	3.1757827551642537	0.22805656934206134	10.033586309178588	1.4485162402368785	126.24918129516523	119.09332114115462
1.577777777777419	3.1774449068644346	0.22492954965324105	10.045562833851525	1.4294025038980034	125.46684346341586	118.88670646844578
1.5888888888885275	3.179065811728676	0.22197692249100204	10.057185681183528	1.4113584905677816	124.75543269481726	118.69654839101267
1.5999999999996362	3.1806176744318946	0.2191823708468638	10.068287879218502	1.394270645278842	124.10682494637953	118.53836528255087
1.6111111111107448	3.1820777302721495	0.21652187413430654	10.078736959515322	1.3779788675991325	123.50844352745818	118.42499580921904
1.6222222222218532	3.1834304994999973	0.21396511755658865	10.088448673615797	1.3622861621174933	122.94398618168486	118.36525440213843
1.6333333333329618	3.184669731040395	0.21147774373505146	10.097398459709632	1.3469735385234718	122.39466497278367	118.3627402893434
1.6444444444440705	3.1857996278054226	0.20902442239201993	10.10562805936885	1.331819854117481	121.8409535883693	118.41504769354178
1.655555555555179	3.186834927213471	0.20657247425794972	10.113244666186638	1.3166247519322796	121.26469335047021	118.51363932127046
1.6666666666662877	3.1877995492141227	0.20409552897767724	10.120410981021084	1.3012312705433149	120.6512538584415	118.64456615681998
1.6777777777773961	3.1887238230886443	0.20157653549922977	10.127326520269188	1.2855438018441356	119.99134327171987	118.79004057281385
1.6888888888885047	3.1896406810334654	0.1990094821927389	10.134202900101007	1.26953748062673	119.28208015207998	118.93064476669457
1.6999999999996134	3.1905815127439117	0.1963994514766708	10.14123764492289	1.2532569179890216	118.5270923200199	119.04777043528536
1.711111111110722	3.1915724720893324	0.19376104489180143	10.14859150208085	1.2368048340798776	117.73564949722524	119.12582181849949
1.7222222222218306	3.192631870054388	0.1911156057643287	10.156373082920313	1.2203235476558918	116.92106938996493	119.15380092960734
1.733333333332939	3.1937689553939212	0.18848788787646553	10.164632456561849	1.2039735295352518	116.09877199289511	119.1260864417946
1.7444444444440477	3.1949840244308882	0.18590281447878423	10.173363059937461	1.1879130447129098	115.28436000338993	119.04242925946002
1.7555555555551563	3.1962695448416043	0.18338279432975524	10.182509754025768	1.1722816811282966	114.49200332547655	118.90734073115811
1.766666666666265	3.1976118793160353	0.18094581776087604	10.191980341777876	1.1571889927694634	113.7332651426054	118.72911075419114
1.7777777777773736	3.198993230955698	0.17860434329914981	10.201658180255054	1.1427081704665358	113.01638311925493	118.51867494115038
1.788888888888482	3.2003935415710103	0.1763648541690198	10.211414259143373	1.1288738804852883	112.34594190955681	118.28848811649546
1.7999999999995906	3.2017921961805498	0.17422791708401206	10.221117900431235	1.1156831705527634	111.72284481768399	118.05149109062224
1.8111111111106992	3.2031694836791957	0.17218858926324396	10.23064583090118	1.1030984691315886	111.14449972725063	117.82020170037927
1.8222222222218079	3.2045078204355084	0.17023706330604335	10.239889713509267	1.0910520013843812	110.6051597711715	117.60592843116147
1.8333333333329163	3.205792762425977	0.16835948851998106	10.248762318248067	1.0794512595661894	110.09638792379405	117.41809486941297
1.8444444444440249	3.2070138221507873	0.16653894527986723	10.257202435171271	1.0681853988778958	109.60763684433684	117.26367033655573
1.8555555555551335	3.2081650812230635	0.16475656731933983	10.265178461904135	1.0571325323521659	109.12694524789306	117.14671913309563
1.8666666666662421	3.2092455606360435	0.16299280252968726	10.272690414785671	1.0461678558680523	108.64174753860355	117.0681001788971
1.8777777777773508	3.210259290210095	0.161228777677784	10.27976999162875	1.0351723627786482	108.13977517136497	117.02536273313078
1.8888888888884592	3.211215016990175	0.15944769323528246	10.286478318465159	1.0240416538831636	107.61000035377766	117.01288525669173
1.8999999999995678	3.2121255160283515	0.15763613301916707	10.292901180287167	1.0126940902378117	107.04354295972225	117.02228857754974
1.9111111111106764	3.2130065158826815	0.1557851447636792	10.299141859775526	1.001077370406856	106.43444016699897	117.04312106311602
1.922222222221785	3.2138753161391853	0.15389094653527954	10.305312124263223	0.98917262889406	105.78017540880354	117.06376837660005
1.9333333333328937	3.2147492381029394	0.1519551479810753	10.31152229688548	0.9769953923959624	105.0818845649469	117.07249516264079
1.944444444444002	3.2156440922858835	0.14998444132726343	10.317871595612853	0.9645931653776267	104.34420107893982	117.05849457931873
1.9555555555551107	3.216572852114787	0.1479897994579826	10.32443993221824	0.9520399426529169	103.57475780167371	117.01281483130023
1.9666666666662194	3.2175446887435144	0.14598529509928637	10.331282117676373	0.9394284217627269	102.783416816715	116.92905283005217
1.977777777777328	3.2185644568553067	0.1439867057408988	10.338424991502178	0.9268609867146816	101.98133519707254	116.80374762798999
1.9888888888884366	3.219632644920591	0.14201008273239724	10.345867504640697	0.9144405965462001	101.17998679115973	116.63645769820972
1.999999999999545	3.2207457357019518	0.14007044187095063	10.353583365356384	0.9022625567075048	100.39024844292041	116.42955273465094
2.0111111111106537	3.221896877829176	0.13818068845884546	10.361525588702431	0.8904078574436805	99.62163101416516	116.18778266057967
2.0222222222217625	3.2230767514396894	0.136350837661426	10.36963219474005	0.8789384298117388	98.88170143647521	115.91770052800346
2.033333333332871	3.224274516227024	0.13458754423803007	10.377832348926987	0.8678943781765153	98.17571074660714	115.62701426540762
2.0444444444439793	3.225478750183917	0.1328939220173599	10.386052373378847	0.8572930429911858	97.50642002979473	115.32393033842929
2.055555555555088	3.226678312685461	0.13126961465070736	10.394221221824147	0.8471296374160301	96.87410286443475	115.01653644543993
2.0666666666661966	3.227863089259024	0.12971107276536029	10.40227516060287	0.8373791680949958	96.27669777243771	114.71225519165814
2.0777777777773054	3.2290245935001134	0.12821199418157064	10.410161509976557	0.8279993647879701	95.71008440904659	114.41738902266768
2.088888888888414	3.23015641311977	0.1267638886860515	10.417841369743968	0.8189343759824999	95.16845963273438	114.13676931600726
2.0999999999995222	3.2312544931706397	0.12535673327631655	10.425291289057737	0.8101190152965826	94.64479162947134	113.87351871106016
2.111111111110631	3.232317252409937	0.12397968560089903	10.432503857785228	0.8014833534322916	94.13133036989238	113.62893390662146
2.1222222222217395	3.2333455311739767	0.12262182191653657	10.439487212752594	0.7929574398364895	93.620150411063	113.40249437900981
2.133333333332848	3.2343423733710472	0.12127286210144465	10.446263481101182	0.7844759132693725	93.10369802538328	113.19199907779061
2.1444444444439568	3.2353126526747524	0.11992384002778801	10.452866233150331	0.775982233998491	92.5753102889354	112.99382706151846
2.155555555555065	3.236262563833232	0.11856767537736321	10.459337088424054	0.7674322582089836	92.02967098559242	112.80330913208736
2.166666666666174	3.237199012944327	0.11719960510133097	10.465721701971816	0.758796891902987	91.46316881232458	112.61518675430774
2.1777777777772824	3.2381289531289474	0.11581744060963035	10.472065437542607	0.7500636154306728	90.8741285984932	112.42412380091464
2.188888888888391	3.2390587212878836	0.11442163041261542	10.478409090444819	0.7412367597839219	90.26289617730978	112.22522829464276
2.1999999999994997	3.2399934349159163	0.1130151257068192	10.484785039659709	0.7323365306725824	89.63177102124665	112.01453747650868
2.211111111110608	3.2409365038053624	0.11160306544121888	10.491214177482249	0.72339689745005	88.98479562342683	111.78942150189945
2.222222222221717	3.2418893001393765	0.1101923144218021	10.497703888200544	0.7144625701632683	88.32742431623332	111.54886883379451
2.2333333333328254	3.242851013796137	0.108790900212873	10.504247237709507	0.7055853620942192	87.66610452812277	111.29362867908692
2.2444444444439338	3.2438187005462775	0.10740740040272823	10.510823412352469	0.6968202680068633	87.00780905153916	111.02620044681822
2.2555555555550426	3.2447875123244723	0.10605033113791777	10.517399327402375	0.6882215803083814	86.35955852326816	110.75067480987309
2.266666666666151	3.245751083360648	0.10472758186871775	10.52393222873275	0.6798393246162632	85.72796977746552	110.47244355951709
2.27777777777726	3.2467020351199594	0.10344593185845499	10.530373044034022	0.6717162349794529	85.11885936293896	110.19780482952456
2.2888888888883683	3.2476325570364115	0.10221067313495988	10.53667020382016	0.6638854194994052	84.53692375521764	109.93349606969068
2.2999999999994767	3.248535018399187	0.10102535375755094	10.542773643663969	0.6563687988551402	83.98550980754203	109.68618965879949
2.3111111111105855	3.249402568499915	0.09989164549582234	10.548638711333982	0.6491763388916162	83.46648150562284	109.46198590104392
2.322222222221694	3.250229686204182	0.0988093316642937	10.55422972905899	0.6423060460985646	82.98018243480598	109.26593608594256
2.333333333332803	3.2510126456383626	0.09777640394803355	10.559522996931536	0.6357446513602036	82.52548757434297	109.1016248816992
2.344444444443911	3.251749871118547	0.09678925145759404	10.564509065121765	0.629468871905784	82.09993304075557	108.9708369565384
2.3555555555550196	3.252442161506702	0.09584292087989564	10.569194148463598	0.6234471135034472	81.69990820344842	108.8733275609857
2.3666666666661285	3.2530927717654405	0.09493142351523093	10.573600606541929	0.617641455301603	81.32089132786236	108.80671090317085
2.377777777777237	3.253707347490366	0.09404806345486341	10.577766464873184	0.6120097501606585	80.95770785733738	108.76647358939678
2.3888888888883457	3.254293716453639	0.09318576150686823	10.581744006802024	0.6065076762694974	80.60479001050608	108.74611334227222
2.399999999999454	3.2548615493293642	0.09233735203259015	10.58559751872236	0.6010905933955346	80.25641790285533	108.7373959877148
2.4111111111105625	3.255421909245982	0.09149583472347618	10.58940031942701	0.5957150899271073	79.90692607688639	108.73071682877688
2.4222222222216714	3.255986716021715	0.09065457029294159	10.593231243794873	0.5903401532409492	79.55086501143859	108.71554656748089
2.43333333333278	3.25656815532485	0.08980741742704058	10.597170778050982	0.5849279514097326	79.18311435787427	108.68093743549322
2.4444444444438886	3.2571780652432203	0.08894881709230629	10.601297056639448	0.5794442719247825	78.7989524327872	108.61606247781698
2.455555555554997	3.2578273328537017	0.0880738381573323	10.6056819297209	0.573858714516581	78.39409374547887	108.51076003549727
2.4666666666661055	3.2585253316673475	0.0871782039413687	10.610387297875354	0.5681447718244242	77.96471185046784	108.35605614556653
2.4777777777772143	3.2592794278327637	0.08625832167320868	10.61546189063599	0.5622799466177402	77.50746753765179	108.14463935510248
2.4888888888883227	3.260094579223087	0.08531133527476908	10.620938641553392	0.556246043351116	77.01956159601345	107.87126488570289
2.4999999999994316	3.2609730473229703	0.08433521630155728	10.626832786658229	0.5500297345990622	76.49882688927468	107.53306792224453
2.51111111111054	3.2619142371489955	0.08332889884414321	10.633140785132737	0.5436234430113185	75.94386661039191	107.129769092053
2.5222222222216484	3.2629146749317313	0.082292452912464	10.639840128078495	0.5370265044884145	75.35423526720984	106.66375933164196
2.5333333333327572	3.2639681265179155	0.08122727899764089	10.646890060071511	0.5302464993041559	74.73064765185293	106.14005681840617
2.5444444444438656	3.2650658511759194	0.08013629615042263	10.654233186554423	0.5233005680009304	74.07519059156287	105.56613583256323
2.5555555555549745	3.266196976004622	0.0790240890285779	10.66179787941494	0.5162164812333223	73.39150459832392	104.95163617785256
2.566666666666083	3.2673489664703013	0.07789697751175478	10.669501329589078	0.5090332179283846	72.68489927885061	104.30797129161463
2.5777777777771913	3.268508160377766	0.0767629763830697	10.677253039912861	0.5018008294458981	71.96236849539841	103.64786189801882
2.5888888888883	3.269660327713225	0.07563162185001097	10.684958516398092	0.49457942696717916	71.23247874455919	102.9848281285891
2.5999999999994086	3.2707912188526826	0.0745136548637317	10.692522912562666	0.48743721602582624	70.50511595476527	102.33267474280426
2.6111111111105174	3.271887069259318	0.07342056612275544	10.699854414456542	0.4804476018294845	69.79109001484024	101.70500049971898
2.622222222221626	3.27293503940777	0.0723640220356635	10.706867220497962	0.4736854866259981	69.10161070147029	101.11475408448611
2.6333333333327342	3.27392358241985	0.07135520301487906	10.713484058527529	0.4672229637575371	68.44766148966103	100.57384678024741
2.644444444443843	3.274842746057898	0.07040409445818906	10.719638274891556	0.461124676058351	67.83930801237773	100.09281876648878
2.6555555555549515	3.275684427256688	0.06951877676557001	10.725275606648994	0.4554431489058235	67.28498556065601	99.68054448313241
2.6666666666660603	3.2764426035124514	0.06870476440755563	10.730355789459152	0.45021443433840236	66.79081542258596	99.34395579911336
2.6777777777771687	3.277113564160734	0.06796444599527485	10.734854146486825	0.44545441570356975	66.36000346719246	99.0877620454336
2.688888888888277	3.2776961549669212	0.06729667737396369	10.738763241499365	0.4411561213413804	65.99237596411572	98.91415455278195
2.699999999999386	3.2781920321003395	0.06669657677520442	10.742094565972623	0.4372883731056874	65.68410594316714	98.82249994969634
2.7111111111104944	3.2786058988437676	0.06615556290426255	10.744880081429969	0.4337960375584903	65.42767626608581	98.80904903813264
2.7222222222216033	3.278945674751538	0.06566166124666639	10.747173284214146	0.4306020402835149	65.21211064382456	98.86671227345214
2.7333333333327117	3.2792225286830448	0.06520007975622757	10.749049342222204	0.42761114081710555	65.02347984788628	98.9849724146608
2.74444444444382	3.2794507013990164	0.06475402396867763	10.750603819286365	0.42471525864497717	64.84565873947204	99.15001230618245
2.755555555554929	3.2796470562864495	0.06430568854094242	10.751949592229648	0.4217999242515501	64.66127552068377	99.34512445085201
2.7666666666660373	3.2798303306441374	0.06383733534791605	10.753211792428909	0.41875125740319236	64.45276606164109	99.55143607812333
2.777777777777146	3.2800201111752547	0.06333235631839591	10.75452094235729	0.4154628048249116	64.20343238029335	99.74893191154393
2.7888888888882546	3.2802356158039747	0.06277622775975676	10.756004840417136	0.4118416362467526	63.8984114159684	99.9176965979786
2.799999999999363	3.280494415279175	0.06215729098769224	10.757780079854927	0.40781329190801396	63.52548750256953	100.0392442340483
2.811111111110472	3.2808112581787676	0.06146733302814215	10.759944278762955	0.4033254364179047	63.07572087942936	100.09776814125453
2.8222222222215803	3.2811971628114525	0.06070197758664609	10.762570091158997	0.3983503132686951	62.543901447427736	100.08113981650945
2.833333333332689	3.281658908003504	0.0598609179120494	10.765701858985478	0.3928862290146869	61.92885867915367	99.98151381852033
2.8444444444437975	3.282198998201899	0.05894802390150155	10.769355394275658	0.38695828999098	61.23365875287307	99.79544974256714
2.855555555554906	3.282816107888528	0.05797133960800836	10.773520921996436	0.38061849492209215	60.465702094429744	99.52353289272045
2.8666666666660148	3.283505938690732	0.056942965720404096	10.778168748072272	0.37394513221921927	59.6367103744708	99.16954942809276
2.877777777777123	3.2842623616485622	0.05587880834076519	10.783256818919808	0.3670413340946977	58.762576278484914	98.73933766029167
2.888888888888232	3.285078676313955	0.05479818024779779	10.788739069014177	0.3600326668656982	57.86305301436556	98.23948466442052
2.8999999999993404	3.285948803420303	0.053723265589913985	10.794573349433676	0.353063800562018	56.961286343021555	97.67605953289204
2.911111111110449	3.2868682392362443	0.05267849742603539	10.800727798008904	0.34629456016064797	56.08323411009107	97.05356960948217
2.9222222222215577	3.28783463190979	0.05168993930823398	10.807184716959696	0.3398959451578537	55.257065984955	96.37429830660334
2.933333333332666	3.2888478823664684	0.05078479784029315	10.813941297654724	0.3340469496669146	54.51267907372694	95.63814305494661
2.944444444443775	3.289909711220667	0.049991218931665096	10.821006786013779	0.3289331932780869	53.881498353705716	94.84303361208892
2.9555555555548834	3.291022655556941	0.049338539477727136	10.828395827911265	0.32474850242658104	53.39675716705628	93.98598898727411
2.9666666666659918	3.292188454382784	0.04885818769268879	10.836117696666692	0.32170072284787415	53.09448189125606	93.06487868007589
2.9777777777771006	3.2934057393594296	0.04858546215429047	10.844160816912886	0.32002327981674117	53.01545035189436	92.08100308036056
2.988888888888209	3.294666854785841	0.048562485790417415	10.852471368998282	0.31999442463939326	53.20847117579445	91.04271555170912
2.999999999999318	3.2959534597296343	0.04884274005683348	10.860923595447487	0.321966796145991	53.73545607403288	89.97050877334676
3.0111111111104263	3.2972302495644104	0.04949774781096026	10.869277291604227	0.3264109427352175	54.678940374528615	88.90435806045006
3.0222222222215347	3.298435516456535	0.050626693664155314	10.877113794110524	0.33397776892522985	56.152946819560995	87.91483758479508
3.0333333333326435	3.2994659688908325	0.05237001009742745	10.883733061911116	0.3455861322138623	58.31832513025417	87.12103971474318
3.044444444443752	3.300150304117756	0.05492799006804257	10.8879749456756	0.3625412462552555	61.40363412102133	86.72171627720209
3.055555555554861	3.300199027986704	0.058584217894372265	10.88788151373809	0.38667915790073726	65.73089520100928	87.05410121851538
3.066666666665969	3.2991005189538596	0.0637258381113741	10.880003251718628	0.4204758911680079	71.73585367072357	88.714743050654
3.0777777777770776	3.2958905905257865	0.07081285012001065	10.857880324974298	0.46678281279771183	79.92464480080454	92.82415992624408
3.0888888888881865	3.288656015108841	0.08005068864853564	10.808850272958455	0.5265183574752235	90.47829391666822	101.58471778363396
3.099999999999295	3.2740144153974153	0.08972410690947488	10.711119976869377	0.5875160388605593	101.32346181691904	118.80477145012935
3.1111111111104037	3.2507010883967333	0.0924704021006972	10.558506790839042	0.6011872735064399	104.0528305684975	145.64471700585415
3.122222222221512	3.228689999473302	0.08274254532497778	10.417592783892054	0.5343000572434443	92.80633657246813	170.64122212473157
3.1333333333326205	3.215541436067157	0.06855664137962482	10.33500671398758	0.44089344214755977	76.85441773222252	185.64449152731382
3.1444444444437294	3.2086622415271524	0.05626455021564238	10.292347680591082	0.36106787562688025	63.1628002037788	193.76529142785148
3.155555555554838	3.205001490049144	0.047085430600262886	10.269817513442423	0.30181775046689624	52.984544729764224	198.40517802273553
3.1666666666659467	3.2029921790817504	0.040761444016818256	10.257497403940524	0.261117172787895	46.000905854795235	201.27421647170786
3.177777777777055	3.2018755228380784	0.0368124704699768	10.250651705767515	0.23573789626603658	41.67556782742567	203.19067724081918
3.1888888888881635	3.2012502506228997	0.03479109298578446	10.246792746962031	0.2227499902803742	39.51715583425139	204.58573609870788
3.1999999999992723	3.200868972736047	0.03432729896461226	10.24438381717011	0.21975437234732323	39.12155435884743	205.72742572370473
3.2111111111103807	3.200546184219883	0.03513006539492145	10.242261755829803	0.2248707935022216	40.17140155399542	206.82084665885756
3.2222222222214896	3.200111910489685	0.03697578907037944	10.239349030680565	0.23665332600775113	42.422543100009854	208.05862567259786
3.233333333332598	3.1993825345452116	0.039687447770502364	10.234473508842406	0.2539506544752411	45.68024394584679	209.65307040237025
3.2444444444437064	3.1981378392934774	0.04310106368301148	10.226227937430146	0.27568628535687384	49.760427434294485	211.8618250026528
3.2555555555548152	3.1961059816496613	0.04701004512249434	10.212883501594327	0.3004981728272493	54.42463750179004	215.0042527388853
3.2666666666659236	3.1929782066477777	0.05107468940149509	10.192501204230199	0.3261607403405561	59.27411845821024	219.4421884861835
3.2777777777770325	3.188511656867788	0.05470476322806282	10.163613974861928	0.34885355047774125	63.613787306016654	225.45620511402274
3.288888888888141	3.182796141906838	0.05701981686508996	10.126940021421724	0.36296490626088557	66.41136961761848	232.9306644372695
3.2999999999992493	3.17659040032148	0.05713762212958128	10.087461863551956	0.3630056439080481	66.64321126580495	240.96527916213364
3.311111111110358	3.17124239073421	0.0548185619107331	10.053773226059668	0.3476858946608091	64.04561867221452	247.98223895226278
3.3222222222214666	3.1679580133755794	0.05076645118468262	10.03338074194466	0.32165197168231097	59.44885512585217	252.58340516119856
3.3333333333325754	3.1672063501157104	0.04613380558611545	10.029067736195422	0.29223056401469694	54.191725579129624	254.22797672845837
3.344444444443684	3.1688136808912684	0.041907127086848385	10.039623936902997	0.2655917552793084	49.41595284049966	253.1113185672877
3.3555555555547922	3.172323521616381	0.03869508776783292	10.0621392159832	0.24550667419381336	45.8306836008686	249.74911372828632
3.366666666665901	3.1772399664650703	0.03676992350167428	10.093501777228642	0.2336537410267656	43.76243276099936	244.70201236729673
3.3777777777770095	3.183138551214742	0.03615400781222197	10.1310639239486	0.2301664320960054	43.25154825368444	238.45114782543763
3.3888888888881183	3.189709711748323	0.036693866620906616	10.172901605373978	0.2340855654446069	44.13270658450953	231.34776934021588
3.3999999999992268	3.19676130792273	0.0381207496197682	10.21782966828027	0.2437258748269702	46.10087341508211	223.6081206247297
3.411111111110335	3.2041864190529843	0.04009868702899117	10.265202703342137	0.25696733680029915	48.764344206654584	215.34894927914712
3.422222222221444	3.211906116975713	0.04226376503010558	10.314554678431483	0.2714944908532407	51.688963908852855	206.65444766581564
3.4333333333325524	3.2198064757384786	0.044267234266476926	10.365194153177839	0.2850638551084694	54.44860063995126	197.65301452219236
3.4444444444436613	3.2276981995103475	0.04583319030003617	10.41593498578926	0.29587141161848374	56.695786809657385	188.5695544133103
3.4555555555547697	3.235326149337896	0.046819516041744835	10.465143225507195	0.30295280909840433	58.24001282316617	179.71799204079912
3.466666666665878	3.2424294710722483	0.047246860818404485	10.511116609020666	0.30638922786648676	59.09002521156994	171.42946685450298
3.477777777776987	3.2488136285212614	0.047270231982212946	10.552555518033833	0.30714434777435007	59.425515016394996	163.9614245014186
3.4888888888880953	3.254387655477632	0.04710963085125414	10.588819694806258	0.3066260021928594	59.51476428435869	157.44654501073492
3.499999999999204	3.2591538708938916	0.0469811970870932	10.6198767212829	0.3062379006912573	59.62873304765779	151.90073673403256
3.5111111111103126	3.263170744690241	0.04705552824737827	10.646069086263623	0.30710044630558003	59.986513285497246	147.26675691051415
3.522222222221421	3.266514047463523	0.04744305583429387	10.667863178729629	0.3099468166746343	60.73409040479709	143.46223771155286
3.53333333333253	3.269249090183556	0.04819369142790845	10.68566698177256	0.3151143637065535	61.94145589288496	140.4151388750108
3.5444444444436383	3.271416573168514	0.049299068279380395	10.699735997068407	0.3225555780218624	63.60354597917694	138.08247862637566
3.555555555554747	3.2730315202505866	0.05069141802867147	10.710165712692108	0.33182921802808113	65.63729743791596	136.45229485207406
3.5666666666658555	3.274095967845675	0.05223913728242581	10.716975479199295	0.3420718974802541	67.87479301222332	135.52749674298218
3.577777777776964	3.274626927014792	0.053745666631321826	10.720292914448695	0.35199401432257366	70.06114636755639	135.28939604136107
3.588888888888073	3.274696536044428	0.05496510640721712	10.72061624025902	0.3599880871100546	71.87481511646416	135.6449945788982
3.599999999999181	3.274467844079732	0.0556485299057893	10.719042903031493	0.36443864349363275	72.98868188974053	136.3800513983199
3.6111111111102896	3.2741954981810952	0.05561734457402248	10.717262871291885	0.36420411845010237	73.16684065570395	137.1585772245006
3.6222222222213984	3.2741708275546735	0.05482745957883161	10.717188557686187	0.359028937403887	72.34910164778998	137.59557879498462
3.633333333332507	3.274634844656866	0.053378215027260305	10.720384132001401	0.3495883257477067	70.66278710279396	137.37172512655215
3.6444444444436157	3.275715199916227	0.051460674216125435	10.72766186997143	0.3371410254553983	68.3551965233483	136.31626393188208
3.655555555554724	3.2774194592858112	0.04928764215899846	10.739049040435706	0.32307255502843457	65.70252397314029	134.41607957698886
3.6666666666658325	3.279669762989464	0.04704784156600025	10.75402025487135	0.3086027667958598	62.95059573355345	131.77072328245626
3.6777777777769414	3.2823464444736743	0.04489465498876091	10.771782651502411	0.2947196223564634	60.300808471848654	128.53577141405077
3.6888888888880498	3.2853204767321467	0.04295819801199118	10.791485228059102	0.28226289514461766	57.92659015587034	124.88069244791583
3.6999999999991586	3.2884700919594616	0.04136825842622659	10.81232421290665	0.27207656118219226	56.004310201743266	120.96733704448108
3.711111111110267	3.2916833120145492	0.040283477198801404	10.833556268059846	0.26520089929042634	54.75295316503852	116.94706619974302
3.7222222222213754	3.2948464557298363	0.039931229196864496	10.854418663770291	0.26313453798444947	54.48898921654899	112.9770944334486
3.7333333333324843	3.297809531123987	0.04067413181136792	10.873893318573602	0.26827107911544495	55.71847516761188	109.26955734932876
3.7444444444435927	3.300290454700626	0.04314305561573921	10.890055762140202	0.2847692292704847	59.321080081623364	106.22792023119364
3.7555555555547016	3.3015604285690427	0.04854116602865275	10.89794501869358	0.3205231858335997	66.96721531516923	104.89482670578126
3.76666666666581	3.299067919915083	0.05933748901043484	10.88032820261077	0.39151681288527873	82.04199339376073	108.89675427763513
3.7777777777769184	3.2804305449592337	0.07735246805814368	10.75524115598685	0.5074987978918359	106.65961802157915	135.5071820941232
3.788888888888027	3.2383496372643505	0.06352264215429013	10.482873247103889	0.4114170503568371	86.72069590712469	193.31690355859038
3.7999999999991356	3.2276456988262514	0.030507049675592108	10.416766077071692	0.1969318953386073	41.632094039113895	207.85910312504524
3.8111111111102445	3.2297270094258828	0.006480178480908845	10.431094562701912	0.04185841493138337	8.874890183326865	205.4289291208152
3.822222222221353	3.2353282374047883	-0.010993194694804965	10.467227953419176	-0.07113318643078204	-15.125745719290512	198.344450720941
3.8333333333324613	3.241685446542321	-0.02369134734599346	10.507963254385217	-0.15359979180097208	-32.75637325448189	190.23390756891789
3.84444444444357	3.247338479043795	-0.0327967064374142	10.544131573525325	-0.2130040136002369	-45.55646054744477	183.04977237505827
3.8555555555546785	3.251502927887549	-0.0393185657564686	10.570725340448158	-0.2556888633549936	-54.84377954398537	177.87460905847286
3.8666666666657874	3.2539118529056763	-0.044022587686417876	10.586004358253444	-0.2864912397368292	-61.62780217226014	175.10051066385168
3.877777777776896	3.2546244330916827	-0.04735839014863021	10.590337383359888	-0.30826754737924067	-66.50270692605993	174.66890745123646
3.888888888888004	3.2538831113857842	-0.04951691038403222	10.585303378147652	-0.3222444768532116	-69.71714852693519	176.25849151774668
3.899999999999113	3.252043985163835	-0.05056292767275399	10.573233471785437	-0.32886572962090727	-71.35293214636908	179.38085569628916
3.9111111111102215	3.2495216215160867	-0.05057893839797889	10.55683253969107	-0.32871470783512524	-71.52335679319981	183.46050743290675
3.9222222222213303	3.2467031089466594	-0.04976751444065984	10.538604272150303	-0.32316068771807616	-70.51464408063208	187.9591654257421
3.9333333333324387	3.2438441834753418	-0.048483082558488697	10.520174477372434	-0.3145431307086167	-68.82869830528466	192.52445704916886
3.944444444443547	3.2409790085905863	-0.047220829291279284	10.501715127405863	-0.3060834330025513	-67.16673937283159	197.11901858989128
3.955555555554656	3.237812308610452	-0.04663437356589999	10.481253780991462	-0.3019866974720178	-66.45442425862103	202.1769552602717
3.9666666666657644	3.233402516252547	-0.04764340406135222	10.45262193815775	-0.30810060514962617	-67.99028420103656	209.06321699433383
3.9777777777768732	3.2248952178018224	-0.05143933026466409	10.397303161102986	-0.33177290035488755	-73.41926376051107	221.89052694799489
3.9888888888879817	3.2033532635315103	-0.05540666027534746	10.25840223297511	-0.35497421202883195	-78.77299201670857	253.33409791706185
3.99999999999909	3.1698610900351807	-0.03587600631810587	10.046732242289687	-0.2274439129872402	-50.6130965135929	301.14268933443856
4.011111111110199	3.153713196559901	0.0006288073209087326	9.945906530757421	0.003966155892086693	0.8850403505670433	324.47826782184643
4.022222222221307	3.146520880298548	0.038297823553928564	9.899126926865783	0.24100980296485155	53.929869241477896	335.8447979561557
4.033333333332416	3.134043001153737	0.08176973311736238	9.815539243826638	0.512539719565357	115.00593180228921	355.52832046344673
4.044444444443525	3.086782251334046	0.10641739295787228	9.516900005626932	0.6569746396312017	147.82098031886684	423.70233250242404
4.055555555554633	3.069795295447748	0.08866570462174503	9.415781548777055	0.5443711258307851	122.82139764933618	447.6807675074183
4.066666666665742	3.0720776486172965	0.07857208240762147	9.431487507000108	0.4827590763395404	109.21885572894115	445.35399231387595
4.07777777777685	3.0786081938026437	0.07193348286511836	9.47265398499167	0.4429100195146309	100.47723106922804	437.2319034745855
4.088888888887959	3.086157781422057	0.06615565133644684	9.519993281628162	0.40833355631403984	92.88572578472672	427.6547587527434
4.099999999999068	3.0934858656282933	0.06055225249838985	9.565988225559401	0.374635074471449	85.45173601647839	418.32572730067415
4.111111111110176	3.100142475658459	0.05511094910763116	9.607846152670215	0.341703588404838	78.15150623993587	409.8860162293099
4.122222222221285	3.106078016144253	0.04995188004349467	9.645225452054738	0.3103088729363473	71.16299089029485	402.4216387636622
4.133333333332393	3.1114044379502412	0.045152379533502776	9.678798839118919	0.28097462812910834	64.60946339434236	395.78621080030933
4.144444444443502	3.1162702679581025	0.04072768324866194	9.709481638776861	0.2538369367812409	58.526120764962336	389.7757474500201
4.155555555554611	3.120811282711496	0.03665150839039172	9.738119729232084	0.2287648818262591	52.88677040235076	384.20005559704117
4.166666666665719	3.1251371958645024	0.032876164788122005	9.76540165076467	0.20548505087346178	47.63186529228038	378.9033219049444
4.177777777776828	3.129331422139638	0.029345168458280932	9.791854010678644	0.18366151548895904	42.6866523997799	373.76566708330165
4.188888888887936	3.133453983437098	0.026000323257051355	9.817857849508345	0.16294163296091957	37.97165301998524	368.699832418958
4.1999999999990445	3.137544067374345	0.022786211305895684	9.84366356329027	0.14298548420150245	33.40948947689107	363.6481429924722
4.211111111110154	3.141621446039067	0.019654392619755854	9.869399015063346	0.1234933227261939	28.931355048233613	358.5810111414695
4.222222222221262	3.145687094617172	0.0165689680267522	9.895072766539554	0.10424157778575789	24.485595002838576	353.4965560765843
4.233333333332371	3.1497239158221952	0.013514618954736426	9.920578100976812	0.08513463706991456	20.050137429181646	348.42002517490266
4.244444444443479	3.153698736255596	0.010507559452533117	9.945705310254494	0.06627535393316847	15.649537521330524	343.40124893477093
4.255555555554587	3.1575665122432808	0.007608736187483335	9.970168386373826	0.04805018117218198	11.37574615966711	338.50864015254143
4.266666666665696	3.1612765350100083	0.0049368390589184935	9.99364495842499	0.03121342694815985	7.408985866264443	333.8199500902052
4.277777777776805	3.1647780094177778	0.0026759979952534945	10.015812687929081	0.016937879217248635	4.030935511809959	329.41371937175586
4.2888888888879135	3.1680192552930087	0.001069298934998991	10.036344858507057	0.006775119231482221	1.6165544457560863	325.37033019510307
4.299999999999022	3.170934150950673	0.0003852801840955114	10.054823241224446	0.002443396186866039	0.5845086544974435	321.7928641943318
4.31111111111013	3.1734185402488473	0.0008448464901594844	10.070584517829532	0.0053621030310725465	1.2860355359367082	318.8442188052622
4.322222222221239	3.1753232968377727	0.0025119519369887168	10.08267172953817	0.015952519012114082	3.835879548458379	316.7595391946147
4.333333333332348	3.176511297511866	0.005194357025039137	10.090197041875614	0.03299986754669389	7.9554159707694305	315.7596725768592
4.3444444444434565	3.1769910209318373	0.008449134226770667	10.093200559212335	0.053685647146196544	12.975408489413343	315.84338569639806
4.355555555554565	3.177032992865433	0.011759377400693464	10.09340035479864	0.07471985995511858	18.10540338908213	316.6027567317685
4.366666666665673	3.1771222903659884	0.014791132751742897	10.093887270332344	0.09398647513064956	22.83200240926046	317.29213111869154
4.377777777776782	3.1777525962630917	0.017515558931726447	10.097804768252129	0.1113202257405858	27.111677465608437	317.14539640508394
4.388888888887891	3.179255556310513	0.02011892335628015	10.107261121254256	0.12792639773487807	31.235132713114005	315.6414247254035
4.399999999998999	3.1817874572781397	0.022841970495335227	10.123249667676381	0.1453565904431499	35.580824075685605	312.52679238336293
4.411111111110108	3.1854127478247634	0.025881492765447215	10.146184522336743	0.1648864739755799	40.4633305448431	307.68776171684357
4.422222222221216	3.190191249350391	0.02935951825540327	10.17645822611962	0.18732495644706113	46.08555282270907	301.01487874569904
4.433333333332325	3.19623540788642	0.033311334135910274	10.214811137644954	0.212941731298264	52.51940116076392	292.3119340384621
4.444444444443434	3.2037355516165817	0.03765204726001233	10.262503808029134	0.24125440479609842	59.65149490116943	281.2522670945535
4.455555555554542	3.212935128012204	0.04210073164030989	10.321179665210147	0.270533839204333	67.05822558302744	267.4111955334882
4.466666666665651	3.22399380314637	0.04608742991808069	10.39201199152974	0.2971711769176695	73.84461429609672	250.4768008547442
4.477777777776759	3.236690155325568	0.04880076726095413	10.47378164669619	0.315905925931729	78.6953204087054	230.73023991775005
4.4888888888878675	3.2501971124697433	0.049612905955035855	10.561319829469355	0.3225034473525809	80.53818080228429	209.44202539218915
4.499999999998977	3.263439454086214	0.048620105892857604	10.647673155789493	0.3173375436652023	79.44426805364209	188.34221373587832
4.511111111110085	3.2758059354535227	0.04653327443799153	10.728739181122608	0.30486795320012067	76.51100343135859	168.46256970391366
4.522222222221194	3.2873452649716715	0.04406392856120697	10.804697261331421	0.2897066938234675	72.88514602778716	149.76777535226654
4.533333333332302	3.2984627167599294	0.04155927604226546	10.878129120430136	0.27416344512189356	69.14420712794778	131.6161903895677
4.5444444444434104	3.309607428847251	0.03897402884245893	10.951982358156696	0.2579774707782182	65.22155931682975	113.26729079993902
4.55555555555452	3.3210642474615457	0.03595781443220555	11.028174771348581	0.23883642385530923	60.52997654138642	94.23425457668391
4.566666666665628	3.3327928873415194	0.032019324556814534	11.106483192769145	0.21342755428086224	54.22235782730545	74.5694406873813
4.577777777776737	3.34438932925992	0.026807669281048066	11.184221334535335	0.1793105661717322	45.66560197208312	54.953050796457184
4.588888888887845	3.355304980449753	0.020361659231685703	11.25765691466425	0.13663915326059145	34.88279717894777	36.33896183565365
4.599999999998953	3.365182539670879	0.013072434395106991	11.324282636764734	0.0879822559548142	22.51549626755953	19.376793545606127
4.611111111110063	3.373991176531863	0.005427538974911454	11.383787001135543	0.036624937223268074	9.395309144909696	4.15908252808906
4.622222222221171	3.3819321347734435	-0.0021772859339152214	11.437460223639222	-0.01472686653299619	-3.786951740141362	-9.632738830001186
4.6333333333322795	3.3892996039681957	-0.0094671365249906	11.487262178784986	-0.06417392414972696	-16.541722872250094	-22.49304211664172
4.644444444443388	3.3963941552830015	-0.01623535869746947	11.535229671168498	-0.11028335477801669	-28.49524134044333	-34.94092217353594
4.655555555554496	3.4034782351950414	-0.022279862098460404	11.583167705191228	-0.1516580514705138	-39.27946680399259	-47.44047365675896
4.666666666665606	3.410739262243243	-0.027358598127571493	11.632393822116077	-0.18662608958728513	-48.4515567825281	-60.33369982228313
4.677777777776714	3.418243241578158	-0.031183919700878335	11.683414421746841	-0.21318844552688668	-55.4794117848035	-73.7547730177617
4.688888888887822	3.425896744693178	-0.033474449353192305	11.735647966539815	-0.22936001413899634	-59.82962031474943	-87.55532420452761
4.699999999998931	3.4334682122371647	-0.03405167268284467	11.787544448030571	-0.23383067146010356	-61.140351789309356	-101.3323176922307
4.711111111110039	3.440697468875699	-0.03290912753119958	11.837316061652775	-0.22646070359901194	-59.353290102690686	-114.61656111341581
4.7222222222211485	3.4474371523263443	-0.030181751887940693	11.883911981092949	-0.20809938556156504	-54.66959002347351	-127.12805250437293
4.733333333332257	3.4537385178919306	-0.026036538493996442	11.9276318486336	-0.17984679173858295	-47.358548494761436	-138.93980676183642
4.744444444443365	3.4598754473903957	-0.02056884309352937	11.970315034148685	-0.14233127040105556	-37.567672553715695	-150.53198355489454
4.755555555554474	3.4663867886514	-0.013759899743870364	12.015648033696007	-0.09539426937064002	-25.237837759758193	-162.8779725872719
4.766666666665582	3.474252693511146	-0.005549441417142782	12.070400982069412	-0.03856032358198124	-10.225488177819983	-177.77800287321773
4.777777777776691	3.485301806770894	0.0036731317504023783	12.147315192383601	0.02560394545236989	6.805521932789823	-198.63618058141512
4.7888888888878	3.501996804380452	0.01112444678098156	12.263857864574716	0.07791555415499567	20.75809633378303	-230.14717620908175
4.799999999998908	3.522193593811362	0.010712854792875034	12.405732947027985	0.07546549704579159	20.152005487027594	-268.5669168082769
4.811111111110017	3.53807361602105	0.0032853955579992948	12.517954118560295	0.02324794268390012	6.2224083943005795	-299.22506203484306
4.822222222221125	3.5486714713672685	-0.0050645879023621205	12.593043561645313	-0.035945117206688505	-9.643078955113696	-320.06052993743117
4.833333333332234	3.5565218344860923	-0.01202796262270768	12.648702887291465	-0.08555542338408494	-23.005034603857993	-335.7642566166211
4.844444444443343	3.563251807676244	-0.01724768753118643	12.696465962182845	-0.12291570754747011	-33.12683646949326	-349.4086864439915
4.855555555554451	3.5695888589574887	-0.020645814907822854	12.74153837232022	-0.1473941417581258	-39.815094304717654	-362.38534428986054
4.86666666666556	3.5756919970962766	-0.022115104219833207	12.785084180263706	-0.15815360234761539	-42.81927287153619	-375.00440448016053
4.877777777776668	3.581329475409212	-0.021612933743445903	12.825453692529825	-0.15480607333093835	-42.00863829905315	-386.8153703086511
4.888888888887777	3.586076775568249	-0.01930907448052645	12.859573799912674	-0.1384876471046669	-37.66602603725743	-396.9765239007871
4.899999999998886	3.589541871405575	-0.01560750707035539	12.884567252296886	-0.11204760027459845	-30.544093341982652	-404.6919399922799
4.911111111109994	3.591494188088666	-0.01104352230400829	12.898708543689787	-0.07932549234174666	-21.673104984678154	-409.4732556954925
4.9222222222211025	3.5918743419574928	-0.0061883041633590315	12.901522993304154	-0.04445522188919607	-12.17341976340366	-411.1703621107343
4.933333333332211	3.5907856512001883	-0.0016188203929933568	12.893738972285695	-0.011625674078061591	-3.1907090393630546	-409.96215869450214
4.94444444444332	3.5885344435403135	0.0021154227022195373	12.877574977461977	0.015182534459123867	4.176287377531094	-406.4392374240224
4.955555555554429	3.585659754481332	0.004611663239308577	12.856934607469292	0.033071710556819546	9.11753850663268	-401.662241280951
4.966666666665537	3.582827570938355	0.005768554762318377	12.836620126851985	0.04133547409380406	11.421326197441728	-396.9497737790822
4.977777777776645	3.5806080523833668	0.005800235347662955	12.820720382062518	0.041536738783121224	11.502612735655001	-393.43474811165606
4.988888888887754	3.5793334047888656	0.00507000447562394	12.811601917692071	0.03629447276405965	10.073326763984186	-391.78217217856184
4.999999999998863	3.57913052078983	0.003909778269764529	12.81015999848316	0.02798721346967016	7.784993659988666	-392.2536503913839
5.0111111111099715	3.5800331222572885	0.0025430666781940687	12.816630689271141	0.018208525880087166	5.076184734481164	-394.92922857307485
5.02222222222108	3.582074869718079	0.0010905106650029666	12.831259183052282	0.007812581696533354	2.18282588755822	-399.8920866271686
5.033333333332188	3.5853417953394047	-0.0003954633559909236	12.854675633016319	-0.0028357425975188886	-0.7940559387265032	-407.33380608239395
5.044444444443297	3.5899958932582003	-0.0018903536094637102	12.888066940173974	-0.013572723389561071	-3.808982174866981	-417.6037695198929
5.055555555554406	3.596273999039282	-0.003347866020732463	12.933175467959098	-0.024079687045254525	-6.772489244788788	-431.2105197884329
5.0666666666655145	3.6044386030879347	-0.0046270048296926805	12.991956234256808	-0.033355509649637224	-9.401962453863137	-448.7268490241354
5.077777777776623	3.6146215799669075	-0.0054076966197830496	13.06545992317973	-0.03909355379956382	-11.043517937954254	-470.4749184706887
5.088888888887731	3.62652915584381	-0.005207740600203111	13.151686597623058	-0.037772046245416246	-10.693554319465447	-495.9158331178559
5.09999999999884	3.6392320506935922	-0.003676823679083967	13.243996399763121	-0.026761629155343008	-7.592963686853383	-523.1892879471557
5.111111111109949	3.6514896878588234	-0.0009666974284029007	13.33337600603541	-0.0070597713821856705	-2.007402950874051	-549.7436800089424
5.122222222221057	3.662421721673166	0.00238497846864014	13.41332717926114	0.017469593898540903	4.978171153237296	-573.7218245619059
5.133333333332166	3.671767781817791	0.005904971303722229	13.481843774909043	0.043363366771131756	12.383718135247516	-594.5333222432445
5.144444444443274	3.6796874239189656	0.009383999094109531	13.540011478308395	0.06906036690532362	19.764960987705987	-612.4676898979507
5.155555555554383	3.6865134766327348	0.012800413693486966	13.59021776280405	0.0943777951750278	27.069105013908032	-628.190503017354
5.166666666665492	3.692618202867569	0.016194940687141685	13.635166916045053	0.1196034655514	34.37817402248175	-642.4643036456836
5.1777777777766	3.6983599708890496	0.01958545525325372	13.677482884216973	0.14486812744054442	41.7296605803115	-656.0351777505241
5.188888888887709	3.7040557325257404	0.022914458088164665	13.719503797267325	0.16975285967837428	49.00270665462909	-669.5731923287826
5.199999999998817	3.7099382682979685	0.02601771876814141	13.762965032891831	0.19304826102348419	55.84674120412419	-683.5798259288725
5.2111111111099255	3.716077193276588	0.02863582930932881	13.808409695670171	0.2128259044139161	61.69975214662428	-698.2151994118808
5.222222222221035	3.7222964660647095	0.03051681931120879	13.854559705016952	0.22718529735529552	66.00307495508719	-713.1116761425154
5.233333333332143	3.7281944478185434	0.031601009379228974	13.898435216951228	0.23562941542620636	68.60195653954135	-727.4030021257059
5.244444444443252	3.733321027406072	0.0321410376785542	13.936652847369277	0.23998562361599451	70.01858239391476	-740.0978180363244
5.25555555555436	3.7373622724539546	0.032629806425931496	13.966812051294793	0.24389881498750396	71.31106460343581	-750.4837611619338
5.2666666666654685	3.740148579238071	0.03363456413498362	13.98758011087201	0.2515965345255015	73.71724321371408	-758.1554043574756
5.277777777776578	3.741483885814973	0.03569556759424484	13.997427494267235	0.26710878189777243	78.42740864749234	-762.6462375283937
5.288888888887686	3.740836682260151	0.03926813616899533	13.992317096824946	0.2937913684499286	86.44344651436798	-762.7481552299614
5.299999999998795	3.7368172091328913	0.044357703130027834	13.961835248644759	0.33151325682779187	97.74743461786976	-755.3629253467147
5.311111111109903	3.727100343642063	0.0486267934110342	13.888912406539344	0.36247387686495436	107.10030276914594	-735.399953816699
5.322222222221011	3.7137334931334527	0.045817194113533376	13.789717242744759	0.34030569668165156	100.76061781442898	-707.5678959497667
5.333333333332121	3.705046400150948	0.03667084816196801	13.726024076166581	0.27173438794596316	80.62540853866219	-690.1468850861387
5.344444444443229	3.701935756095992	0.027476102911647617	13.70357340603079	0.203429535613603	60.48465017574059	-684.9095496268477
5.3555555555543375	3.7018058503702456	0.02027863605515448	13.702955330755119	0.15013514717299972	44.73171007278836	-686.1493268276265
5.366666666665446	3.703078755378834	0.015097588736339753	13.7125643313524	0.11181512021397302	33.38364511038797	-690.441746921832
5.377777777776554	3.7049742746174847	0.011610944688738556	13.726699561540793	0.08603650275156573	25.740335276115914	-696.1002003276102
5.388888888887664	3.7070959277985827	0.009497480452113431	13.742470015765896	0.07041614221675269	21.110574682533503	-702.2663646810308
5.399999999998772	3.7092441648768806	0.008492947887751418	13.758420144509364	0.06300483479049075	18.927629902065252	-708.5060027105385
5.41111111110988	3.711329272479378	0.00839802875216954	13.773894441875385	0.06233569987810055	18.765143514845423	-714.6221182724748
5.422222222220989	3.7133239526854402	0.009076323549519996	13.788692397938247	0.06740665927751108	20.333339632189208	-720.55334479855
5.433333333332097	3.715235333213593	0.010449936136646873	13.802864379993457	0.07764794392939202	23.470638726411998	-726.3136525891005
5.4444444444432065	3.717088537483939	0.01249656605502985	13.816591031331322	0.09290168488212468	28.138812113114707	-731.9565955251486
5.455555555554315	3.7189174912491345	0.01525176181955777	13.830114690480157	0.11344008760623824	34.429771025912395	-737.5548990261597
5.466666666665423	3.720760046628536	0.018821179501851974	13.843701087789343	0.1400581854418296	42.595104426914496	-743.1890017294508
5.477777777776532	3.722655318945719	0.023412534512142973	13.857614476902572	0.17431359226325852	53.12075773144984	-748.9395492904571
5.48888888888764	3.724641388525109	0.02941263130930522	13.872088370233715	0.21910300784013537	66.9054317498386	-754.878453585265
5.4999999999987494	3.726750221871142	0.037591214170625165	13.887254116833784	0.2801861315015659	85.73100661458469	-761.0469440427615
5.511111111109858	3.7289865078403355	0.04978071318309204	13.902862256250243	0.37126321562083947	113.82815261786241	-767.3698198447338
5.522222222220966	3.7311480876482808	0.07260653831202707	13.916194342555766	0.5418114931473629	166.4526413253554	-773.0127538885741
5.533333333332075	3.8250494394533012	0.10859596419942823	14.61921013082161	0.8307698639758274	255.73853091664617	-990.9796987920803
5.544444444443183	3.825711262198206	0.060872943567597614	14.632361146451606	0.46576461153942805	143.6657097676802	-997.0260660113111
5.555555555554292	3.828845681214803	0.045048753328225395	14.658029860380823	0.3449694492497736	106.61952141544319	-1006.9575297942255
5.566666666665401	3.8324751058512363	0.035960616106898886	14.686572271058656	0.275636332041526	85.36115386052252	-1017.8106754856223
5.577777777776509	3.8364857473140064	0.030093924993435498	14.717717245022	0.23090982863610407	71.65264476241688	-1029.5066978475788
5.588888888887618	3.8408148800943502	0.026208540645855715	14.751172055551391	0.20132430579632044	62.596533655549464	-1041.9594073906078
5.599999999998726	3.8453874329717186	0.02368835076401361	14.786443371694904	0.18218177267152788	56.7572766885271	-1055.019394195163
5.611111111109835	3.850109177553881	0.02215538934236081	14.822849817807711	0.1706013356786056	53.25493933004921	-1068.477328493033
5.622222222220944	3.8548741631088697	0.021353690448806997	14.859598833308524	0.16463157919626148	51.49318440983938	-1082.087419542085
5.633333333332052	3.859581516183415	0.02111559452760952	14.895923611732414	0.16299471668397075	51.08196272458045	-1095.6099881982102
5.6444444444431605	3.864158045515399	0.02135135662828108	14.931261520291521	0.16501003299568176	51.815554790626855	-1108.867572855318
5.655555555554269	3.868580508348643	0.02203849482623033	14.965429454320839	0.17051538303619412	53.64971711883081	-1121.8007327283644
5.666666666665378	3.872892582414367	0.023205385927829936	14.998758464984165	0.1797439340639106	56.664427862463576	-1134.5116623575075
5.677777777776487	3.8772182171361287	0.02491207136531971	15.03220049199255	0.19317907384842578	61.01927859351701	-1147.2994942625305
5.688888888887595	3.8817811199705967	0.027228603162081408	15.067483266530022	0.2113909553554786	66.9025161548183	-1160.7112427016689
5.699999999998703	3.8869450141718085	0.030196317084491192	15.107429725629615	0.2347428482758281	74.43819334820174	-1175.645489386802
5.711111111109812	3.8932803735678876	0.033720704578274543	15.156494981291655	0.26256831463495417	83.42409895453628	-1193.5263760868697
5.722222222220921	3.9015754837643146	0.037275136352338166	15.22090181972066	0.2908635162925091	92.59394082843077	-1216.3517842184929
5.7333333333320295	3.9123534589248794	0.039397424390728686	15.304957430512845	0.3082732991755976	98.32675371391193	-1245.523983297158
5.744444444443138	3.924447933588804	0.038125481328863925	15.399838031122876	0.2992429328362771	95.6314046343096	-1278.2595251306814
5.755555555554246	3.9351869257962626	0.03347490777156611	15.484575571507525	0.2634600388098053	84.35884021116536	-1307.8645988357332
5.766666666665355	3.9433711744840467	0.027455602362545593	15.5494224096506	0.21653526186911676	69.46756505479341	-1331.1932139553855
5.777777777776464	3.949498143169932	0.02158124621331544	15.598069832714621	0.17047018369356493	54.794612735009906	-1349.3949835334693
5.7888888888875725	3.9543194897192127	0.016424624773100437	15.636372858474278	0.12989642770319212	41.83319356191282	-1364.3254777870484
5.799999999998681	3.9583432087178734	0.012131652109907564	15.668333781019994	0.09604248547956093	30.989886291306686	-1377.2569281883339
5.811111111109789	3.961845482674881	0.008718264713926395	15.696143620451737	0.06908083534726621	22.332912199122863	-1388.885901394465
5.822222222220898	3.964946207112508	0.006165789581866829	15.720760408334694	0.0488940480329534	15.837016562720887	-1399.5150105842422
5.833333333332007	3.9676652661920992	0.004438709967066178	15.74234796240105	0.0352226307260583	11.430551433267446	-1409.1914971202923
5.844444444443115	3.9699627729790268	0.003480520245456232	15.760592304818145	0.027635071610122134	8.985296807529105	-1417.8076564515654
5.855555555554224	3.971770293374962	0.003208929727443493	15.774948966105836	0.02549026352997576	8.30368813313307	-1425.179922922137
5.866666666665332	3.973014129462422	0.003516786985152538	15.78482890511735	0.027944488764641177	9.120448185054206	-1431.1088374625438
5.877777777776441	3.9736300408914724	0.004277187917391449	15.789717407538683	0.03399192479816939	11.115206062565159	-1435.417789105296
5.88888888888755	3.973571306246055	0.005348473136426738	15.789240319657088	0.04250507877426626	13.925243051184227	-1437.9749437915868
5.899999999998658	3.972814959544694	0.006576771587616294	15.783215448857593	0.05225659309758104	17.152273867843657	-1438.71055007696
5.911111111109767	3.9713712563878287	0.0077982710223407845	15.771728843032504	0.06193965877529264	20.36885093493145	-1437.6426169010438
5.922222222220875	3.9692976460600375	0.008847614056315727	15.755245522743264	0.07023762729396343	23.141053709221588	-1434.9142253458597
5.9333333333319835	3.9667110581868434	0.009579070089065196	15.734704860558017	0.07599480649888349	25.08483563086368	-1430.8261833261097
5.944444444443093	3.9637854852982164	0.009899280989550424	15.711497377696707	0.07847725260253707	25.95276663474256	-1425.8308182166113
5.955555555554201	3.9607253942989415	0.00979642834817783	15.687249679036125	0.07760192506411592	25.71126080455129	-1420.4621153515504
5.96666666666531	3.9577232033650436	0.009345261558416635	15.663485620540467	0.07397191702252176	24.55428252701392	-1415.2239754005368
5.977777777776418	3.954924332517548	0.00868251304343746	15.641351089906621	0.06867736420578359	22.839257639510247	-1410.4983702015334
5.9888888888875265	3.952416782582902	0.007968607585395476	15.621534924536128	0.062990516708669	20.986983696844913	-1406.5178262731738
5.999999999998636	3.9502422657638707	0.007355862380252981	15.604359849515923	0.05811487695123551	19.398456331782373	-1403.3943668566922
6.011111111109744	3.948414950219686	0.006971599315669932	15.589932015921308	0.055053533929864985	18.410626018360038	-1401.1683879503819
6.022222222220853	3.946936791385503	0.006913493759702897	15.578262238796524	0.0545742457543709	18.284080212401275	-1399.8486074630607
6.033333333331961	3.9458057154031896	0.007251442461307725	15.569330160290708	0.05722556621749079	19.207728889531275	-1399.4333068797612
6.044444444443069	3.9450177282593084	0.008031928253546804	15.563100364408765	0.06337219870469793	21.31001542501011	-1399.9156537839876
6.055555555554179	3.9445656518345933	0.009283024555891145	15.559512007088363	0.07323499961661058	24.67182494969084	-1401.2801618387016
6.066666666665287	3.944437044487672	0.011019345877395066	15.558462171943075	0.08693023216963922	29.33928807178071	-1403.4969946951553
6.0777777777763955	3.944613046868761	0.01324665293615053	15.559796615713237	0.10450583999856351	35.33572251391388	-1406.5187067936247
6.088888888887504	3.9450689659379137	0.01596598775833595	15.563314233241341	0.12597384563191158	42.67239662189354	-1410.2815971940508
6.099999999998612	3.9457766614107	0.019177388086383612	15.568785689519554	0.15133938067613611	51.35826997651953	-1414.7118876795887
6.111111111109722	3.9467083715693194	0.02288338569799746	15.575983320874345	0.18062809980827244	61.409292206552415	-1419.7358012040443
6.12222222222083	3.9478415459561385	0.02709252783438734	15.584718866912896	0.21391401393913484	72.85794624281121	-1425.2924183525827
6.133333333331938	3.949164515013382	0.03182301893210134	15.594887662106927	0.25134867425450735	85.76335573754571	-1431.3488778541516
6.144444444443047	3.950683380007433	0.03710621397115218	15.606522297951681	0.29318980566166103	100.22131251232906	-1437.9189783276436
6.155555555554155	3.952431316184281	0.042988869434663825	15.619865266258936	0.3398211076018451	116.37138547628454	-1445.0884791217024
6.1666666666652645	3.9544824044435645	0.049530927702891255	15.635477774254646	0.39173836415369956	134.39254480834708	-1453.053079932559
6.177777777776373	3.9569720531017265	0.05678978563780525	15.654402749275304	0.44943118934086634	154.46286598436106	-1462.175428164159
6.188888888887481	3.9601188878529316	0.06476708349815855	15.678346830824683	0.5129707013444111	176.61754554561813	-1473.0492682579052
6.19999999999859	3.964201902058775	0.07326669366227619	15.709528711886206	0.5808879327471057	200.3607472155484	-1486.4491826796036
6.211111111109698	3.969304146674392	0.08163288835978678	15.74871148034456	0.6480515245430187	223.9275010828978	-1502.6522704514127
6.2222222222208075	3.9745106802299364	0.08868389983641746	15.788870313171635	0.7049502141285662	244.02401189272678	-1519.2416713014964
6.233333333331916	3.9771931071548314	0.09343817389871148	15.809334319258376	0.7432433223501795	257.73889743313515	-1529.0510276852442
6.244444444443024	3.9744420300930985	0.09491417629157081	15.787180749709442	0.7544617830097698	262.0955518002734	-1524.0805900803903
6.255555555554133	3.9672733225030643	0.09056238678449868	15.731056069544398	0.7185714822246914	250.0716510257008	-1507.2604031580277
6.266666666665241	3.9611828381744534	0.08109180799462988	15.684393596123979	0.6424389562897317	223.97371879085162	-1493.6696429953638
6.27777777777635	3.9580148496556986	0.07068427287932005	15.660885283662545	0.5595388033869286	195.41808210279152	-1488.1077507998164
6.288888888887459	3.9566462264061837	0.061295421425597914	15.651292232246552	0.48504859575913745	169.70231699436766	-1487.3852812691218
6.299999999998567	3.9561243042185597	0.05323558773122927	15.648085482627692	0.421213204945751	147.62881228905988	-1488.8892535633938
6.311111111109676	3.95593857119295	0.04640834501199482	15.647296244565366	0.3671771241163605	128.91695552295434	-1491.238056758468
6.322222222220784	3.9558015542707294	0.040664782439933565	15.646712312239831	0.3217236191599405	113.15696770704642	-1493.6580945844155
6.333333333331893	3.955528816280734	0.035867201741823215	15.644921760266474	0.2837475000982725	99.97536277827867	-1495.6522711250973
6.344444444443002	3.954996219160236	0.03189315221938897	15.640977920413274	0.25227459288957055	89.04216506407896	-1496.8842153195073
6.35555555555411	3.9541305585862343	0.028634983984438332	15.634328512037696	0.22645293043499004	80.06819956866161	-1497.1546611910069
6.3666666666652185	3.952909787769417	0.02600362835556744	15.624819601555602	0.20557999408848177	72.81511844584415	-1496.4040691974665
6.377777777776327	3.9513620670957925	0.02393259751542542	15.6126894160597	0.18913271597904605	67.10650807474067	-1494.7116623995655
6.388888888887436	3.949560333326492	0.02237677742758167	15.598526106418028	0.17675686503130436	62.82467116187897	-1492.2816262528854
6.399999999998545	3.947612252145122	0.021304142656523077	15.583188626791953	0.16820098914467604	59.88762880799631	-1489.4160194246265
6.411111111109653	3.9456462332985067	0.02068306903460347	15.567696408998005	0.16321614685887234	58.21367584493469	-1486.4762613425194
6.4222222222207614	3.9437950175137457	0.020470526846946013	15.553100097696854	0.1614631235697341	57.68823840627476	-1483.8374438952624
6.43333333333187	3.942179713129678	0.020605653295838536	15.540356297663442	0.1624623767972767	58.14568021018021	-1481.8435996449095
6.444444444442979	3.9408975427627913	0.021009836108257084	15.53023202934051	0.16559522298575863	59.369294341031136	-1480.7731565285508
6.4555555555540876	3.9400148887433892	0.021591240207821362	15.52325114186587	0.17013961577050216	61.10372256753693	-1480.819106754636
6.466666666665196	3.9395646814783865	0.022250977319157372	15.519674773560244	0.17531832874985803	63.07196996219968	-1482.081225761364
6.477777777776304	3.9395458982740497	0.022889687610649075	15.519497946808976	0.1803499498786138	64.99361146070802	-1484.5640331383102
6.488888888887413	3.939923809841177	0.023415190909850923	15.522451356188071	0.1845081363553967	66.60616953262387	-1488.1766156445524
6.499999999998522	3.9406317073884134	0.023752207669390946	15.528014085905752	0.18719740532495244	67.69269115557063	-1492.7364090223098
6.5111111111096305	3.941576238030639	0.02385342239413652	15.535454254447854	0.18804016580887287	68.11367778803594	-1497.9831430319452
6.522222222220739	3.9426474143806582	0.023708623441323528	15.543906535297006	0.18694948581891774	67.83416217512487	-1503.6063176240743
6.533333333331847	3.943730849684956	0.02334779275743082	15.552467895330183	0.18415482113906181	66.93395821612305	-1509.2795881240584
6.544444444442956	3.9447162991085447	0.022836168755950896	15.560265189849163	0.1801644142015856	65.59494886149852	-1514.685258949581
6.555555555554065	3.945495931126165	0.022262221867661438	15.566442536010637	0.17567101159337226	64.06756274677272	-1519.5097710518069
6.566666666665173	3.945948034599127	0.02171832247530314	15.570034206225573	0.17139874377242495	62.61540652096771	-1523.397320670228
6.577777777776282	3.9459071271719055	0.021264164239557463	15.569730891585234	0.16781283445244752	61.409133407466854	-1525.863986685428
6.58888888888739	3.9451413273080247	0.020844270691690762	15.563705608813054	0.1644671874867693	60.28649681248912	-1526.2328537967148
6.599999999998499	3.9434284834465063	0.020136691226388954	15.550222717723667	0.15881520348901912	58.312895878949455	-1523.8560282410497
6.611111111109608	3.9409010799904096	0.01849941744183305	15.53035909382389	0.14580874835142657	53.62738703805572	-1519.1157474089907
6.622222222220716	3.9384003110320744	0.015506518291196626	15.510756557828024	0.12214175292214668	44.998340466121945	-1514.4470972214858
6.633333333331825	3.9368586988208127	0.011666452034858854	15.498720308378022	0.09185834635561971	33.89838775466348	-1512.546391521362
6.644444444442933	3.9363829403456063	0.007905852943349294	15.49504815053316	0.06224092931016252	23.007177416669602	-1513.722567663171
6.6555555555540415	3.936518550489272	0.004717606150623769	15.496156042538367	0.037141888251665506	13.752349170188245	-1516.6640901741998
6.666666666665151	3.936842203049589	0.0021442214028811256	15.498721934026916	0.01688292262308922	6.261594935142494	-1520.1477300832594
6.677777777776259	3.937128705798216	6.359640044043978e-05	15.500982441975832	0.0005007744275189875	0.1860384464716214	-1523.5210917068084
6.688888888887368	3.9372939306970274	-0.0016520134444636759	15.502280767555227	-0.013008925016633444	-4.8408763626830655	-1526.5392009989935
6.699999999998476	3.9373230719119205	-0.0030940643707964457	15.502503399375591	-0.02436466206623497	-9.081629776805324	-1529.1579636906395
6.7111111111095845	3.937229818621312	-0.004319014267380709	15.501759990756566	-0.03400990352116442	-12.697798401554264	-1531.416324711901
6.722222222220694	3.937038291690426	-0.005358055020382606	15.500241801483066	-0.04218973556846089	-15.777866138380041	-1533.384018816928
6.733333333331802	3.936776335168459	-0.006225462003504686	15.498169156765245	-0.04901650298177534	-18.36119898181766	-1535.1421413414985
6.744444444442911	3.936473642658586	-0.00692421219355522	15.495776794631254	-0.05451395759221063	-20.454199718387823	-1536.7777402258625
6.755555555554019	3.936161595169884	-0.00744945028662642	15.493312608980752	-0.0586444802466924	-22.040264899653724	-1538.383388164086
6.766666666665127	3.9358732467412083	-0.007790451637091432	15.49103752327647	-0.06132446035691883	-23.085384742199455	-1540.0571757164541
6.777777777776237	3.9356424003037844	-0.007931434775725648	15.48921819541133	-0.062430581997179595	-23.54037124799715	-1541.9000008424794
6.788888888887345	3.935500658355049	-0.007851353973009938	15.488103788153813	-0.06179801745951828	-23.340053224045864	-1544.0068132191711
6.7999999999984535	3.9354709428615626	-0.007522947859879651	15.487874947363174	-0.059212685414437895	-22.400219236435465	-1546.4472585757742
6.811111111109562	3.9355555324061515	-0.0069123821212656415	15.488549567626077	-0.05440812739890473	-20.616281823908817	-1549.2297597232973
6.82222222222067	3.9357171437158733	-0.005983710175789914	15.489833630551566	-0.04710038144376697	-17.87635145842322	-1552.2444011097064
6.83333333333178	3.9358559721428	-0.004717363866814428	15.490939979930294	-0.037133729495944436	-14.116589121967838	-1555.1930711838274
6.844444444442888	3.935799240022015	-0.0031542114955145817	15.490505708707714	-0.024828686413829987	-9.45410768310892	-1557.5564813994145
6.855555555553996	3.9353412890717774	-0.001458960143933173	15.486908932908417	-0.011483012187060637	-4.37952569656558	-1558.7132016949859
6.866666666665105	3.9343650681448183	5.898058134660534e-05	15.479228485959473	0.0004641022778979158	0.1772916427846662	-1558.3054727622773
6.877777777776213	3.9329754367907768	0.0010631396544401276	15.468294656133676	0.008362604293582512	3.1997664849752625	-1556.643413307292
6.8888888888873225	3.931468128899201	0.0014027620956930267	15.456439680808685	0.01102982894328997	4.2271392622557125	-1554.6148111526184
6.899999999998431	3.9301221623045777	0.0011876093518552527	15.445858800221636	0.009334899667773008	3.5833344407944563	-1553.0606324003672
6.911111111109539	3.929054838045001	0.0006549256658466208	15.437471491437202	0.005146477711909019	1.9787301449867876	-1552.3367625093856
6.922222222220648	3.928246991753652	2.0758525204311506e-05	15.431124427790703	0.00016308922837415807	0.06280575109417015	-1552.3882230935162
6.933333333331756	3.927627146587569	-0.0005693266534940861	15.42625467847877	-0.004472205639078454	-1.7250132832974607	-1553.00166468767
6.9444444444428655	3.9271256201896754	-0.0010267161029806548	15.422314582604185	-0.008064086225353262	-3.115453469393699	-1553.9682452760628
6.955555555553974	3.926693091776232	-0.0012945600322400877	15.418916961117509	-0.010166679870973538	-3.93404724337156	-1555.139867968475
6.966666666665082	3.9263020423064012	-0.0013290310051418876	15.415845961096004	-0.010436354299554244	-4.044850218948694	-1556.433879951468
6.977777777776191	3.9259434720167974	-0.0010876004173678703	15.413030962596638	-0.008539715517456269	-3.3150427715991384	-1557.823472873977
6.988888888887299	3.9256240288327118	-0.0005211316628350879	15.410523744170561	-0.004091533955621936	-1.5908267836047956	-1559.3292534559237
6.999999999998408	3.9253653561818176	0.00043310238188130727	15.408492991934736	0.0034001701710334228	1.3241198361633693	-1561.0174834659656
7.011111111109517	3.9252068105383646	0.0018599159718941227	15.40724504620934	0.014601109679815783	5.695099441218381	-1563.0085331829289
7.022222222220625	3.9252138666619225	0.0038790892055510424	15.407288851701976	0.030452509479295065	11.896692996914553	-1565.5026805285222
7.033333333331734	3.925498605370082	0.0066673461725445535	15.409494847257477	0.052345316203686404	20.481776687265963	-1568.8429079446041
7.044444444442842	3.926271520559417	0.010498131094606466	15.415497842399478	0.08243702627170525	32.3070768075943	-1573.673907008165
7.055555555553951	3.9279903397560134	0.015810692748891818	15.428858131211362	0.12420849676499501	48.75409734749601	-1581.4001992147648
7.06666666666506	3.9318656718368072	0.02325227720418741	15.459026992973527	0.182849661062356	71.88484893230742	-1595.7510695223843
7.077777777776168	3.9415741711675047	0.03254003022893903	15.5349480932475	0.25651788535879183	101.00506966692701	-1628.1543863634395
7.0888888888872765	3.9601800081102527	0.034281520535071816	15.681850473985925	0.271521984541225	107.08083942640516	-1688.6446371091151
7.099999999998385	3.9725890848534067	0.02517556781246258	15.780830227881747	0.2000243717935512	79.00778062381346	-1730.3875047381134
7.111111111109494	3.9778676435133065	0.017124271216625513	15.823137748645406	0.13623616878272174	53.896242080990554	-1749.8326985307472
7.122222222220603	3.980623091308953	0.011680372052087542	15.845223763970768	0.09299031741123882	36.84527894107682	-1761.3178887720549
7.133333333331711	3.9824024246542633	0.008287513000142053	15.859460389020427	0.06600842373223888	26.195125240578804	-1769.7153907151505
7.1444444444428195	3.9837003632635763	0.006555617263635072	15.869825608148641	0.05223122974912001	20.75999827793512	-1776.5917512099068
7.155555555553928	3.9846696123184935	0.006291530576650676	15.877552335977416	0.05013934140750519	19.959542459178817	-1782.4305915146913
7.166666666665036	3.985320365970153	0.0074391419099862814	15.882723078584117	0.05929472751842086	23.640784349588902	-1787.259913907346
7.177777777776146	3.9855717379204383	0.01007406925136421	15.884680591238862	0.08030185138818101	32.06595400625459	-1790.8125290443004
7.188888888887254	3.985214805851676	0.014468954583417841	15.881727698132677	0.1153237840620645	46.122119215150036	-1792.4037167551714
7.199999999998362	3.983683145029254	0.0212888544892393	15.869278184664704	0.16961610161152593	67.94041139667381	-1790.1873444051957
7.211111111109471	3.9788763381139978	0.03200076881535904	15.830432864798683	0.2546542036817768	102.16017672832675	-1777.3663183523158
7.222222222220579	3.96100503622062	0.044605505822002824	15.687571245815477	0.35336526640824273	141.97873571874217	-1722.7045288645663
7.2333333333316885	3.939118423725025	0.034814869646806385	15.5154418809814	0.27427978889064036	110.3725011462284	-1656.0885348608942
7.244444444442797	3.932679332031567	0.023012506576371456	15.465437153129324	0.18100161798227307	72.94846233011272	-1638.4792154153026
7.255555555553905	3.9302847632034656	0.015323618401524332	15.446903506588407	0.12045236784131065	48.619961668281825	-1633.5112118740951
7.266666666665014	3.929064760489601	0.010034345711950927	15.43744920402734	0.07885118826279265	31.876606388951156	-1632.1907371038708
7.277777777776122	3.9283217689353647	0.00625356403231628	15.431672813228367	0.04913202344315853	19.89262242371681	-1632.3476907540983
7.288888888887231	3.927827306796786	0.003542458365787327	15.42781480300722	0.027828329404660363	11.284363407286854	-1633.275404838758
7.29999999999834	3.9274979111346657	0.0016742201440436925	15.425237038954071	0.013150992237022362	5.340845071844852	-1634.7182794302075
7.311111111109448	3.9273095753601464	0.0005362162850643994	15.42376021318759	0.004211774701594923	1.7130779076956932	-1636.6057577738693
7.322222222220557	3.927271398338762	8.834688835413916e-05	15.423460628404523	0.0006939244155308772	0.282672572955845	-1638.9709636424245
7.333333333331665	3.927420122114655	0.00034553711575263175	15.424628696195194	0.002714138842688693	1.1072918031473902	-1641.9345598377888
7.344444444442774	3.927827446825902	0.0013721904063410792	15.427826569132371	0.010779454280595355	4.404375350974969	-1645.7289578214989
7.355555555553883	3.928623764854938	0.0032825637317610563	15.434073910558334	0.025791915772494792	10.554257369657986	-1650.775176059633
7.366666666664991	3.9300551182850136	0.00623789839642491	15.445294321381828	0.04903056904042319	20.09400708841924	-1657.8672114038131
7.3777777777760996	3.9326160384167452	0.010401523697615853	15.465360713917384	0.0818103978344319	33.578606804949054	-1668.6039005602486
7.388888888887208	3.9373156552571937	0.01566270172500969	15.502209248908057	0.12333800141100901	50.69961263564731	-1686.2639048036667
7.399999999998317	3.9456377118340042	0.020489146585522734	15.567637147918873	0.16168549890226686	66.56277039301862	-1715.7350315381293
7.411111111109426	3.9564948775488706	0.02104117480839917	15.653408985033135	0.16649860069408332	68.6471499105442	-1753.6748237476402
7.422222222220534	3.9647458743726887	0.017318532767410064	15.71890991677804	0.13732716267955455	56.704692379244214	-1783.3504564281468
7.4333333333316425	3.969234620716565	0.013241127090134076	15.754648146848355	0.10511428012693633	43.4684272684238	-1800.799149480617
7.444444444442751	3.9714483499874014	0.010417157254601883	15.772293479452385	0.08274240398069586	34.268021163545775	-1810.7987957669618
7.45555555555386	3.9723968105595513	0.009002853104011454	15.779855369179682	0.07152580991262251	29.66684710958104	-1816.6379347296386
7.466666666664969	3.9725503458742675	0.008880641931059837	15.781077384704655	0.07055759434963456	29.308873558933005	-1819.8529060376716
7.477777777776077	3.9720969114170455	0.009950279335991833	15.777454865629968	0.07904694763646002	32.88412253415175	-1821.054025401722
7.488888888887185	3.971048179396862	0.012187273337774368	15.769075113459722	0.09679249919956164	40.32623616692692	-1820.2686810799669
7.499999999998294	3.969228260586963	0.015658999249249437	15.754527780384718	0.1243082847052618	51.86685748636274	-1816.8995923411815
7.511111111109403	3.9661198612195583	0.020501599998933986	15.729686437957731	0.1626236058851019	67.95421056553857	-1809.2110446475479
7.5222222222205115	3.9604325880458777	0.026608950631395692	15.684318248202066	0.21076591042856688	88.2013285059348	-1792.9017100785568
7.53333333333162	3.9499480499096657	0.03179418369404603	15.601078726868401	0.25117074776153364	105.26520522425568	-1760.6644813866471
7.544444444442728	3.936886959125996	0.030376352554774468	15.498156206141799	0.23917653247741047	100.38629565766729	-1720.0630693143366
7.555555555553837	3.9283314363118933	0.024118808295197313	15.43120615660268	0.18949334566480733	79.65058419920466	-1694.4548858660341
7.566666666664946	3.9239176166499785	0.018052398122979298	15.396803573178058	0.14167224603507494	59.637300967468654	-1682.4648741889894
7.577777777776054	3.92155402352966	0.013222996068696745	15.378411111836632	0.10370938687262919	43.72084333352259	-1677.1817304308122
7.588888888887163	3.920239386429338	0.009496353316266791	15.368186666185565	0.07445595659575587	31.43447710590241	-1675.3242938962874
7.599999999998271	3.919537836201514	0.00666011147101184	15.362732492330439	0.05220911780790125	22.074381588014962	-1675.47112151528
7.61111111110938	3.9192364680122123	0.004566312040156456	15.360393640991193	0.03579291334420885	15.155620069542376	-1676.9303121955973
7.622222222220489	3.919211434019987	0.0031248646308809536	15.360208499774041	0.02449401038222656	10.386520973040803	-1679.2998777515197
7.633333333331597	3.919374204536385	0.0022825249398719777	15.36148894526512	0.017892138741090385	7.598101368779328	-1682.2915925806608
7.644444444442706	3.9196499157656604	0.00200495416664818	15.363651442320538	0.015717436860833097	6.684304900281729	-1685.6600089123945
7.655555555553814	3.919970993990819	0.002263868571392596	15.366167468628461	0.017748598268132822	7.559087463839114	-1689.1816659924839
7.666666666664923	3.920278767949145	0.003029997844726252	15.368576437545926	0.02375687243522399	10.132682755920044	-1692.66077190573
7.677777777776032	3.9205283476188	0.004272093194879325	15.370524273702333	0.03349772494838752	14.308017040331292	-1695.9458904959656
7.68888888888714	3.9206932859025327	0.005961012966728132	15.37180030844561	0.046742607031657855	19.994249846567836	-1698.9460526656494
7.699999999998249	3.920768282300522	0.008076911974436997	15.372358686986741	0.06333540057661173	27.131002749280377	-1701.6403697865535
7.711111111109357	3.920770252700216	0.010617690065297876	15.372326639116592	0.08325904672082104	35.71716611731662	-1704.0820911307476
7.7222222222204655	3.920739834019218	0.01360806271400994	15.372015666694217	0.10670734709330089	45.842175188687186	-1706.4039450404237
7.733333333331575	3.920747014184039	0.017110272163623947	15.371964387819542	0.13417009699480972	57.723288171914994	-1708.8371410774241
7.744444444442683	3.9209078341072052	0.021239073300487916	15.373067145328593	0.1665528977861205	71.75812138018865	-1711.7674820178795
7.755555555553792	3.9214290802862264	0.02618429606406548	15.37692041435411	0.2053597200649011	88.60470324560356	-1715.8859246295508
7.7666666666649	3.9227310325761966	0.03223563321326769	15.386779617887653	0.2529034375208582	109.27429097546735	-1722.6041697601977
7.777777777776008	3.92580632997298	0.03971330983043542	15.410378193478232	0.31181352623300307	134.92085346738827	-1735.2795920301426
7.788888888887118	3.93304975117248	0.047975983049198215	15.466578650248367	0.3773838563878083	163.52623026813853	-1762.1110853259424
7.799999999998226	3.9458612725784796	0.05138643684084626	15.56718061654346	0.4055275021321906	175.9719772350837	-1808.2793614077257
7.8111111111093345	3.955692586333034	0.04707730078214764	15.645287565321196	0.37244665937702354	161.8473144061245	-1844.796762248359
7.822222222220443	3.9598754373938685	0.04229591603806649	15.678824535161782	0.33497311804242574	145.7701847031193	-1862.015216169598
7.833333333331551	3.9612453977802957	0.039465553592106496	15.689907571515242	0.31266548507516695	136.2558472369641	-1869.4899777138896
7.844444444442661	3.961065881779342	0.03869130408754436	15.688545902784362	0.3065176090854432	133.76614749602388	-1871.5474960376937
7.855555555553769	3.959439939695497	0.04001224752168598	15.675563656104144	0.3168521818286913	138.47207651607778	-1868.5248569868108
7.8666666666648775	3.9554037948482037	0.04352357551562454	15.643324878673905	0.34430663151972735	150.68316521166315	-1857.0586947970123
7.877777777775986	3.9462383586079	0.04779702567467019	15.570512627285026	0.3772369122895003	165.32803567061296	-1827.7709257660888
7.888888888887094	3.9323463390374935	0.045743451702339843	15.461255266767933	0.35975818967326895	157.8901825949185	-1782.398160878362
7.899999999998204	3.9232589772027824	0.037528658263367896	15.390552602011175	0.29446929086826695	129.41830284851784	-1753.8349878767528
7.911111111109312	3.919007262253621	0.03003218773238733	15.357715989296631	0.23539272364918012	103.59984764709333	-1741.849820866475
7.92222222222042	3.9167757368612475	0.024432445789687725	15.340535228457702	0.19139282172245325	84.35314207347119	-1736.724110027663
7.933333333331529	3.9153693506744194	0.020400787893017785	15.32970096005397	0.1597532392918632	70.50728210167009	-1734.3781909769464
7.944444444442637	3.9143139658791077	0.01758710044122344	15.3215445173743	0.13768286575279906	60.85160363736786	-1733.2023945957305
7.9555555555537465	3.9134016435988137	0.015742371172545032	15.314464601871762	0.12321244244156063	54.532282778474766	-1732.492972021445
7.966666666664855	3.9125354555501417	0.014696108392029701	15.307717715335084	0.11499809028484838	50.96779826137441	-1731.9223970090475
7.977777777775963	3.9116704538856006	0.014332889789096213	15.300960308071875	0.11213108301361255	49.76643715368685	-1731.3388116220895
7.988888888887072	3.9107878666575875	0.014577768880827378	15.294049226650662	0.11402112332415654	50.67576281587535	-1730.6785729700366
7.99999999999818	3.9098825986542254	0.015388111554748769	15.286945141281898	0.12033141918812446	53.55470412899396	-1729.9238919599347
8.011111111109289	3.9089569326345144	0.01674997874555583	15.279663739403455	0.13094989107784247	58.36150669120155	-1729.0814022304971
8.022222222220398	3.9080176269040776	0.01867851794250896	15.27225288516045	0.14599195472753818	65.15566927151134	-1728.1721365538992
8.033333333331507	3.9070754084894634	0.021223197650617982	15.26478782350459	0.16584126726048176	74.11685696073101	-1727.2294829269058
8.044444444442615	3.9061471536729266	0.02448086033946746	15.257386273624146	0.19125168586895053	85.5913600545859	-1726.3060239982046
8.055555555553724	3.9052632572865127	0.028624476268578353	15.250261748070413	0.22357223086149758	100.19405558002369	-1725.4975633480692
8.066666666664831	3.9044896168982848	0.03396964845425773	15.243885231450408	0.2652682793586683	119.04414226122597	-1725.015977918337
8.07777777777594	3.9040044821296536	0.041151402574726687	15.239557558554559	0.3213105201953095	144.3927691072096	-1725.4472330666715
8.08888888888705	3.904476337354473	0.051719154513640814	15.242260598017396	0.4038724299729807	181.74466690489749	-1729.0369946648775
8.099999999998158	3.9109195969958153	0.07069729731933246	15.290293986317652	0.552982891081634	249.18696016040377	-1753.0570081194176
8.111111111109267	3.944550568631157	0.07083285001567022	15.554461895847039	0.5588075176141548	252.15709310659108	-1874.665250660098
8.122222222220374	3.9495373502929843	0.05590364407581166	15.595720063938373	0.4415870605898065	199.53533074971153	-1895.87618254245
8.133333333331484	3.9487282837339768	0.048999658511832016	15.590054092226401	0.3869726749179548	175.09650185501795	-1895.9059946227355
8.144444444442593	3.9462708681726553	0.0452777945283015	15.571003686310814	0.3573568830442869	161.91691297243636	-1889.8643706840342
8.1555555555537	3.942572124071856	0.04296621571409655	15.542028857815676	0.3387948087025104	153.71593677813624	-1879.296346008305
8.16666666666481	3.9377875252164274	0.040860282002854006	15.504501031104764	0.3217982174953276	146.20326195254827	-1864.8065986997806
8.177777777775917	3.932517631501929	0.038003072857915765	15.463250688526895	0.29889550813001226	135.98258471365455	-1848.5768970642603
8.188888888887027	3.927773157796026	0.03415570472474095	15.426235366937723	0.26831172040688883	122.2343369069061	-1834.225540212856
8.199999999998136	3.9242371115947217	0.029848297229460627	15.398745987169786	0.23426359141151862	106.86789324150607	-1824.174028417757
8.211111111109243	3.9219696873528487	0.025729130678233094	15.381184240349144	0.20181774120394086	92.19128504875557	-1818.6235211241897
8.222222222220353	3.920730730988067	0.02218879944647808	15.371637122093345	0.17399261574707522	79.58818962796582	-1816.7173764783577
8.23333333333146	3.920250297578859	0.019394968010087985	15.367986230883021	0.15206625822615974	69.65257183023465	-1817.5001423189901
8.24444444444257	3.920308977191566	0.017398197943215784	15.36851977935711	0.13641262316748934	62.56688806820259	-1820.1976258943466
8.255555555553679	3.9207426884899714	0.01619368910946577	15.371960993780595	0.1269825763512352	58.32020435576252	-1824.2311938109337
8.266666666664786	3.9214357350141893	0.015749391615905866	15.377410180510005	0.12352045417469226	56.80648331553429	-1829.192473164258
8.277777777775896	3.9223168648644227	0.016020413319701495	15.38431293475694	0.1256742746919276	57.874699530725586	-1834.8298766848006
8.288888888887003	3.9233581182726076	0.016958464275220683	15.392451334705003	0.1330682569752461	61.36198282622707	-1841.0456092491595
8.299999999998112	3.9245750271819366	0.01851744017992503	15.401946248389281	0.14534616659493832	67.11355947867625	-1847.8977730472373
8.311111111109222	3.9260283033955448	0.02065283845477655	15.41327169932666	0.16216725663781728	74.98093588592819	-1855.6080568846985
8.32222222222033	3.9278270458483684	0.023310604121072217	15.427281917833431	0.18312004264362378	84.78202543253411	-1864.575352061429
8.333333333331439	3.9301284831808854	0.02639829381404937	15.445213024393393	0.2074973728519464	96.19665148558435	-1875.3777078911464
8.344444444442546	3.9331136777024462	0.029732351229465073	15.46849918902043	0.23388143458172445	108.57298427235092	-1888.6881690784037
8.355555555553655	3.936891882315214	0.03298374624027461	15.498029765523386	0.25970688564336414	120.72227024560426	-1904.9300737732879
8.366666666664765	3.941308471744083	0.03573725812508266	15.532635317823383	0.2817031164105867	131.12114010817945	-1923.57067762977
8.377777777775872	3.9458418743543398	0.03780928753857252	15.568238555183994	0.2983789400184063	139.0674853684242	-1942.7190613700595
8.388888888886981	3.9498986849742694	0.03959737228468324	15.600131669669612	0.3128112174314138	145.98739504719046	-1960.179965236427
8.399999999998089	3.953256663516288	0.042061159959209386	15.626469106458819	0.33255712176793795	155.4082740946421	-1975.084057311006
8.411111111109198	3.9562502830568067	0.0467866623563885	15.649727310412612	0.3701994923814905	173.22787883615572	-1988.5798407746965
8.422222222220308	3.9608500852447244	0.0579188011970561	15.684978810251035	0.4588153773172638	214.97762453418025	-2007.7238282493036
8.433333333331415	3.9980565919409248	0.07022369840832095	15.979525144544139	0.561516640663718	263.4453250225544	-2148.564090152966
8.444444444442524	4.0099466654221425	0.04351535593377082	16.077778673328115	0.34898851284256394	163.94977066959638	-2197.5529638170287
8.455555555553632	4.01177423872042	0.030122753909102573	16.09342516215774	0.24169137626370507	113.69252205258657	-2207.804647396994
8.466666666664741	4.012430368098043	0.020800141629985815	16.09916481294357	0.1669182398737908	78.62213933344655	-2213.409337130749
8.47777777777585	4.012690930951404	0.013436243682197981	16.10150797469536	0.10783098633921788	50.85740597060632	-2217.419202592998
8.488888888886958	4.01278767440485	0.0072545342352487475	16.10241229158851	0.05822181112550837	27.49572393645013	-2220.7524586647523
8.499999999998067	4.012840855961561	0.001888022021139725	16.10288817064716	0.015152663806769221	7.16533520038743	-2223.88423463667
8.511111111109175	4.012937854600236	-0.0028534729984713344	16.10366208257539	-0.02290161962529052	-10.843788936778532	-2227.1577158259024
8.522222222220284	4.013153602243435	-0.007058524414157425	16.10535201243255	-0.0566538853583982	-26.860318152456994	-2230.866449383013
8.533333333331392	4.013550350295421	-0.01073784879157039	16.108471112959823	-0.08619379355765319	-40.91883914502481	-2235.2557433422317
8.544444444442501	4.014159598651572	-0.013830192222950384	16.113286009229626	-0.11103319772590521	-52.779500581993474	-2240.4549878977073
8.55555555555361	4.014944185163715	-0.016214032371390585	16.11951391513419	-0.13019686997514174	-61.969409508465354	-2246.332730915044
8.566666666664718	4.015752959078872	-0.017752045330848242	16.125956693237292	-0.14257565713411222	-67.94943486879205	-2252.3205782442615
8.577777777775827	4.016309738227095	-0.0183775143261583	16.13040618034499	-0.14761957950511506	-70.44454256118843	-2257.3651857033974
8.588888888886935	4.016275779985467	-0.018177111737384087	16.130140733506753	-0.1460085872418905	-69.76602541381564	-2260.162397695451
8.599999999998044	4.015354336193189	-0.017402589017389544	16.12276759508094	-0.13975512254392616	-66.86437432977317	-2259.558680940377
8.611111111109153	4.013362310916671	-0.0164156152271699	16.106807566263114	-0.13176362292646696	-63.12237327900354	-2254.8322332932757
8.62222222222026	4.010254835956767	-0.015621757769682176	16.08189980999882	-0.12529445928402627	-60.100720244087654	-2245.794046277191
8.63333333333137	4.006133174215083	-0.015398553903830827	16.04886589408429	-0.12337731525815171	-59.25737696633352	-2232.8221211109762
8.644444444442478	4.001211932571381	-0.015986965224281457	16.00944134629452	-0.12793447204199732	-61.525233033862165	-2216.7360247798783
8.655555555553587	3.995690735460976	-0.017385592599067426	15.965242194618654	-0.13893490255718524	-66.90135402276766	-2198.30207270019
8.666666666664696	3.9895885392216566	-0.019322336868509888	15.916443359586733	-0.15417634744317424	-74.33587271396223	-2177.5957484127243
8.677777777775804	3.9827106106338643	-0.02125003294776256	15.861532244155287	-0.16926546339474632	-81.71569475972196	-2153.878291012119
8.688888888886913	3.974907185444456	-0.022301137933985627	15.799389792144817	-0.1772899068347748	-85.69921699804691	-2126.5974312196954
8.69999999999802	3.9665923073979736	-0.021530702513040952	15.733390961958076	-0.17080703792220492	-82.67108024953995	-2097.3732483542776
8.71111111110913	3.958728025143095	-0.018712467403391615	15.671177420617026	-0.14815513825876606	-71.79907842309706	-2069.90190273538
8.722222222220239	3.951869458952248	-0.014515363778311328	15.617061524813916	-0.1147256456021805	-55.66936354512182	-2046.2829377405546
8.733333333331347	3.945786492131467	-0.009724709321691869	15.569136471515757	-0.07674325336287348	-37.28626152305205	-2025.6049358136097
8.744444444442456	3.93989222523734	-0.004912408687326674	15.522726614726526	-0.038708721588773455	-18.830838113736974	-2005.6047909271715
8.755555555553563	3.9336496515012085	-0.0006800800797761761	15.473599118246664	-0.005350393537608938	-2.6061417490073073	-1984.2235260186833
8.766666666664673	3.926995573699927	0.0021584374895114644	15.421289577006423	0.016952348934839007	8.26785735785118	-1961.2296057082394
8.777777777775782	3.920679509426212	0.003036572680474886	15.371718594860921	0.023810856574442627	11.627549564195466	-1939.508336140702
8.78888888888689	3.9156776145226297	0.0023050375066127685	15.332525867675725	0.018051567530557353	8.826275779597038	-1922.8002088876435
8.799999999997999	3.912327971779611	0.0008159761884419736	15.306309492952023	0.006384732932695288	3.1257483208140706	-1912.39640982452
8.811111111109106	3.9104550890794285	-0.0008049737433494052	15.291658355724474	-0.006295627342511999	-3.0860168235338605	-1907.6292963077265
8.822222222220216	3.9098014302940025	-0.0022577570967288988	15.286542126861919	-0.017654763852094166	-8.66499874991849	-1907.5238248949677
8.833333333331325	3.9101942113818198	-0.003413713350946548	15.289607117285048	-0.026696564368376054	-13.119237448147931	-1911.43244679513
8.844444444442432	3.9115517855340345	-0.004207214147212316	15.300219670263612	-0.03291347201930477	-16.194698048715054	-1919.0585498403575
8.855555555553542	3.9138495659614003	-0.0045963235438987865	15.318197298786123	-0.035978637814612864	-17.725117671682966	-1930.326226904754
8.86666666666465	3.9170779499062744	-0.004571406283861969	15.343478767886529	-0.0358131095091574	-17.66570651659899	-1945.2189302386505
8.877777777775758	3.921193567769824	-0.004198908025978723	15.375741365090832	-0.03292946228624972	-16.26363082373549	-1963.5908187754217
8.888888888886868	3.926059481327943	-0.0036719763453606532	15.413929567514753	-0.028832795091830243	-14.258138257499615	-1984.9328706153572
8.899999999997975	3.931382798252931	-0.0032975439458124106	15.45575983260297	-0.025927815090100014	-12.837620288147084	-2008.1254255302188
8.911111111109085	3.936711653871864	-0.0033580881936894303	15.497687368974232	-0.026439649853653397	-13.107388040158716	-2031.417916261879
8.922222222220192	3.9415724038060986	-0.003939881854933407	15.535977491776755	-0.0310586591873238	-15.416448538293716	-2052.95675428066
8.933333333331301	3.9456638823319103	-0.0049227298101952284	15.56823923906974	-0.038846874429131865	-19.306263067517424	-2071.546925213654
8.94444444444241	3.94891674670652	-0.006118903830907717	15.593906031435111	-0.04832608361871633	-24.047147678758986	-2086.8953189846143
8.955555555553518	3.951412130888239	-0.007384443618462989	15.613603298123177	-0.05835796018770979	-29.075101151238226	-2099.3013071406704
8.966666666664628	3.9532845937341548	-0.008642996905206837	15.628384377660318	-0.06833645301809232	-34.08882696722062	-2109.2792650914967
8.977777777775735	3.9546694336298907	-0.009868007648822848	15.639312951711604	-0.07804941643925135	-38.98226865044952	-2117.3513386301615
8.988888888886844	3.9556870311441843	-0.01106171467416207	15.647337526830759	-0.08751336255760044	-43.76319108022056	-2123.984707438746
8.999999999997954	3.9564460340318472	-0.012241196808487608	15.653315373307029	-0.0968632691294882	-48.49871482835807	-2129.603215118937
9.011111111109061	3.9570558897185726	-0.013429044801399632	15.658110975112166	-0.10627896164934598	-53.278776856071154	-2134.636441216912
9.02222222222017	3.957646739248445	-0.014641409196157308	15.6627533418206	-0.11589105072634834	-58.16905638466352	-2139.598682902445
9.033333333331278	3.9583961127736313	-0.015858593847830792	15.668648290622565	-0.12554919248261848	-63.094362759119306	-2145.196145143836
9.044444444442387	3.9595450625318493	-0.01694715886014468	15.677709896026917	-0.1342060783772575	-67.52781229351567	-2152.3942462055484
9.055555555553497	3.961310491882138	-0.017507190660159298	15.691674311370694	-0.13870283609094	-69.87616137394616	-2162.0735033070187
9.066666666664604	3.963502063889459	-0.01683105667909115	15.709065325987067	-0.13341985577003646	-67.29715654282631	-2173.49840563493
9.077777777775713	3.9651657947765826	-0.014545678684556982	15.722328203297813	-0.11535205516363237	-58.255036961034335	-2182.8600182601754
9.088888888886821	3.9653956767912066	-0.011358073349691692	15.724233867684175	-0.09007850991508971	-45.5470848665651	-2186.495393184702
9.09999999999793	3.964305731663656	-0.008305926059428488	15.715650945693609	-0.06585446056833376	-33.339201009879574	-2184.8232166089783
9.11111111110904	3.9625850509477725	-0.005825641392073016	15.702046347897133	-0.046169198984822205	-23.40196261838951	-2180.5950726839424
9.122222222220147	3.960809404806523	-0.003823844606704963	15.68799651941623	-0.030291039361511438	-15.372461765555695	-2176.124158661844
9.133333333331256	3.959283263733191	-0.0020525219265141214	15.67591974963149	-0.016253031424185535	-8.258330922921989	-2172.6384063817263
9.144444444442364	3.958148530247533	-0.0003079143045843534	15.666939692689487	-0.002437541104265499	-1.240046218331573	-2170.713109415594
9.155555555553473	3.957497649869191	0.0015238855912294634	15.661785326492874	0.012061547291920247	6.1435065379556955	-2170.7253126811966
9.166666666664582	3.9574317855278944	0.0034645485722396277	15.661254334009689	0.027421429284572776	13.983958465862038	-2173.088900686545
9.17777777777569	3.9580723618955282	0.005429610714468082	15.666307341328734	0.0429815842095759	21.945655379656447	-2178.3029262015784
9.1888888888868	3.959519460559618	0.007196697679831144	15.677742566092832	0.056990929030111326	29.13381346730713	-2186.7857938560933
9.199999999997907	3.9617350906041664	0.008406271160510148	15.695274262729578	0.06660683887545372	34.09064738836486	-2198.4030889205806
9.211111111109016	3.964408810961732	0.008705444494605603	15.716461435667165	0.06902388171550551	35.37040224791006	-2211.915259944619
9.222222222220125	3.967023508300777	0.00801521683911268	15.737211271710029	0.0635931072497765	32.62678095281305	-2225.2292461877173
9.233333333331233	3.969164851894485	0.006601869936782775	15.754226036827907	0.052407820219714116	26.920505432107497	-2236.6502782528623
9.244444444442342	3.970707701215821	0.0048459004899712695	15.766496165743071	0.03848330878970888	19.79164174008925	-2245.6522188385866
9.25555555555345	3.971732344448293	0.003033420133036492	15.774648614299029	0.02409586571336336	12.407195478548081	-2252.549095070111
9.266666666664559	3.972384529282718	0.0013213445298352836	15.779837102533316	0.010497777136340055	5.411896575276492	-2257.9280458732287
9.277777777775668	3.9728040190466483	-0.00021882390509058678	15.7831717258693	-0.001738688979214731	-0.8974173588987282	-2262.3565461407397
9.288888888886776	3.973106807292704	-0.0015570173169974434	15.785575277852697	-0.012372392202470328	-6.393608581778245	-2266.308024644982
9.299999999997885	3.9733875672166103	-0.0026768852953737996	15.787801593596647	-0.02127260550300644	-11.006069054440673	-2270.1707757183017
9.311111111108993	3.973725647319139	-0.003559735287807273	15.790482848446592	-0.028290822821653475	-14.654657963831594	-2274.27193778217
9.322222222220102	3.9741885931151772	-0.004174581372107099	15.794157546517159	-0.033181147340118275	-17.208358652729306	-2278.8916327085267
9.333333333331211	3.9748309506433857	-0.004471909924389742	15.799261088214228	-0.03555017195190734	-18.458953716124245	-2284.2577786219667
9.344444444442319	3.9756876895299484	-0.004382212846473462	15.806073400890549	-0.034844619333249074	-18.114143723115735	-2290.51854678094
9.355555555553428	3.9767643287895065	-0.0038231483682210046	15.814639910269209	-0.0304075201088222	-15.826292323701772	-2297.700748820035
9.366666666664536	3.9780310330290387	-0.0027188674364796894	15.824723507501943	-0.021631478074016625	-11.27197091305449	-2305.6840824381666
9.377777777775645	3.979431899891945	-0.001028230196532762	15.835877188620277	-0.008183544089029274	-4.269430637363982	-2314.238154843974
9.388888888886754	3.980914918561827	0.0012313451415676968	15.847682072617259	0.009803760487930939	5.120772603284142	-2323.146157396918
9.399999999997862	3.9824718996916624	0.00397698867365389	15.860066615394807	0.03167649127643727	16.565079405528778	-2332.3718840324973
9.411111111108971	3.9841667593180863	0.00706545720680131	15.87353484536964	0.05629991948544439	29.476592203856985	-2342.180300644962
9.422222222220078	3.986133824256371	0.010288811205373064	15.8891570052447	0.08202515671425106	42.996094640773265	-2353.1344185930307
9.433333333331188	3.988528498276637	0.013348041930479391	15.908181411341506	0.1064780912718171	55.87969624884142	-2365.89334849501
9.444444444442297	3.991407339702446	0.015841143056383577	15.931081609617223	0.12645690932905168	66.44274676735692	-2380.712209141912
9.455555555553405	3.994576129608111	0.017372752056178404	15.95633664272091	0.13879356133842097	73.01044050771984	-2396.798109210499
9.466666666664514	3.9976063367481447	0.017806375901796814	15.980539356586165	0.1423657622790848	74.97754940981011	-2412.361023001905
9.477777777775621	4.0001180335277	0.017372989676892197	16.0006424613832	0.1389880186056541	73.28455988118293	-2425.792246954403
9.48888888888673	4.001998281860747	0.016463598799756663	16.01571919793093	0.13177458821974164	69.56257141794276	-2436.5949511890594
9.49999999999784	4.003344845351145	0.015398958464126958	16.026532822877805	0.12329468198227808	65.16232154754653	-2445.163202561928
9.511111111108947	4.004324939025757	0.014371892933531376	16.03441166599714	0.11509945858949548	60.9022215125165	-2452.191950523281
9.522222222220057	4.005096472214314	0.01348309880935713	16.040615957790042	0.10800222295174652	57.213643487580434	-2458.3433536400416
9.533333333331164	4.005787224196917	0.01278335555038015	16.04616787136011	0.10241480469215909	54.317042873715835	-2464.156429587659
9.544444444442274	4.006497717830513	0.01229962266158017	16.05187268226349	0.09855682024759482	52.33183172983031	-2470.057554872751
9.555555555553383	4.007309720161121	0.012047858298286257	16.058386042408227	0.09655899933169268	51.33071299362953	-2476.3955572383693
9.56666666666449	4.008294422208289	0.012037766426717441	16.066279267285537	0.09650182404811546	51.35997017641459	-2483.4760002371913
9.5777777777756	4.009518898761176	0.012272293262313922	16.076091190341117	0.09841198353277422	52.43742296969897	-2491.588552436201
9.588888888886707	4.011050269663421	0.01274258318536129	16.08836189234077	0.10222228344370397	54.53087454907339	-2501.0248800858435
9.599999999997817	4.012955931937416	0.013418030984514676	16.103635268116193	0.10769193406845642	57.51524951698896	-2512.080021802228
9.611111111108926	4.015295716250302	0.01423187074443318	16.122397142793137	0.1142903392687011	61.10992046399247	-2525.019311711014
9.622222222220033	4.018099124246421	0.015067844123525518	16.14489353234332	0.12108818255403891	64.819509736373	-2539.9809133358112
9.633333333331143	4.0213244738044205	0.01576494197311731	16.170801990222984	0.12679189396920637	67.9511288296087	-2556.7989443940996
9.64444444444225	4.024819076038572	0.016164693936118656	16.198907297513934	0.1301199370248308	69.81514730637103	-2574.8277131552804
9.65555555555336	4.028330516606779	0.016196335599933852	16.227184429738575	0.1304883859088366	70.0934965090233	-2592.9835258340736
9.666666666664469	4.031594265740102	0.015932326264038094	16.25349848452829	0.1284653504119928	69.08620668866664	-2610.118591432643
9.677777777775576	4.034432073471568	0.015554559108497604	16.27640021114704	0.1255076243120641	67.57317934888931	-2625.448994441104
9.688888888886686	4.036779895193929	0.015272706774690153	16.29535866666968	0.12330511130652265	66.46356823884895	-2638.6822196447733
9.699999999997793	4.038652215597971	0.01527231333074796	16.310478474999933	0.12335912414106336	66.5689351581391	-2649.867413324928
9.711111111108902	4.0400947046397375	0.015713012844840644	16.322118323685384	0.12696411997675372	68.59279954946041	-2659.1912392028066
9.722222222220012	4.041150731429969	0.01675904138381208	16.330618368668873	0.13545162469251462	73.26193088799101	-2666.8312246566948
9.73333333333112	4.041836561897316	0.018634140538048887	16.33609556189633	0.15063230105243783	81.56583860612866	-2672.8448754554015
9.744444444442228	4.042099747425322	0.021729413932065504	16.33809820070602	0.1756649171330045	95.22932755024574	-2676.981714420883
9.755555555553336	4.04166403660558	0.026898329225628948	16.33432466467578	0.21742801975200268	118.00383332913907	-2677.9861491007186
9.766666666664445	4.038960071565727	0.03662148055982476	16.311857326863827	0.2958253954855054	160.73498645575458	-2668.8287515354295
9.777777777775555	4.016326489241008	0.0498959736424094	16.12838885999328	0.40079704129296	218.01846025424513	-2572.0650417315524
9.788888888886662	4.001690547983371	0.031788424741171085	16.012516737871923	0.25441487764405013	138.54935293776865	-2511.886157620421
9.799999999997771	3.9997328809338666	0.02172212413476366	15.997391268146602	0.17376538829108265	94.73663383350329	-2506.4909499131886
9.811111111108879	3.999258391607323	0.015420381446153174	15.99382989467765	0.1233401798006279	67.32112577921954	-2507.388919392174
9.822222222219988	3.9992450013239984	0.01101211566134828	15.99383931392365	0.08808029702529764	48.13013996274372	-2510.233691446304
9.833333333331097	3.999472224977094	0.007823365363730243	15.995716873317614	0.06257866495617385	34.233842914583064	-2514.100446713546
9.844444444442205	3.999871428477818	0.005551308700296335	15.998940627324894	0.044409042121951285	24.321548203657553	-2518.706795027958
9.855555555553314	4.000413918417118	0.0040422533612266024	16.003295178853165	0.03234137321603856	17.73242636353999	-2523.9371328911934
9.866666666664422	4.001080397933549	0.0032114155440011822	16.00863403753829	0.02569826356544447	14.105966037518485	-2529.7131476339277
9.877777777775531	4.0018510606403055	0.0030071758660225292	16.014802868441247	0.024068539857948375	13.226276399217236	-2535.9518535873203
9.88888888888664	4.00270327302482	0.003393107278467849	16.0216219787066	0.027163203218495195	14.943663462794444	-2542.555932984389
9.899999999997748	4.003612442358426	0.004339204925325114	16.028893759907813	0.034744989657949185	19.13621227434237	-2549.417756545768
9.911111111108857	4.004553259180763	0.005819093502876144	16.03641294376607	0.046605739704840526	25.6974688780566	-2556.424982905549
9.922222222219965	4.005498659490642	0.007811467767662628	16.043958492152644	0.06257764734405402	34.54273966169597	-2563.456058234078
9.933333333331074	4.006413580182695	0.010304511847840765	16.0512435925079	0.08256827240868543	45.6285644915431	-2570.3525341569175
9.944444444442183	4.007239150958626	0.013302543655603875	16.057788655307903	0.10661294748814426	58.98194294609956	-2576.848602304245
9.95555555555329	4.007858049448183	0.016833859246200334	16.062642765709473	0.13493543656632345	74.73432515937779	-2582.4162238010576
9.9666666666644	4.008017684357254	0.020951365615301594	16.063766798399342	0.1679468877951266	93.12161354849212	-2585.92162785784
9.977777777775508	4.007155630540394	0.025667642209835476	16.056637419514974	0.20570847400767703	114.18645975493156	-2584.8470456151986
9.988888888886617	4.004110964517594	0.030504034994973325	16.03197412001904	0.24428308197080215	135.74979156146543	-2574.0199290012342
9.999999999997726	3.9979245801364627	0.03299975115882419	15.982311964882767	0.2638610325924999	146.79249637172853	-2549.2548326300357
