Reference	Reference	Reference	Reference	Reference	Sample	Sample	Sample	Sample	Sample
Frequency (THz)	Amplitude	Δ(Amplitude)	Phase	Δ(Phase)	Frequency (THz)	Amplitude	Δ(Amplitude)	Phase	Δ(Phase)
0.0	0.0005657050610688493		0.0		0.0	1.3545007446534312e-05		0.0	
0.011111111111108584	0.0005596404807936288		7.672435634987299		0.0111111111111149	1.3417504565948849e-05		7.996157645345717	
0.022222222222217168	0.0005420138688220647		15.338144552845016		0.0222222222222298	1.3071258912697728e-05		15.98091766732788	
0.03333333333332575	0.0005145963955174905		22.989618178182912		0.0333333333333447	1.2616476144687496e-05		23.943566344601535	
0.044444444444434336	0.0004805814701250631		30.61795305677191		0.0444444444444596	1.223571289660392e-05		31.876748103237823	
0.055555555555542924	0.000444942031110262		38.21304600675818		0.0555555555555745	1.2159485347697159e-05		39.78229269096265	
0.0666666666666515	0.00041473455587495006		45.76636184894305		0.0666666666666894	1.2595164819161671e-05		47.67634670085451	
0.07777777777776008	0.00039861213924655993		53.278621315129406		0.0777777777778043	1.3630518185878948e-05		55.584126509539786	
0.08888888888886867	0.0004043402689760883		60.76896433346763		0.0888888888889192	1.5196026287257474e-05		63.52508209494396	
0.09999999999997726	0.0004348940473751659		68.27031437803396		0.1000000000000341	1.7118109674206316e-05		71.50489750341197	
0.11111111111108585	0.0004870980787872783		75.8081645085208		0.111111111111149	1.9194812571144742e-05		79.51938239780671	
0.12222222222219442	0.0005543709414937787		83.38889082120014		0.12222222222226391	2.1239499881844127e-05		87.56095345993138	
0.133333333333303	0.0006299791891947086		91.00628765462156		0.1333333333333788	2.3095025576965247e-05		95.62220145205586	
0.1444444444444116	0.0007084589575328533		98.650811727114		0.1444444444444937	2.4635612309993674e-05		103.69693764939346	
0.15555555555552017	0.0007857730553092675		106.3139068667565		0.1555555555556086	2.5766048002818683e-05		111.78014898011577	
0.16666666666662877	0.0008591051071457846		113.98894342410142		0.1666666666667235	2.6421224662354834e-05		119.86764273706703	
0.17777777777773734	0.0009266544788302601		121.67099021122308		0.1777777777778384	2.6566503785325508e-05		127.95565358184385	
0.18888888888884592	0.0009874966492089568		129.3563932365355		0.1888888888889533	2.619881852730358e-05		136.0404706526595	
0.19999999999995452	0.001041489135539603		137.04243913317612		0.2000000000000682	2.5348499357852217e-05		144.11807557278533	
0.2111111111110631	0.0010891917498398154		144.7271437421145		0.2111111111111831	2.408204434657973e-05		152.18378064595322	
0.2222222222221717	0.0011317744768853137		152.40914465658517		0.222222222222298	2.2506199565490843e-05		160.2319127652652	
0.23333333333328027	0.0011708927826480113		160.08766387054135		0.2333333333334129	2.0773281571844765e-05		168.25576057557905	
0.24444444444438884	0.001208518240773857		167.76250260258527		0.24444444444452781	1.9085289109139384e-05		176.24839772500727	
0.2555555555554974	0.0012467242804445103		175.43402723020853		0.2555555555556427	1.768741231479974e-05		184.2055213819251	
0.266666666666606	0.0012874432890840571		183.10310771209288		0.2666666666667576	1.6830696146763007e-05		192.13084939130093	
0.2777777777777146	0.0013322286598560977		190.77098520700133		0.2777777777778725	1.6689213687254735e-05		200.040342252671	
0.2888888888888232	0.0013820656774065098		198.43907479558365		0.2888888888889874	1.7272101557513613e-05		207.95730106735073	
0.29999999999993177	0.0014372704179501812		206.1087410602314		0.3000000000001023	1.8417766323559205e-05		215.8996140597916	
0.31111111111104034	0.0014974951480175914		213.78110047937642		0.3111111111112172	1.9879406883942067e-05		223.87276574045302	
0.3222222222221489	0.0015618309514969287		221.45689476367463		0.3222222222223321	2.141645017986785e-05		231.872926229121	
0.33333333333325754	0.001628976612408206		229.13645078942764		0.333333333333447	2.284025460078064e-05		239.89259158831862	
0.3444444444443661	0.0016974351381510067		236.8197139975489		0.3444444444445619	2.402502212117839e-05		247.9239124740709	
0.3555555555554747	0.0017657045833797396		244.50632690640427		0.3555555555556768	2.4906316917441266e-05		255.9598198959757	
0.36666666666658326	0.0018324412759301227		252.19572443017034		0.3666666666667917	2.5478338717762218e-05		263.99418320669866	
0.37777777777769184	0.0018965846425791427		259.8872264165442		0.3777777777779066	2.5792392878656386e-05		272.0218052855009	
0.38888888888880047	0.0019574403765023115		267.58011785341074		0.3888888888890215	2.595480815728786e-05		280.03865985315826	
0.39999999999990904	0.0020147225064906732		275.2737144215403		0.4000000000001364	2.6119912694525648e-05		288.04255366417135	
0.4111111111110176	0.0020685563180191176		282.96741459306793		0.4111111111112513	2.6471881052357107e-05		296.0341131469499	
0.4222222222221262	0.0021194445579978028		290.66074007637695		0.4222222222223662	2.719108104589867e-05		304.01749675808634	
0.43333333333323476	0.002168200104605839		298.35336531102416		0.4333333333334811	2.8409890253867622e-05		311.99986877768544	
0.4444444444443434	0.002215849979522193		306.04513506603564		0.444444444444596	3.0176029592515877e-05		319.9892742619592	
0.45555555555545196	0.002263518356485478		313.73606796274817		0.4555555555557109	3.244284353890585e-05		327.99202561001636	
0.46666666666656054	0.0023122996191152555		321.42634369507255		0.4666666666668258	3.508875515527434e-05		336.011250201554	
0.4777777777776691	0.0023631355198183253		329.11627325389935		0.4777777777779407	3.795040169245323e-05		344.04707009033484	
0.4888888888887777	0.002416711761352328		336.8062543634309		0.48888888888905563	4.0852997683791716e-05		352.097644342674	
0.49999999999988626	0.002473387764745822		344.49671768208145		0.5000000000001705	4.363122767891532e-05		360.1602085430075	
0.5111111111109948	0.002533168754990991		352.1880717688		0.5111111111112854	4.614164601571167e-05		368.2317515632956	
0.5222222222221035	0.002595722507161393		359.88065525869536		0.5222222222224003	4.8269768155549275e-05		376.3093446974314	
0.533333333333212	0.0026604359421727435		367.57470287618276		0.5333333333335152	4.993438554618422e-05		384.3902508822546	
0.5444444444443206	0.002726501120381383		375.27032857955453		0.5444444444446301	5.1090489250193154e-05		392.47192616160055	
0.5555555555554292	0.0027930172118606775		382.9675255570676		0.555555555555745	5.1731353986649844e-05		400.55198609672476	
0.5666666666665378	0.002859094825686703		390.66618010299914		0.5666666666668599	5.188982211424978e-05		408.6281826512225	
0.5777777777776464	0.0029239509289629094		398.36609509434794		0.5777777777779748	5.163845056327275e-05		416.6984255913472	
0.5888888888887549	0.0029869854520360463		406.06701872492954		0.5888888888890897	5.1087778166677e-05		424.76088002313213	
0.5999999999998635	0.0030478337040168247		413.7686748346977		0.6000000000002046	5.0381470175460175e-05		432.81416706162634	
0.6111111111109722	0.0031063914497253533		421.470792067704		0.6111111111113195	4.968664427471601e-05		440.8576706615185	
0.6222222222220807	0.0031628118363485396		429.17312984277123		0.6222222222224344	4.917779598393863e-05		448.8918917892396	
0.6333333333331893	0.0032174754407250537		436.8754995929829		0.6333333333335494	4.901429086915778e-05		456.91869575904855	
0.6444444444442978	0.0032709367206745672		444.5777799768555		0.6444444444446642	4.9314852671138316e-05		464.9412361039565	
0.6555555555554065	0.00332385218518199		452.2799249504113		0.6555555555557792	5.013643475968268e-05		472.96342437792373	
0.6666666666665151	0.0033768975537658732		459.9819639081035		0.666666666666894	5.146572889808459e-05		480.9890745118887	
0.6777777777776236	0.0034306827608002926		467.6839936906612		0.677777777778009	5.322693342471277e-05		489.0210872371862	
0.6888888888887322	0.0034856744529508654		475.38616313570424		0.6888888888891238	5.530203220929899e-05		497.0610112992819	
0.6999999999998407	0.0035421352267428715		483.0886518746149		0.7000000000002388	5.7555485662700215e-05		505.1090557087812	
0.7111111111109494	0.003600087066901256		490.7916459965308		0.7111111111113536	5.985624919472256e-05		513.1643931563824	
0.722222222222058	0.003659303429610984		498.495313722951		0.7222222222224685	6.209383667923912e-05		521.2255449309739	
0.7333333333331665	0.003719330678012009		506.1997841810723		0.7333333333335834	6.418834984328474e-05		529.2907158283907	
0.7444444444442752	0.003779535838117243		513.9051317357148		0.7444444444446983	6.609576343195146e-05		537.3580401686208	
0.7555555555553837	0.0038391745896755045		521.6113673303756		0.7555555555558132	6.780976228213706e-05		545.4257535939589	
0.7666666666664923	0.0038974714806990747		529.3184371871305		0.7666666666669281	6.936087424811754e-05		553.4923210426051	
0.7777777777776009	0.0039537036590883805		537.0262282879894		0.777777777778043	7.081304754318124e-05		561.5565456627822	
0.7888888888887094	0.0040072797618088424		544.7345794573093		0.7888888888891579	7.225743012963114e-05		569.6176683167987	
0.7999999999998181	0.004057806653254629		552.4432965976468		0.8000000000002728	7.380306843531172e-05		577.6754488412422	
0.8111111111109266	0.004105138124823256		560.1521706078634		0.8111111111113877	7.556466309958019e-05		585.730203799808	
0.8222222222220352	0.004149401230732197		567.8609965976531		0.8222222222225026	7.764839390349583e-05		593.7827693054659	
0.8333333333331439	0.004190997558410954		575.5695930869556		0.8333333333336175	8.013787934241013e-05		601.8343701622501	
0.8444444444442524	0.004230578452780217		583.2778198749279		0.8444444444447324	8.308300134500115e-05		609.8864082830144	
0.855555555555361	0.004268995124423852		590.9855931844313		0.8555555555558473	8.649403764097301e-05		617.9402190468123	
0.8666666666664695	0.004307226732893004		598.6928966068627		0.8666666666669622	9.034222700573535e-05		625.9968607203022	
0.8777777777775781	0.004346291890690688		606.3997864110837		0.8777777777780771	9.456614533338256e-05		634.056987222486	
0.8888888888886868	0.004387151342943965		614.1063900713078		0.888888888889192	9.908195258674537e-05		642.1208189924552	
0.8999999999997953	0.004430611420780591		621.8128974954722		0.9000000000003069	0.00010379516274113324		650.188193427566	
0.9111111111109039	0.004477238722839401		629.5195453722836		0.9111111111114218	0.00010861196101273721		658.2586607993403	
0.9222222222220124	0.004527295902510853		637.2265961371348		0.9222222222225367	0.00011344878745086733		666.3315937873476	
0.9333333333331211	0.004580706260027481		644.934314011179		0.9333333333336516	0.00011823953023964537		674.406289838841	
0.9444444444442296	0.00463705130738409		652.6429411076309		0.9444444444447665	0.00012294006740844662		682.4820568464627	
0.9555555555553382	0.0046956012389227355		660.3526765473315		0.9555555555558815	0.00012753009131072815		690.5582799920556	
0.9666666666664468	0.004755374157160356		668.063660895864		0.9666666666669963	0.00013201225079714386		698.6344706769377	
0.9777777777775554	0.004815216750075745		675.7759672268495		0.9777777777781113	0.0001364087516384121		706.7102986331067	
0.988888888888664	0.0048738973521860384		683.4895990253109		0.9888888888892261	0.00014075572700303278		714.7856072823943	
0.9999999999997725	0.0049302019984306744		691.2044942396815		1.000000000000341	0.00014509593646981113		722.8604115956765	
1.0111111111108813	0.004983024914781327		698.9205342253337		1.011111111111456	0.00014947063199602297		730.9348780286754	
1.0222222222219897	0.005031446438346677		706.637556114558		1.0222222222225708	0.00015391165812892873		739.0092878681876	
1.0333333333330983	0.00507479319035393		714.3553672145017		1.0333333333336858	0.0001584349326170756		747.0839880691422	
1.044444444444207	0.005112677129590689		722.0737602491126		1.0444444444448007	0.00016303631240194833		755.1593363407131	
1.0555555555553156	0.00514501174178298		729.7925285048339		1.0555555555559155	0.00016769048828682126		763.2356486422434	
1.066666666666424	0.005172005056134369		737.5114801309237		1.0666666666670304	0.00017235304981335232		771.3131566585853	
1.0777777777775326	0.005194130488905666		745.2304509486092		1.0777777777781452	0.00017696535051687907		779.3919804136137	
1.0888888888886412	0.005212077782295706		752.9493151461999		1.0888888888892603	0.00018146140641036503		787.4721178917262	
1.0999999999997498	0.005226687591068457		760.6679932202724		1.1000000000003751	0.0001857758456545189		795.5534505262467	
1.1111111111108585	0.005238874554946784		768.3864565267197		1.11111111111149	0.00018985189423128813		803.635761473689	
1.1222222222219669	0.005249544875581216		776.1047278946182		1.1222222222226048	0.00019364848186306948		811.7187628981623	
1.1333333333330755	0.005259515300002985		783.8228779794799		1.1333333333337199	0.00019714572163874664		819.8021287099066	
1.1444444444441841	0.005269440756668768		791.5410174028818		1.1444444444448347	0.00020034820784887186		827.8855297936507	
1.1555555555552928	0.005279757476600339		799.2592852040782		1.1555555555559496	0.00020328576865202106		835.9686692412505	
1.1666666666664014	0.00529064715044291		806.9778346271754		1.1666666666670644	0.0002060115078265958		844.051315194607	
1.1777777777775098	0.005302025590977787		814.6968176678876		1.1777777777781795	0.00020859719153667637		852.1333285983859	
1.1888888888886184	0.005313556755506916		822.4163700000893		1.1888888888892943	0.00021112629863081255		860.2146827022852	
1.199999999999727	0.00532469024483814		830.1365978378622		1.2000000000004092	0.00021368535442652833		868.2954709793468	
1.2111111111108357	0.0053347179827745676		837.8575679795588		1.211111111111524	0.00021635447312575346		876.3759007334056	
1.2222222222219443	0.0053428440513010695		845.5793018086107		1.222222222222639	0.000219198272251419		884.4562713671503	
1.2333333333330527	0.005348260794225688		853.3017735075289		1.233333333333754	0.00022225840486972		892.5369389456743	
1.2444444444441614	0.005350224289143714		861.0249122855312		1.2444444444448688	0.00022554881238941765		900.6182716439448	
1.25555555555527	0.005348122952457294		868.7486080960113		1.2555555555559836	0.00022905442468928246		908.7006028873947	
1.2666666666663786	0.005341534138946876		876.4727201458438		1.2666666666670987	0.00023273349912934405		916.784189598243	
1.2777777777774872	0.00533026488801258		884.1970874486717		1.2777777777782136	0.0002365232293546651		924.8691816922899	
1.2888888888885957	0.00531437427947858		891.9215406982198		1.2888888888893284	0.0002403478064359153		932.9556063590107	
1.2999999999997043	0.005294176105438567		899.6459147801734		1.3000000000004432	0.00024412786378282225		941.0433677035562	
1.311111111110813	0.005270221732063786		907.370061258956		1.3111111111115583	0.00024779019078916405		949.1322599755842	
1.3222222222219215	0.005243264158340281		915.0938601479345		1.3222222222226732	0.00025127670378602873		957.2219913379868	
1.3333333333330302	0.005214205432191945		922.8172302041887		1.333333333333788	0.0002545518389961735		965.3122148813372	
1.3444444444441386	0.005184030786361212		930.540136915374		1.3444444444449029	0.00025760771712211525		973.4025639562742	
1.3555555555552472	0.0051537340724643384		938.2625973210866		1.355555555556018	0.0002604665933426991		981.492689374164	
1.3666666666663558	0.005124240183341126		945.9846808977647		1.3666666666671328	0.0002631802564202417		989.5822962246705	
1.3777777777774645	0.005096330961545415		953.7065059853272		1.3777777777782476	0.00026582620916331166		997.6711778040898	
1.388888888888573	0.005070581352469687		961.4282316589795		1.3888888888893625	0.00026850069184820256		1005.7592435288246	
1.3999999999996815	0.005047312059835627		969.1500455074498		1.4000000000004775	0.00027130893030618793		1013.8465370740797	
1.4111111111107901	0.005026563602588304		976.8721483669334		1.4111111111115924	0.0002743533948059758		1021.9332408720313	
1.4222222222218988	0.005008094547707532		984.5947375404669		1.4222222222227072	0.00027772128285022125		1030.0196640770873	
1.4333333333330074	0.004991404097933478		992.317990277574		1.433333333333822	0.00028147277194034005		1038.1062134116967	
1.444444444444116	0.004975776582526939		1000.0420492296209		1.444444444444937	0.000285631688996054		1046.1933496045704	
1.4555555555552244	0.0049603431880489955		1007.7670112503906		1.455555555556052	0.00029018001443921097		1054.2815354419722	
1.466666666666333	0.0049441548173450554		1015.4929203767779		1.4666666666671668	0.00029505708780714056		1062.3711835145457	
1.4777777777774417	0.004926259421135078		1023.2197652404984		1.4777777777782817	0.0003001636374824778		1070.4626116795546	
1.4888888888885503	0.004905777439075752		1030.9474806587457		1.4888888888893965	0.00030537002357363226		1078.5560120924044	
1.499999999999659	0.00488196989324729		1038.6759528127448		1.5000000000005116	0.0003105275480457546		1086.6514363025974	
1.5111111111107673	0.004854294911945304		1046.4050272699544		1.5111111111116264	0.00031548144488760386		1094.7487956297127	
1.522222222221876	0.004822449764252905		1054.1345191080197		1.5222222222227413	0.0003200841972808359		1102.8478738191557	
1.5333333333329846	0.004786396672813214		1061.8642244964008		1.5333333333338561	0.00032420804304918394		1110.9483481709935	
1.5444444444440932	0.004746371655567057		1069.593933217554		1.5444444444449712	0.00032775580933778613		1119.0498157044735	
1.5555555555552019	0.004702876424239785		1077.3234417052831		1.555555555556086	0.0003306694731634965		1127.1518219433049	
1.5666666666663103	0.004656653996107143		1085.0525662033247		1.566666666667201	0.0003329360301518151		1135.2538910524493	
1.577777777777419	0.004608649246219187		1092.781155584672		1.5777777777783157	0.0003345903635983485		1143.3555569338369	
1.5888888888885275	0.004559956233588141		1100.5091032288306		1.5888888888894308	0.0003357148630485791		1151.4563952608391	
1.5999999999996362	0.0045117548459906774		1108.2363571647084		1.6000000000005457	0.00033643558758997646		1159.5560561862292	
1.6111111111107448	0.0044652401403295775		1115.9629275130817		1.6111111111116605	0.0003369148569467289		1167.654296586904	
1.6222222222218532	0.0044215486477926546		1123.6888901876216		1.6222222222227753	0.0003373403390847721		1175.7510093408364	
1.6333333333329618	0.0043816867149633065		1131.4143859236808		1.6333333333338904	0.00033791102948455183		1183.8462456120772	
1.6444444444440705	0.0043464664388686335		1139.1396140592137		1.6444444444450053	0.00033882098872759463		1191.9402250542018	
1.655555555555179	0.004316454678706985		1146.8648210900524		1.65555555555612	0.00034024225634302524		1200.033329005057	
1.6666666666662877	0.004291939805696489		1154.5902847742393		1.666666666667235	0.00034230884086999683		1208.1260737536284	
1.6777777777773961	0.004272919256352499		1162.3162953003864		1.67777777777835	0.0003451038953142443		1216.219064792964	
1.6888888888885047	0.0042591087654973115		1170.043135564124		1.6888888888894649	0.00034865195048226663		1224.3129376426023	
1.6999999999996134	0.00424997174618087		1177.7710627565662		1.7000000000005797	0.0003529173609014605		1232.4082945900109	
1.711111111110722	0.0042447651162454		1185.5002932075572		1.7111111111116946	0.00035780907988004334		1240.5056479172895	
1.7222222222218306	0.004242596351046124		1193.230991821152		1.7222222222228096	0.00036319082741771203		1248.605378275132	
1.733333333332939	0.0042424858941804405		1200.9632666638913		1.7333333333339245	0.0003688949552560576		1256.7077127083367	
1.7444444444440477	0.004243429279053004		1208.6971685160775		1.7444444444450393	0.0003747380158014719		1264.8127221804955	
1.7555555555551563	0.004244454208299663		1216.4326946266683		1.7555555555561542	0.00038053618366015214		1272.9203349154532	
1.766666666666265	0.004244669112336097		1224.169795595476		1.7666666666672692	0.00038611910175526186		1281.030360238342	
1.7777777777773736	0.004243301072370539		1231.9083842323746		1.777777777778384	0.00039134123644669536		1289.1425177013793	
1.788888888888482	0.004239722229421212		1239.6483453492476		1.788888888889499	0.0003960902829943979		1297.256467437606	
1.7999999999995906	0.0042334647893799825		1247.3895456454127		1.8000000000006138	0.0004002924957136366		1305.3718391638988	
1.8111111111106992	0.004224225442657411		1255.1318430793103		1.8111111111117286	0.00040391502202515484		1313.4882585393748	
1.8222222222218079	0.004211860472208422		1262.8750953292995		1.8222222222228437	0.00040696542816969573		1321.6053704388507	
1.8333333333329163	0.004196373080934061		1270.619167109805		1.8333333333339585	0.0004094886597227773		1329.7228590928262	
1.8444444444440249	0.004177894588264426		1278.363936220905		1.8444444444450734	0.00041156172139960353		1337.8404650598882	
1.8555555555551335	0.004156661175985345		1286.1092982772595		1.8555555555561882	0.00041328641630232515		1345.9579987689833	
1.8666666666662421	0.004132987838987065		1293.855170099676		1.8666666666673033	0.00041478056934088895		1354.075350050795	
1.8777777777773508	0.004107241135240165		1301.6014917745172		1.8777777777784181	0.00041616827234023615		1362.1924928272888	
1.8888888888884592	0.004079812235373104		1309.348227405597		1.888888888889533	0.0004175698124235606		1370.3094840929057	
1.8999999999995678	0.004051091641668372		1317.0953646094272		1.9000000000006478	0.00041909204901913595		1378.4264566044317	
1.9111111111106764	0.004021446771874229		1324.842912842119		1.911111111111763	0.00042082004815346784		1386.5436053200372	
1.922222222221785	0.0039912033796958655		1332.5909006942488		1.9222222222228778	0.00042281072878376036		1394.6611684945726	
1.9333333333328937	0.003960631512159912		1340.3393723433212		1.9333333333339926	0.00042508910632981997		1402.7794052380752	
1.944444444444002	0.0039299363940285825		1348.0883834037497		1.9444444444451074	0.00042764744507384645		1410.8985720129217	
1.9555555555551107	0.003899254300004983		1355.837996451955		1.9555555555562225	0.00043044729750481964		1419.0189007624288	
1.9666666666662194	0.0038686531525574997		1363.5882765209635		1.9666666666673374	0.0004334240792588135		1427.1405810485546	
1.977777777777328	0.0038381372955456346		1371.3392868498909		1.9777777777784522	0.00043649356689575553		1435.263747821579	
1.9888888888884366	0.00380765566774945		1379.091085138646		1.988888888889567	0.000439559555166081		1443.3884754740022	
1.999999999999545	0.003777112454790903		1386.8437205015541		2.000000000000682	0.00044252188150774595		1451.5147779026665	
2.0111111111106537	0.003746379240948298		1394.5972312434924		2.0111111111117967	0.00044528409954435594		1459.6426136141145	
2.0222222222217625	0.003715307710478694		1402.351643508212		2.022222222222912	0.00044776022416539123		1467.7718945427732	
2.033333333332871	0.0036837420475704006		1410.106970780195		2.033333333334027	0.00044988013942202655		1475.9024971862943	
2.0444444444439793	0.003651530334385216		1417.8632141656765		2.0444444444451415	0.0004515934261676221		1484.0342748070939	
2.055555555555088	0.003618534424521058		1425.6203633394362		2.0555555555562566	0.0004528715110483196		1492.1670696958192	
2.0666666666661966	0.0035846379524742695		1433.3783980224825		2.0666666666673716	0.00045370815593790434		1500.3007247509067	
2.0777777777773054	0.0035497523101715766		1441.1372898499562		2.0777777777784863	0.0004541183991274917		1508.4350938424818	
2.088888888888414	0.003513820566812619		1448.8970044950838		2.0888888888896013	0.0004541361320967129		1516.5700505776144	
2.0999999999995222	0.0034768194214185584		1456.6575039296174		2.100000000000716	0.00045381055411659806		1524.7054951737355	
2.111111111110631	0.0034387593571361154		1464.4187487198524		2.111111111111831	0.0004532017946097628		1532.8413592015904	
2.1222222222217395	0.003399683215028438		1472.1807002766118		2.122222222222946	0.00045237603021536314		1540.9776080093868	
2.133333333332848	0.0033596634279616988		1479.9433229950723		2.1333333333340607	0.0004514004468628136		1549.1142407149994	
2.1444444444439568	0.003318798158778401		1487.7065862343447		2.144444444445176	0.00045033840181535773		1557.2512877727916	
2.155555555555065	0.0032772065780102594		1495.470466096796		2.1555555555562904	0.0004492451213503362		1565.3888062892288	
2.166666666666174	0.0032350235011582716		1503.2349469732007		2.1666666666674055	0.0004481642231953249		1573.526873461721	
2.1777777777772824	0.003192393589187325		1511.0000228226256		2.1777777777785206	0.0004471252796550014		1581.6655787155228	
2.188888888888391	0.00314946530203417		1518.765698156692		2.188888888889635	0.000446142543169633		1589.8050152726757	
2.1999999999994997	0.0031063847856814104		1526.5319886977722		2.2000000000007502	0.0004452148511452611		1597.9452719660426	
2.211111111110608	0.003063289869139784		1534.2989216814378		2.2111111111118653	0.0004443266243978386		1606.0864260868143	
2.222222222221717	0.0030203043474229343		1542.0665357765076		2.22222222222298	0.00044344978646659704		1614.2285379249543	
2.2333333333328254	0.0029775327279567797		1549.834880602546		2.233333333334095	0.0004425463692995496		1622.3716474516489	
2.2444444444439338	0.002935055617655392		1557.6040158355586		2.2444444444452096	0.00044157153921458296		1630.5157733401334	
2.2555555555550426	0.0028929259226166642		1565.3740099078445		2.2555555555563247	0.00044047677487866425		1638.660914269777	
2.266666666666151	0.002851166018838548		1573.1449383270337		2.2666666666674398	0.00043921295121685064		1646.8070522444075	
2.27777777777726	0.002809766028232923		1580.916881660651		2.2777777777785544	0.0004377331222538609		1654.9541575016613	
2.2888888888883683	0.0027686832986457944		1588.6899232539652		2.2888888888896695	0.0004359948443922109		1663.1021945014722	
2.2999999999994767	0.0027278431404369227		1596.4641467679837		2.3000000000007845	0.0004339619335127235		1671.25112845177	
2.3111111111105855	0.0026871408180381157		1604.2396336384709		2.311111111111899	0.00043160560063376646		1679.400931843968	
2.322222222221694	0.0026464447368542902		1612.0164605639957		2.322222222223014	0.0004289049596355454		1687.5515905143548	
2.333333333332803	0.002605600708818882		1619.7946971298009		2.333333333334129	0.00042584694573730923		1695.7031088076608	
2.344444444443911	0.002564437128898682		1627.5744036647363		2.344444444445244	0.0004224257240733794		1703.8555134883193	
2.3555555555550196	0.0025227708542311313		1635.3556294116356		2.355555555556359	0.0004186417022401575		1712.0088561205755	
2.3666666666661285	0.0024804135504374178		1643.1384110691818		2.3666666666674736	0.000414500286519885		1720.163213721476	
2.377777777777237	0.002437178257381319		1650.9227717382132		2.3777777777785887	0.0004100105353929655		1728.3186875823162	
2.3888888888883457	0.0023928859289036966		1658.7087202801717		2.3888888888897037	0.00040518386279308284		1736.4754002545587	
2.399999999999454	0.0023473717160376285		1666.4962510724574		2.4000000000008184	0.00040003292536738963		1744.6334908025092	
2.4111111111105625	0.002300490788053983		1674.2853441268244		2.4111111111119334	0.0003945707930286157		1752.7931085305227	
2.4222222222216714	0.0022521235170809488		1682.075965523616		2.422222222223048	0.0003888104535046162		1760.9544054882697	
2.43333333333278	0.002202179886717676		1689.8680681072283		2.433333333334163	0.0003827646455749381		1769.1175281344485	
2.4444444444438886	0.0021506030202272405		1697.6615923863085		2.444444444445278	0.00037644596069330994		1777.2826085905338	
2.455555555554997	0.002097371757476887		1705.4564675852705		2.455555555556393	0.0003698671080807957		1785.4497559396775	
2.4666666666661055	0.0020425022405277183		1713.2526128008135		2.466666666667508	0.00036304121257870495		1793.6190480243279	
2.4777777777772143	0.0019860484951350846		1721.0499382271014		2.477777777778623	0.00035598201331329466		1801.79052417574	
2.4888888888883227	0.0019281020194515024		1728.8483464252356		2.4888888888897376	0.0003487038562101258		1809.964179275882	
2.4999999999994316	0.001868790412332221		1736.6477336256073		2.5000000000008527	0.0003412214215340684		1818.1399595107555	
2.51111111111054	0.0018082750923802896		1744.4479910648013		2.5111111111119673	0.00033354919130521927		1826.317760122338	
2.5222222222216484	0.0017467481757499122		1752.2490063713403		2.5222222222230823	0.00032570072951197		1834.4974253975552	
2.5333333333327572	0.001684428596118876		1760.0506650257585		2.5333333333341974	0.0003176879075843667		1842.6787510380768	
2.5444444444438656	0.0016215575643053625		1767.852851929725		2.544444444445312	0.0003095202461425632		1850.8614889288788	
2.5555555555549745	0.0015583934777188568		1775.6554531251059		2.555555555556427	0.0003012045520605971		1859.0453541691431	
2.566666666666083	0.0014952064010573369		1783.4583577059923		2.5666666666675417	0.0002927450030006968		1867.2300340613226	
2.5777777777771913	0.0014322722492297688		1791.2614599635112		2.577777777778657	0.0002841437719811953		1875.4151985992016	
2.5888888888883	0.0013698668113033316		1799.0646617932252		2.588888888889772	0.0002754022011468733		1883.6005118850019	
2.5999999999994086	0.0013082597603959734		1806.8678753767435		2.6000000000008865	0.00026652244084596135		1891.785643866655	
2.6111111111105174	0.0012477087990436918		1814.6710261216128		2.6111111111120016	0.0002575093838851878		1899.970281832655	
2.622222222221626	0.0011884540929115754		1822.4740558061073		2.6222222222231166	0.00024837266078615665		1908.154141226884	
2.6333333333327342	0.001130713147909879		1830.27692582911		2.6333333333342313	0.0002391284310324416		1916.3369755222855	
2.644444444443843	0.0010746762865662125		1838.079620412298		2.6444444444453463	0.00022980071245400668		1924.5185850782634	
2.6555555555549515	0.0010205028779798385		1845.882149547628		2.655555555556461	0.0002204220343091644		1932.6988250553104	
2.6666666666660603	0.0009683184700590766		1853.684551435219		2.666666666667576	0.00021103327226687166		1940.8776125293177	
2.6777777777771687	0.0009182129603357694		1861.4868941252803		2.677777777778691	0.00020168261508057115		1949.0549329082191	
2.688888888888277	0.000870239919175453		1869.289276073646		2.6888888888898057	0.0001924237117947226		1957.2308455949915	
2.699999999999386	0.0008244171434591386		1877.0918253533232		2.7000000000009208	0.00018331314361752027		1965.4054885772186	
2.7111111111104944	0.0007807284677437679		1884.8946973393824		2.711111111112036	0.00017440744584206513		1973.5790812959003	
2.7222222222216033	0.0007391267938082067		1892.6980707991727		2.7222222222231505	0.00016575996314312287		1981.7519248273572	
2.7333333333327117	0.0006995382220073963		1900.5021424626868		2.7333333333342655	0.0001574178480491749		1989.9243982011492	
2.74444444444382	0.000661867086324976		1908.3071202987505		2.74444444444538	0.0001494195010054003		1998.0969496858208	
2.755555555554929	0.0006260016197780781		1916.1132158563341		2.7555555555564952	0.00014179269833496723		2006.2700821955702	
2.7666666666660373	0.0005918199194853438		1923.9206361223537		2.7666666666676103	0.00013455356477826318		2014.4443326362743	
2.777777777777146	0.0005591958516438857		1931.7295753812537		2.777777777778725	0.00012770643169445557		2022.620245951609	
2.7888888888882546	0.0005280045425522383		1939.5402075330624		2.78888888888984	0.0001212445005790748		2030.7983456745258	
2.799999999999363	0.0004981271439207569		1947.352679245593		2.800000000000955	0.0001151511296668971		2038.9791036898405	
2.811111111110472	0.00046945463445544636		1955.1671042033015		2.8111111111120697	0.00010940150276212484		2047.1629124282729	
2.8222222222215803	0.00044189051566657933		1962.9835585960354		2.8222222222231848	0.00010396443777536107		2055.3500626853543	
2.833333333332689	0.000415352365741643		1970.802077888625		2.8333333333342994	9.880414541305333e-05		2063.54072967072	
2.8444444444437975	0.00038977231824317685		1978.622654842794		2.8444444444454144	9.38818371929718e-05		2071.734968854855	
2.855555555554906	0.0003650966208415946		1986.4452387310532		2.8555555555565295	8.915717694142492e-05		2079.932721885314	
2.8666666666660148	0.0003412844944571651		1994.2697356826234		2.866666666667644	8.458964107366999e-05		2088.13383151396	
2.877777777777123	0.0003183065495391335		2002.096010121059		2.877777777778759	8.013987973138713e-05		2096.338063318811	
2.888888888888232	0.0002961430216070298		2009.9238872758153		2.888888888889874	7.577114854226278e-05		2104.5451311874594	
2.8999999999993404	0.0002747820636932065		2017.7531567605834		2.900000000000989	7.145082079839799e-05		2112.754723160989	
2.911111111110449	0.0002542182830158534		2025.5835772002654		2.911111111112104	6.715191449326366e-05		2120.966524335657	
2.9222222222215577	0.00023445163982681427		2033.4148818547767		2.9222222222232186	6.285450269043754e-05		2129.180233997872	
2.933333333332666	0.00021548674687830302		2041.2467851395927		2.9333333333343337	5.85468384579704e-05		2137.395574844404	
2.944444444443775	0.00019733252869267372		2049.078989896983		2.9444444444454487	5.422602626367912e-05		2145.6122927815977	
2.9555555555548834	0.00018000213133288705		2056.911195250354		2.9555555555565634	4.98981088788564e-05		2153.8301461721294	
2.9666666666659918	0.00016351292485948472		2064.743104900765		2.9666666666676784	4.5577503488678424e-05		2162.0488833061722	
2.9777777777771006	0.0001478864184898676		2072.5744358187785		2.977777777778793	4.128580070883602e-05		2170.2682061277997	
2.988888888888209	0.0001331479150812964		2080.4049274564577		2.988888888889908	3.705002418421078e-05		2178.487716572116	
2.999999999999318	0.00011932576508199906		2088.23435184774		3.000000000001023	3.2900528234958406e-05		2186.7068386757555	
3.0111111111104263	0.00010645013490296941		2096.0625252474188		3.011111111112138	2.8868782828826985e-05		2194.9247035300073	
3.0222222222215347	9.455127261035781e-05		2103.8893221974354		3.022222222223253	2.498536090197438e-05		2203.139971872224	
3.0333333333326435	8.365732589326923e-05		2111.7146929282717		3.033333333334368	2.1278515200000414e-05		2211.3505427812333	
3.044444444443752	7.379183499611346e-05		2119.538684466821		3.0444444444454826	1.777385041379583e-05		2219.5530370353777	
3.055555555554861	6.497107969279697e-05		2127.361464162866		3.0555555555565976	1.4495883686531476e-05		2227.74179989805	
3.066666666665969	5.720149840020621e-05		2135.1833408048587		3.0666666666677123	1.1473123531554452e-05		2235.9068086994816	
3.0777777777770776	5.0477412345241514e-05		2143.004772540294		3.0777777777788273	8.750898036018147e-06		2244.0289925915604	
3.0888888888881865	4.477926836859244e-05		2150.8263433860016		3.0888888888899424	6.424020114800735e-06		2252.0700819838016	
3.099999999999295	4.007254857302093e-05		2158.6486857970667		3.100000000001057	4.7150340233336954e-06		2259.9617130105535	
3.1111111111104037	3.630738192865431e-05		2166.4723351708417		3.111111111112172	4.030497870569576e-06		2267.677253153518	
3.122222222221512	3.341876680182013e-05		2174.2975333174027		3.122222222223287	4.505208195560858e-06		2275.4173925678097	
3.1333333333326205	3.132726068392607e-05		2182.124046949842		3.133333333334402	5.615727763686249e-06		2283.336089613	
3.1444444444437294	2.9940099411992667e-05		2189.95109905734		3.144444444445517	6.872872917306387e-06		2291.381508887685	
3.155555555554838	2.9152928640553162e-05		2197.7774780062546		3.1555555555566315	8.049954782733697e-06		2299.49124637234	
3.1666666666659467	2.8852448503476238e-05		2205.601791002836		3.1666666666677465	9.046217095349648e-06		2307.632366450885	
3.177777777777055	2.892010591866019e-05		2213.4227407039148		3.1777777777788616	9.810577416803801e-06		2315.788263237173	
3.1888888888881635	2.9236616994174796e-05		2221.2393041429928		3.1888888888899762	1.0315740515406697e-05		2323.9497933235443	
3.1999999999992723	2.9686848469453916e-05		2229.0507705614646		3.2000000000010913	1.0550218898257592e-05		2332.1112089452754	
3.2111111111103807	3.0164577993541847e-05		2236.856672324585		3.211111111112206	1.0516415731933376e-05		2340.2682251247397	
3.2222222222214896	3.057679981101236e-05		2244.6566706534245		3.222222222223321	1.0230824508824498e-05		2348.4169573044433	
3.233333333332598	3.0847394763120574e-05		2252.450443683538		3.233333333334436	9.725013319537252e-06		2356.553202168325	
3.2444444444437064	3.092007261604457e-05		2260.2375990061314		3.2444444444455507	9.047023345789616e-06		2364.6718613213225	
3.2555555555548152	3.0760528534614956e-05		2268.017615666612		3.2555555555566658	8.263118216394671e-06		2372.766552253266	
3.2666666666659236	3.0357759234348128e-05		2275.7898153202914		3.266666666667781	7.45938319617291e-06		2380.8298731512855	
3.2777777777770325	2.972446616366486e-05		2283.553365814021		3.2777777777788955	6.740467536857641e-06		2388.8555825993585	
3.288888888888141	2.88964200794512e-05		2291.3073293268276		3.2888888888900105	6.217671391693217e-06		2396.8443719159905	
3.2999999999992493	2.7930549896192568e-05		2299.050778109259		3.300000000001125	5.976137955269991e-06		2404.8113105924313	
3.311111111110358	2.6901338702088612e-05		2306.78300781226		3.31111111111224	6.0307510063073055e-06		2412.7845863198836	
3.3222222222214666	2.5894919708793904e-05		2314.503867927944		3.3222222222233553	6.314120128529588e-06		2420.79026355579	
3.3333333333325754	2.5000280721969007e-05		2322.21417943577		3.33333333333447	6.715489724657885e-06		2428.8397691384444	
3.344444444443684	2.429761791849588e-05		2329.916109778655		3.344444444445585	7.128895269217898e-06		2436.9320442146773	
3.3555555555547922	2.384545745753737e-05		2337.613270079407		3.3555555555567	7.476743792635529e-06		2445.0612587831793	
3.366666666665901	2.3670181476418815e-05		2345.310318311832		3.3666666666678147	7.713175355392935e-06		2453.2216355821097	
3.3777777777770095	2.3762267873852373e-05		2353.012095907111		3.3777777777789297	7.820181619461308e-06		2461.4090054538087	
3.3888888888881183	2.4081260018517604e-05		2360.722653258311		3.3888888888900444	7.802694831214816e-06		2469.6208155062423	
3.3999999999992268	2.456731100942131e-05		2368.4446055760104		3.4000000000011594	7.683904774261257e-06		2477.8555821947216	
3.411111111110335	2.515444608905739e-05		2376.179008028756		3.4111111111122745	7.5002971070100515e-06		2486.112095117412	
3.422222222221444	2.5781254842790485e-05		2383.9256214540583		3.422222222223389	7.295506648397747e-06		2494.3884410690894	
3.4333333333325524	2.6397183472613816e-05		2391.6833201062345		3.433333333334504	7.112366776167024e-06		2502.681016782088	
3.4444444444436613	2.696473887987253e-05		2399.450460796499		3.4444444444456193	6.9836996899396354e-06		2510.983981948229	
3.4555555555547697	2.745886465959489e-05		2407.225146716948		3.455555555556734	6.924322040414036e-06		2519.2897097246646	
3.466666666665878	2.7864809249310168e-05		2415.0053927350054		3.466666666667849	6.927868253625682e-06		2527.590282544394	
3.477777777776987	2.8175511884120886e-05		2422.7892242499065		3.4777777777789636	6.970322965474835e-06		2535.879216537672	
3.4888888888880953	2.8389189098911855e-05		2430.574740123037		3.4888888888900786	7.018411504856055e-06		2544.152392818737	
3.499999999999204	2.8507505717120226e-05		2438.360159997892		3.5000000000011937	7.038814460343073e-06		2552.4079083133865	
3.5111111111103126	2.8534463407395412e-05		2446.1438665304195		3.5111111111123083	7.005139535603057e-06		2560.645304551472	
3.522222222221421	2.8475931129150757e-05		2453.924446499328		3.5222222222234234	6.9017958857590854e-06		2568.8647399832857	
3.53333333333253	2.8339583051147436e-05		2461.700731361291		3.5333333333345385	6.725325609927839e-06		2577.0663995003556	
3.5444444444436383	2.8134917839659844e-05		2469.4718362809867		3.544444444445653	6.484050594910411e-06		2585.2502038106595	
3.555555555554747	2.7873023488487494e-05		2477.2371954829596		3.555555555556768	6.196641210701403e-06		2593.4158112855484	
3.5666666666658555	2.756582911947198e-05		2484.996589872043		3.566666666667883	5.889830438651846e-06		2601.562930356782	
3.577777777776964	2.72247408305634e-05		2492.750160197823		3.577777777778998	5.595145460006672e-06		2609.6919779782797	
3.588888888888073	2.685876722042967e-05		2500.498396824958		3.588888888890113	5.3443506363593166e-06		2617.805011056947	
3.599999999999181	2.647245533641029e-05		2508.2420975545897		3.6000000000012276	5.163613995434754e-06		2625.906541138274	
3.6111111111102896	2.6064113994957838e-05		2515.9822897233007		3.6111111111123426	5.06751225540187e-06		2634.0035054392656	
3.6222222222213984	2.5624831655893817e-05		2523.7201217042193		3.6222222222234572	5.055266661837192e-06		2642.1038990235966	
3.633333333332507	2.5138665906785184e-05		2531.4567386807753		3.6333333333345723	5.111299200925239e-06		2650.2146101024045	
3.6444444444436157	2.458412043351178e-05		2539.1931632270084		3.6444444444456874	5.209701482208648e-06		2658.3397896419483	
3.655555555554724	2.3936723804084142e-05		2546.930199429101		3.655555555556802	5.319900526393721e-06		2666.4805549049515	
3.6666666666658325	2.317229019086201e-05		2554.6683707066013		3.666666666667917	5.410992784223268e-06		2674.6357095946073	
3.6777777777769414	2.2270343314678927e-05		2562.4078903407317		3.677777777779032	5.4540068628743586e-06		2682.80272582157	
3.6888888888880498	2.1217222953591797e-05		2570.1486546496703		3.6888888888901468	5.4227088187937395e-06		2690.978499835037	
3.6999999999991586	2.000852022048351e-05		2577.8902441293253		3.700000000001262	5.293868003462033e-06		2699.1597493103986	
3.711111111110267	1.8650643569512036e-05		2585.6319172861304		3.7111111111123765	5.047634137991792e-06		2707.343070815606	
3.7222222222213754	1.7161459074686377e-05		2593.372583529588		3.7222222222234915	4.668335839956339e-06		2715.5246383012527	
3.7333333333324843	1.557005701746213e-05		2601.1107440631017		3.7333333333346066	4.145831247704774e-06		2723.699303933218	
3.7444444444435927	1.3915769071517812e-05		2608.844394159725		3.744444444445721	3.47770869681166e-06		2731.858157099198	
3.7555555555547016	1.2246594111102406e-05		2616.5708923109914		3.7555555555568363	2.673966765101937e-06		2739.9806689883644	
3.76666666666581	1.0617165270602325e-05		2624.286837684415		3.7666666666679514	1.7744210344230855e-06		2748.0007341668434	
3.7777777777769184	9.086238066148269e-06		2631.9880935558294		3.777777777779066	9.746583331293804e-07		2755.6094794949076	
3.788888888888027	7.713249763472239e-06		2639.670307546859		3.788888888890181	1.1644182694195868e-06		2762.6193858098604	
3.7999999999991356	6.552641332119141e-06		2647.3305915566298		3.8000000000012957	2.228736499448544e-06		2770.3759541833915	
3.8111111111102445	5.643843446380636e-06		2654.970944478389		3.8111111111124107	3.4712858263550658e-06		2778.4276247080134	
3.822222222221353	4.996818704388177e-06		2662.602175022562		3.822222222223526	4.736522993344624e-06		2786.557884994295	
3.8333333333324613	4.581189763407194e-06		2670.243704154715		3.8333333333346404	5.956439503431646e-06		2794.71808075954	
3.84444444444357	4.333239321782569e-06		2677.916219799623		3.8444444444457555	7.0784180708764084e-06		2802.892592100256	
3.8555555555546785	4.181572149926104e-06		2685.6331773339034		3.8555555555568706	8.056539834825673e-06		2811.075072488903	
3.8666666666657874	4.072083312725491e-06		2693.3986415605773		3.866666666667985	8.85137744099375e-06		2819.2625582218398	
3.877777777776896	3.976971478047368e-06		2701.210012808288		3.8777777777791003	9.431398722913307e-06		2827.453560411168	
3.888888888888004	3.889103070094918e-06		2709.060778024751		3.888888888890215	9.774532824086717e-06		2835.6473243290948	
3.899999999999113	3.8093603201711506e-06		2716.941882416579		3.90000000000133	9.869428577308503e-06		2843.843503377944	
3.9111111111102215	3.7334978036216075e-06		2724.8429341182014		3.911111111112445	9.7161948709411e-06		2852.0420024862156	
3.9222222222213303	3.643629359027995e-06		2732.754293365331		3.9222222222235597	9.326517289991361e-06		2860.2428981536027	
3.9333333333324387	3.5073464681108396e-06		2740.669693295382		3.9333333333346747	8.723109117330129e-06		2868.4463948005155	
3.944444444443547	3.283764198901452e-06		2748.5885703394115		3.9444444444457893	7.938505228038289e-06		2876.6527956314912	
3.955555555554656	2.9335496841412578e-06		2756.5188830234356		3.9555555555569044	7.013250688251366e-06		2884.8624693175248	
3.9666666666657644	2.4327174923583982e-06		2764.4853296414994		3.9666666666680195	5.99357229383755e-06		2893.075782866155	
3.9777777777768732	1.8048116004689244e-06		2772.562144945456		3.977777777779134	4.928650380997442e-06		2901.2929320645876	
3.9888888888879817	1.268684682008527e-06		2780.981397054859		3.988888888890249	3.8676340351257394e-06		2909.5134798861013	
3.99999999999909	1.5419536533573587e-06		2789.7152991719718		4.000000000001364	2.8565931544210082e-06		2917.7349994658966	
4.011111111110199	2.6913858612935355e-06		2797.9940203861543		4.011111111112479	1.9358348170890153e-06		2925.948506060008	
4.022222222221307	4.2351462391961915e-06		2805.997788736826		4.0222222222235935	1.1395559704472207e-06		2934.1187631846988	
4.033333333332416	5.9948418267382355e-06		2813.904485958319		4.033333333334709	5.15935277175015e-07		2942.052402316507	
4.044444444443525	7.885135737709772e-06		2821.7689035909557		4.044444444445824	3.5577095805883157e-07		2949.0279624870764	
4.055555555554633	9.836444910595773e-06		2829.6110218985373		4.055555555556938	7.05057071272098e-07		2956.772096999667	
4.066666666665742	1.1781318699030228e-05		2837.439718997564		4.066666666668054	1.0951104234208614e-06		2965.0094840730058	
4.07777777777685	1.3653165564417708e-05		2845.2595627339165		4.077777777779168	1.5029649037720387e-06		2973.350898102049	
4.088888888887959	1.538797693343639e-05		2853.0731705174167		4.088888888890283	1.962278841411872e-06		2981.714090942509	
4.099999999999068	1.6926847608139804e-05		2860.882168993534		4.1000000000013985	2.4910335148954406e-06		2990.0678640382725	
4.111111111110176	1.82185660056177e-05		2868.6876348865308		4.111111111112513	3.083624688023254e-06		2998.4012272521973	
4.122222222221285	1.9221941381355793e-05		2876.490317840483		4.122222222223628	3.717053242694216e-06		3006.7134565153024	
4.133333333332393	1.9907674452641716e-05		2884.2907619565112		4.133333333334743	4.359634226132251e-06		3015.0079461799055	
4.144444444443502	2.0259647649646132e-05		2892.0893761051593		4.144444444445858	4.977834891620336e-06		3023.2889725754003	
4.155555555554611	2.0275560558959983e-05		2899.886476221683		4.1555555555569725	5.540829584634652e-06		3031.560417736466	
4.166666666665719	1.9966878980051906e-05		2907.682310847375		4.166666666668087	6.023372278338521e-06		3039.8254299536475	
4.177777777776828	1.9358105954108676e-05		2915.4770752795225		4.177777777779203	6.407458767942512e-06		3048.0864221088727	
4.188888888887936	1.8485420271556112e-05		2923.2709163046925		4.188888888890317	6.683010363943006e-06		3056.345146007943	
4.1999999999990445	1.739476132714077e-05		2931.063927042413		4.200000000001432	6.847688229373551e-06		3064.6027485977284	
4.211111111110154	1.6139467622132815e-05		2938.856129135124		4.211111111112547	6.905929299410417e-06		3072.859785453171	
4.222222222221262	1.47775989938218e-05		2946.647437046772		4.222222222223662	6.867344249741896e-06		3081.1161950382043	
4.233333333332371	1.3369090064233891e-05		2954.437596838085		4.233333333334777	6.744709459041452e-06		3089.371250621312	
4.244444444443479	1.19728963576594e-05		2962.2260911039675		4.244444444445892	6.551892641453463e-06		3097.623513742602	
4.255555555554587	1.0644308830006199e-05		2970.012007460693		4.255555555557007	6.302136340138294e-06		3105.8708131848643	
4.266666666665696	9.432630695683656e-06		2977.793889984733		4.266666666668121	6.007130613357186e-06		3114.1102641417215	
4.277777777776805	8.379426129025934e-06		2985.5696455583593		4.277777777779237	5.677188445621076e-06		3122.338327569585	
4.2888888888879135	7.51752532507248e-06		2993.336662403992		4.288888888890352	5.322587733763984e-06		3130.550906435476	
4.299999999999022	6.870815760149379e-06		3001.092357544767		4.300000000001466	4.955804755505327e-06		3138.7435141225446	
4.31111111111013	6.454495685129786e-06		3008.835232112558		4.311111111112581	4.593975139753709e-06		3146.911663691627	
4.322222222221239	6.275113495066173e-06		3016.5660208943054		4.322222222223696	4.2604346336452e-06		3155.0518089292746	
4.333333333332348	6.329959441901572e-06		3024.2879967530844		4.333333333334811	3.9835614675207274e-06		3163.1632365750593	
4.3444444444434565	6.606412447941755e-06		3032.005831036708		4.344444444445926	3.7908829016851223e-06		3171.250702070355	
4.355555555554565	7.082505479525798e-06		3039.7237126881964		4.355555555557041	3.6983765417402055e-06		3179.3258964572	
4.366666666665673	7.729151636611963e-06		3047.4441045702874		4.366666666668156	3.7002063218515194e-06		3187.4049497966603	
4.377777777776782	8.513203603001988e-06		3055.1676850112726		4.37777777777927	3.767252359273835e-06		3195.5025924602537	
4.388888888887891	9.400292803572138e-06		3062.8939843017356		4.388888888890386	3.856353952983314e-06		3203.627928828839	
4.399999999998999	1.0356966199059856e-05		3070.62206984177		4.4000000000015005	3.92328156375359e-06		3211.7846831146435	
4.411111111110108	1.135210620787747e-05		3078.3509950714893		4.411111111112615	3.932666974410401e-06		3219.9739786635755	
4.422222222221216	1.235774449637543e-05		3086.080013272828		4.422222222223731	3.863665573874084e-06		3228.1970243245737	
4.433333333332325	1.334935654408106e-05		3093.8086436003005		4.433333333334845	3.7130900042225272e-06		3236.456827887684	
4.444444444443434	1.4305705376008067e-05		3101.5366632213054		4.44444444444596	3.4976083266654237e-06		3244.7589365576564	
4.455555555554542	1.5208323937940334e-05		3109.26406761031		4.455555555557075	3.2552182922983234e-06		3253.1107085175013	
4.466666666665651	1.604076781721964e-05		3116.9910184759556		4.46666666666819	3.043498930353696e-06		3261.51730710717	
4.477777777776759	1.678780739677033e-05		3124.7177874728404		4.477777777779305	2.9276199513001476e-06		3269.972964861968	
4.4888888888878675	1.743474170608167e-05		3132.444699548674		4.488888888890419	2.9523199806775816e-06		3278.454239971025	
4.499999999998977	1.796699589203787e-05		3140.172078647802		4.500000000001535	3.1141375327967333e-06		3286.930195669468	
4.511111111110085	1.837011207418802e-05		3147.9001981536035		4.511111111112649	3.3661972990894404e-06		3295.383132921647	
4.522222222221194	1.8630170782035702e-05		3155.629237775923		4.522222222223764	3.6515833642249534e-06		3303.814472873665	
4.533333333332302	1.8734604165345205e-05		3163.3592473148065		4.5333333333348795	3.933531507246925e-06		3312.2360229740825	
4.5444444444434104	1.8673299458465118e-05		3171.090116097258		4.544444444445994	4.2113600076396525e-06		3320.6608423427	
4.55555555555452	1.8439853305213758e-05		3178.82154529525		4.555555555557109	4.525877404131737e-06		3329.0970689308324	
4.566666666665628	1.803282865852282e-05		3186.5530191388016		4.566666666668224	4.952314988014932e-06		3337.5430592906846	
4.577777777776737	1.74568835876498e-05		3194.2837704770486		4.577777777779339	5.57458852731941e-06		3345.9860886507277	
4.588888888887845	1.6723678737471065e-05		3202.0127365033995		4.5888888888904535	6.448189875742993e-06		3354.4087095223163	
4.599999999998953	1.5852518435008302e-05		3209.738502483254		4.600000000001569	7.576810670664118e-06		3362.7986811587143	
4.611111111110063	1.487072814043874e-05		3217.459236908799		4.611111111112684	8.915847673099968e-06		3371.1530235860005	
4.622222222221171	1.3813799990815633e-05		3225.1726349307282		4.622222222223798	1.038971616841098e-05		3379.4752440346847	
4.6333333333322795	1.272531308140655e-05		3232.87591625441		4.633333333334913	1.1907443697449126e-05		3387.771230379451	
4.644444444443388	1.165648575762863e-05		3240.565979758644		4.644444444446028	1.3372659454354664e-05		3396.046827186719	
4.655555555554496	1.0664833845068041e-05		3248.239899001318		4.655555555557143	1.4690032294033787e-05		3404.30698731097	
4.666666666665606	9.810738236383578e-06		3255.8959850275455		4.666666666668258	1.5770262561274354e-05		3412.55570203925	
4.677777777776714	9.150167324773354e-06		3263.5354255673033		4.677777777779373	1.6534567400296518e-05		3420.7962034570096	
4.688888888887822	8.722819130733124e-06		3271.163755132127		4.688888888890488	1.69188604053294e-05		3429.0312324607053	
4.699999999998931	8.53918056778366e-06		3278.7905453904314		4.7000000000016025	1.687753708185642e-05		3437.2633220978946	
4.711111111110039	8.574757486830001e-06		3286.4264258266116		4.711111111112718	1.6386739009727872e-05		3445.4951204701565	
4.7222222222211485	8.777130153290385e-06		3294.0791982625797		4.722222222223833	1.5447088027478867e-05		3453.7298340876	
4.733333333332257	9.08140276346587e-06		3301.751896040704		4.733333333334947	1.4086193057257398e-05		3461.9719665214093	
4.744444444443365	9.424392338095246e-06		3309.4434020970075		4.744444444446063	1.236198086484633e-05		3470.228748248886	
4.755555555554474	9.752426234714301e-06		3317.150137944829		4.755555555557177	1.0369917139534779e-05		3478.513214175311	
4.766666666665582	1.0023681946813267e-05		3324.8674811990295		4.766666666668292	8.263180550443312e-06		3486.8511779156606	
4.777777777776691	1.0208024162582958e-05		3332.5905331165263		4.7777777777794075	6.311610843125584e-06		3495.294798499865	
4.7888888888878	1.0286586044403565e-05		3340.3143816773686		4.788888888890522	5.029398939866095e-06		3503.916476956876	
4.799999999998908	1.0252228059551913e-05		3348.0340895711074		4.800000000001637	5.0570639534006375e-06		3512.645632666594	
4.811111111110017	1.0111287819118985e-05		3355.7445896061135		4.811111111112751	6.270322960108765e-06		3521.2335614570934	
4.822222222221125	9.88659545775689e-06		3363.4406597587736		4.822222222223867	7.949058080541832e-06		3529.6438599136964	
4.833333333332234	9.621174930648304e-06		3371.117228291719		4.8333333333349815	9.617993733044436e-06		3537.9499080768987	
4.844444444443343	9.380837480488934e-06		3378.7703931429655		4.844444444446096	1.1050059704650916e-05		3546.1984217972913	
4.855555555554451	9.251635054413128e-06		3386.399474218164		4.855555555557212	1.2134039876857302e-05		3554.4114278615107	
4.86666666666556	9.326345641870726e-06		3394.0095379731615		4.866666666668326	1.2820493031642066e-05		3562.5989353783607	
4.877777777776668	9.678219603085306e-06		3401.612066655395		4.877777777779441	1.3103434246195475e-05		3570.765031535277	
4.888888888887777	1.033338368347311e-05		3409.221409098098		4.888888888890556	1.3013804107232589e-05		3578.9104800462637	
4.899999999998886	1.1261341276177123e-05		3416.8488773242675		4.900000000001671	1.2616595789715615e-05		3587.0339196475134	
4.911111111109994	1.2388618687505177e-05		3424.4994646793657		4.911111111112786	1.2008412361571244e-05		3595.132708797358	
4.9222222222211025	1.3621277515588667e-05		3432.1727321163708		4.922222222223901	1.1312730093566532e-05		3603.2041817199456	
4.933333333332211	1.4862366495321195e-05		3439.8653771127797		4.933333333335016	1.0668361403651936e-05		3611.248007010181	
4.94444444444332	1.6021369117585243e-05		3447.5732553280636		4.94444444444613	1.0205053938623992e-05		3619.269562888807	
4.955555555554429	1.7018556952198684e-05		3455.292377501515		4.955555555557246	1.0006073272543652e-05		3627.281963566298	
4.966666666665537	1.7787208054925086e-05		3463.019211634247		4.9666666666683605	1.0075917911888579e-05		3635.303032765865	
4.977777777776645	1.8275220968941045e-05		3470.750648606225		4.977777777779475	1.0341065549333946e-05		3643.3481102243595	
4.988888888887754	1.8446668635847626e-05		3478.483830933269		4.98888888889059	1.0685756961957624e-05		3651.4252390704596	
4.999999999998863	1.8283426122932077e-05		3486.2159233304815		5.000000000001705	1.0994327680631456e-05		3659.535910833696	
5.0111111111099715	1.7786933476307176e-05		3493.9438392863444		5.01111111111282	1.1177708034959142e-05		3667.678369024622	
5.02222222222108	1.6980258567487947e-05		3501.6639089412947		5.0222222222239346	1.118306731792472e-05		3675.8502815416423	
5.033333333332188	1.5910831835061795e-05		3509.3714726281432		5.03333333333505	1.0994020195547657e-05		3684.050048861586	
5.044444444443297	1.4654449997859748e-05		3517.0604400812645		5.044444444446165	1.062687672028821e-05		3692.2771553104144	
5.055555555554406	1.3321029640585632e-05		3524.723075466699		5.055555555557279	1.0125029511821164e-05		3700.531944705944	
5.0666666666655145	1.2060782853529089e-05		3532.350888332157		5.066666666668395	9.551451723789925e-06		3708.8149191615075	
5.077777777776623	1.1062637936905687e-05		3539.938566736355		5.0777777777795094	8.978207153615985e-06		3717.1255259603654	
5.088888888887731	1.0523605166530878e-05		3547.492249865223		5.088888888890624	8.471956744624803e-06		3725.460628329419	
5.09999999999884	1.0571870949142667e-05		3555.0356493208733		5.10000000000174	8.076824876435767e-06		3733.813519386791	
5.111111111109949	1.1190517107875191e-05		3562.600358301541		5.111111111112854	7.800773178968474e-06		3742.1747681240968	
5.122222222221057	1.2231615795514333e-05		3570.206506858113		5.122222222223969	7.614099182374002e-06		3750.535110531403	
5.133333333332166	1.3503732255558939e-05		3577.857075737121		5.1333333333350835	7.462695866575838e-06		3758.888556428713	
5.144444444443274	1.4839714508381775e-05		3585.5456439649042		5.144444444446199	7.288626251389598e-06		3767.2336743655414	
5.155555555554383	1.611724328395971e-05		3593.263865095405		5.155555555557314	7.0478415538011805e-06		3775.572957491037	
5.166666666665492	1.7255397838045575e-05		3601.004541544307		5.166666666668428	6.72031271188628e-06		3783.9114676707563	
5.1777777777766	1.8206005371659438e-05		3608.7621461215645		5.177777777779544	6.313189714697164e-06		3792.2555772347905	
5.188888888887709	1.8945890085948766e-05		3616.53251009891		5.188888888890658	5.858820879488314e-06		3800.611724192376	
5.199999999998817	1.9470724773917404e-05		3624.312382350182		5.200000000001773	5.4079108013247194e-06		3808.9845119486627	
5.2111111111099255	1.9790003664666608e-05		3632.099055707244		5.2111111111128885	5.0161156291353245e-06		3817.37363075752	
5.222222222221035	1.992273730948148e-05		3639.8900892062256		5.222222222224003	4.723211397413245e-06		3825.770722202098	
5.233333333332143	1.989376342322986e-05		3647.6831157503607		5.233333333335118	4.531501082271424e-06		3834.1597802263477	
5.244444444443252	1.9730803878204548e-05		3655.47572265982		5.244444444446233	4.398892190498566e-06		3842.522985579362	
5.25555555555436	1.94625166613552e-05		3663.26539774072		5.255555555557348	4.254713221577971e-06		3850.8469394778926	
5.2666666666654685	1.9117771103878385e-05		3671.049538427833		5.2666666666684625	4.026864621212956e-06		3859.123000777216	
5.277777777776578	1.872620653663632e-05		3678.8255264822533		5.277777777779578	3.665580481239577e-06		3867.3415564223233	
5.288888888887686	1.8319829630377477e-05		3686.5908775476432		5.288888888890693	3.163906224389033e-06		3875.481543779917	
5.299999999998795	1.7935000431135088e-05		3694.343482020136		5.300000000001807	2.5937537888346516e-06		3883.4925678963555	
5.311111111109903	1.761372478023746e-05		3702.081950257541		5.311111111112922	2.1946406060001955e-06		3891.29227595955	
5.322222222221011	1.7402869214172214e-05		3709.8060386749335		5.322222222224037	2.386167765285523e-06		3898.9499880289077	
5.333333333332121	1.735006368436543e-05		3717.5170448320146		5.333333333335152	3.259658155990944e-06		3906.754847628647	
5.344444444443229	1.7496081720508385e-05		3725.2179498513037		5.344444444446267	4.513677769118786e-06		3914.7419856384454	
5.3555555555543375	1.7865428175255728e-05		3732.9130759776763		5.355555555557382	5.909021451792854e-06		3922.8266124705538	
5.366666666665446	1.8458669351836502e-05		3740.607240392118		5.366666666668497	7.301921554996444e-06		3930.959171864241	
5.377777777776554	1.924992876753905e-05		3748.304728313333		5.377777777779611	8.589583611734359e-06		3939.116992729093	
5.388888888887664	2.019048447569807e-05		3756.0085503553714		5.388888888890727	9.689899889340836e-06		3947.2893388500197	
5.399999999998772	2.1216502427896137e-05		3763.720229937969		5.4000000000018415	1.0536828254331296e-05		3955.4707815180113	
5.41111111110988	2.2257858338329548e-05		3771.4400267086453		5.411111111112956	1.1080568356466856e-05		3963.6584321174905	
5.422222222220989	2.3245846380617297e-05		3779.1673420961383		5.422222222224072	1.1288824560605219e-05		3971.850716731505	
5.433333333332097	2.411896049627085e-05		3786.9011026035278		5.433333333335186	1.114781638499354e-05		3980.0467938949223	
5.4444444444432065	2.482683743334634e-05		3794.6400339938223		5.444444444446301	1.066250236186379e-05		3988.2462600264134	
5.455555555554315	2.5332744682499168e-05		3802.382823094299		5.455555555557416	9.855810698428642e-06		3996.4489918657487	
5.466666666665423	2.5614959597223953e-05		3810.128197187524		5.466666666668531	8.766839414779497e-06		4004.6550558594877	
5.477777777776532	2.5667262604587205e-05		3817.874954364089		5.477777777779646	7.448097396545347e-06		4012.864645149583	
5.48888888888764	2.5498666036481777e-05		3825.6219714333747		5.48888888889076	5.961937148984051e-06		4021.078005981646	
5.4999999999987494	2.5132441491117793e-05		3833.3682088323		5.500000000001876	4.376390379147243e-06		4029.295260752726	
5.511111111109858	2.4604480664552306e-05		3841.11272724861		5.5111111111129905	2.7606662847334227e-06		4037.5156646284245	
5.522222222220966	2.396101122078181e-05		3848.854727736974		5.522222222224105	1.1806747286682438e-06		4045.7311931042677	
5.533333333332075	2.3255682767175876e-05		3856.5936235300496		5.533333333335221	3.0810005728387055e-07		4057.2420405898756	
5.544444444443183	2.2546045713390868e-05		3864.329143957778		5.544444444446335	1.6534451817104445e-06		4065.4043102723926	
5.555555555554292	2.188949370214583e-05		3872.061455408227		5.55555555555745	2.828113733451057e-06		4073.6527151631126	
5.566666666665401	2.1338864818324454e-05		3879.7912613293906		5.566666666668565	3.8153001312039175e-06		4081.9169700895513	
5.577777777776509	2.0938109722870575e-05		3887.5198225186114		5.57777777777968	4.615669174530387e-06		4090.194319404995	
5.588888888887618	2.0718664826945304e-05		3895.248840943307		5.588888888890795	5.244456558196774e-06		4098.484269968676	
5.599999999998726	2.0697238855232226e-05		3902.9801932894784		5.60000000000191	5.727280120136007e-06		4106.786036060969	
5.611111111109835	2.087545721871105e-05		3910.715573963503		5.611111111113025	6.0937850663517455e-06		4115.09792961	
5.622222222220944	2.124124816054246e-05		3918.456164019328		5.622222222224139	6.369993034670661e-06		4123.417293785434	
5.633333333332052	2.177131595741734e-05		3926.202435528232		5.633333333335254	6.571234645298718e-06		4131.740918010477	
5.6444444444431605	2.2433880062434596e-05		3933.9541336353795		5.6444444444463695	6.6980257065332055e-06		4140.065850832682	
5.655555555554269	2.319112271248949e-05		3941.71040182744		5.655555555557484	6.736538349300998e-06		4148.390353355228	
5.666666666665378	2.400122870298838e-05		3949.4699761509232		5.666666666668599	6.663685198143596e-06		4156.714736341849	
5.677777777776487	2.4820225329746598e-05		3957.2313785115875		5.677777777779714	6.455514400455499e-06		4165.042070186547	
5.688888888887595	2.5603918427378496e-05		3964.9930669566047		5.688888888890829	6.097668798589635e-06		4173.379084412181	
5.699999999998703	2.6310126467411725e-05		3972.753529781994		5.7000000000019435	5.598279196731131e-06		4181.737788674867	
5.711111111109812	2.690125255211951e-05		3980.511329740489		5.711111111113059	5.006618339867173e-06		4190.138043756089	
5.722222222220921	2.734708801602584e-05		3988.2651138704446		5.722222222224174	4.443124706705986e-06		4198.6080572514475	
5.7333333333320295	2.762764203355873e-05		3996.0136071412953		5.733333333335288	4.129613870261649e-06		4207.1664646371	
5.744444444443138	2.7735730916903748e-05		4003.7556081441967		5.744444444446404	4.3270453395106665e-06		4215.7690707287875	
5.755555555554246	2.767901301786496e-05		4011.4900049890457		5.755555555557518	5.1159729083663725e-06		4224.315131234993	
5.766666666665355	2.748109401371058e-05		4019.215829918519		5.766666666668633	6.341162653031195e-06		4232.758452458802	
5.777777777776464	2.7181241377630746e-05		4026.9323698076278		5.777777777779748	7.796703857226095e-06		4241.1164422325	
5.7888888888875725	2.6832163096543276e-05		4034.6393412709967		5.788888888890863	9.322550673003914e-06		4249.4166423058405	
5.799999999998681	2.6495324390716105e-05		4042.337115709366		5.800000000001978	1.0802572288559943e-05		4257.678284229203	
5.811111111109789	2.623358663861356e-05		4050.0269373093715		5.811111111113092	1.2149974131096491e-05		4265.912866850724	
5.822222222220898	2.6101746571322615e-05		4057.7110296421624		5.822222222224208	1.3299766462358184e-05		4274.127036180581	
5.833333333332007	2.6136757407108347e-05		4065.3924761232443		5.833333333335323	1.4206340918628628e-05		4282.324542277453	
5.844444444443115	2.6350401116271288e-05		4073.0748325293343		5.844444444446437	1.4843282006383094e-05		4290.50734367169	
5.855555555554224	2.6726992523805007e-05		4080.7615714926033		5.855555555557553	1.520382486978922e-05		4298.676218176035	
5.866666666665332	2.7226986516950466e-05		4088.4555661706895		5.866666666668667	1.5301156340774993e-05		4306.831123729587	
5.877777777776441	2.7795088673293792e-05		4096.158794542978		5.877777777779782	1.5168090183402946e-05		4314.971462983617	
5.88888888888755	2.8370135333627305e-05		4103.872311653811		5.8888888888908975	1.4855696464243347e-05		4323.096367392948	
5.899999999998658	2.889419916580548e-05		4111.596411405796		5.900000000002012	1.443030566660793e-05		4331.205104396554	
5.911111111109767	2.9319468917373445e-05		4119.330858461127		5.911111111113127	1.3968042228289458e-05		4339.297681442672	
5.922222222220875	2.961253293548555e-05		4127.075099953459		5.922222222224242	1.3545997597788899e-05		4347.375607302014	
5.9333333333319835	2.97563187217125e-05		4134.828415272062		5.933333333335357	1.3230018168737062e-05		4355.442532531939	
5.944444444443093	2.9750138775824408e-05		4142.589997829563		5.9444444444464715	1.3061417236986144e-05		4363.504259348028	
5.955555555554201	2.9608269276850074e-05		4150.358979883906		5.955555555557586	1.3047658719929118e-05		4371.567758227547	
5.96666666666531	2.9357408656480587e-05		4158.13441696784		5.966666666668702	1.3162017539770633e-05		4379.639514881818	
5.977777777776418	2.9033312010494326e-05		4165.915249810233		5.977777777779816	1.3352738968673774e-05		4387.724130450946	
5.9888888888875265	2.867690053001032e-05		4173.700262904255		5.988888888890931	1.355695121983914e-05		4395.823857619814	
5.999999999998636	2.8330194680787328e-05		4181.488060465461		6.000000000002046	1.3713420015962657e-05		4403.938989750548	
6.011111111109744	2.8032482165959532e-05		4189.277079959582		6.011111111113161	1.377096930121238e-05		4412.068589770231	
6.022222222220853	2.781715147397618e-05		4197.065657086704		6.022222222224276	1.3692453977171226e-05		4420.211145083056	
6.033333333331961	2.7709539650580748e-05		4204.852142314042		6.033333333335391	1.3455569654766593e-05		4428.365000479574	
6.044444444443069	2.772593433066915e-05		4212.63505070854		6.044444444446506	1.305184163951528e-05		4436.528589343875	
6.055555555554179	2.7873584183335633e-05		4220.413211646832		6.05555555555762	1.2484728204700007e-05		4444.700532942023	
6.066666666665287	2.815132757251935e-05		4228.185881041592		6.066666666668736	1.1767387190417351e-05		4452.879669537117	
6.0777777777763955	2.8550369409769592e-05		4235.952788604492		6.0777777777798505	1.09204065354541e-05		4461.065054175809	
6.088888888887504	2.9054863286099446e-05		4243.714111603562		6.088888888890965	9.969660788633245e-06		4469.255953233093	
6.099999999998612	2.9642219191162764e-05		4251.470386119525		6.10000000000208	8.944379385602348e-06		4477.451848143597	
6.111111111109722	3.0283319193470562e-05		4259.222380054459		6.111111111113195	7.875466526652625e-06		4485.652459068334	
6.12222222222083	3.094296540626048e-05		4266.970956305977		6.12222222222431	6.79408135327874e-06		4493.857800434659	
6.133333333331938	3.158086501935212e-05		4274.716950503553		6.1333333333354245	5.73046549322245e-06		4502.068286483078	
6.144444444443047	3.215331519921386e-05		4282.461078625253		6.14444444444654	4.712992330235218e-06		4510.284917865429	
6.155555555554155	3.261556563598968e-05		4290.203879505898		6.155555555557655	3.7674088188846295e-06		4518.509602632076	
6.1666666666652645	3.292468021820439e-05		4297.945688934252		6.166666666668769	2.916243534702807e-06		4526.745694275401	
6.177777777776373	3.304262840591094e-05		4305.686637403033		6.177777777779885	2.1783483662724e-06		4534.998823928592	
6.188888888887481	3.293931236708942e-05		4313.4266626420285		6.188888888890999	1.5684605189951466e-06		4543.277815229221	
6.19999999999859	3.259525839811072e-05		4321.1655298098585		6.200000000002114	1.0962785988479897e-06		4551.593814113149	
6.211111111109698	3.2003746782651165e-05		4328.90285542932		6.2111111111132296	7.633320631544922e-07		4559.949991317946	
6.2222222222208075	3.1172203994687725e-05		4336.638134994722		6.222222222224344	5.553743856969355e-07		4568.309075172079	
6.233333333331916	3.0122722657428365e-05		4344.370778347763		6.233333333335459	4.3968029628941903e-07		4576.564051468003	
6.244444444443024	2.8891600974099022e-05		4352.100161376979		6.244444444446574	3.946916217889686e-07		4584.5957125712675	
6.255555555554133	2.7527802562772027e-05		4359.825707004411		6.255555555557689	4.4623583713947604e-07		4592.443592905256	
6.266666666665241	2.60902371359248e-05		4367.547011159215		6.266666666668804	6.184332408711384e-07		4600.33009691032	
6.27777777777635	2.4643780038468108e-05		4375.264026300101		6.277777777779918	8.882676086499421e-07		4608.330633773172	
6.288888888887459	2.3254047606841088e-05		4382.977298703237		6.288888888891034	1.2240944668006722e-06		4616.400491961338	
6.299999999998567	2.1981223835392094e-05		4390.688219096063		6.300000000002148	1.6023454574549362e-06		4624.502457580412	
6.311111111109676	2.087376180439059e-05		4398.399193950712		6.311111111113263	2.005517767959361e-06		4632.618187420978	
6.322222222220784	1.9963440163892475e-05		4406.113608808998		6.3222222222243785	2.420335747073435e-06		4640.739331523014	
6.333333333331893	1.926357718848204e-05		4413.835488860978		6.333333333335493	2.8369745586669774e-06		4648.862336328149	
6.344444444443002	1.877157215626099e-05		4421.568886335318		6.344444444446608	3.248422459274456e-06		4656.986107624662	
6.35555555555411	1.847524754564075e-05		4429.317167684368		6.355555555557723	3.649626409923002e-06		4665.110932775254	
6.3666666666652185	1.8360584577781924e-05		4437.0824184424455		6.366666666668838	4.0364359933393295e-06		4673.237913217154	
6.377777777776327	1.8417645259405288e-05		4444.865103018811		6.3777777777799525	4.404554066047655e-06		4681.368603340283	
6.388888888887436	1.8642264366414196e-05		4452.664007380631		6.388888888891068	4.748773425427481e-06		4689.504745863434	
6.399999999998545	1.9032950002729864e-05		4460.476443440987		6.400000000002183	5.0627366676312885e-06		4697.648074595555	
6.411111111109653	1.958443393266512e-05		4468.298684832146		6.411111111113297	5.339325826541756e-06		4705.800180222549	
6.4222222222207614	2.0280639662087674e-05		4476.126564903721		6.422222222224412	5.5716204436098085e-06		4713.962430941625	
6.43333333333187	2.1089909154316864e-05		4483.956095741658		6.433333333335527	5.754211410062773e-06		4722.135925804506	
6.444444444442979	2.196413122122951e-05		4491.783937545904		6.444444444446642	5.884553627810788e-06		4730.321446845283	
6.4555555555540876	2.2841700326166223e-05		4499.6076126814405		6.455555555557757	5.963986034984125e-06		4738.519372817961	
6.466666666665196	2.365301244005281e-05		4507.425473686053		6.466666666668872	5.998037782602692e-06		4746.729526345224	
6.477777777776304	2.4326925244575157e-05		4515.236514699076		6.477777777779987	5.9956899465247824e-06		4754.950952179677	
6.488888888887413	2.4797004122450262e-05		4523.040126180492		6.488888888891101	5.967426156953503e-06		4763.181670059968	
6.499999999998522	2.5006939727785168e-05		4530.835858294778		6.500000000002217	5.922249233434584e-06		4771.418498865562	
6.5111111111096305	2.491495024524475e-05		4538.623217063761		6.5111111111133315	5.864351525004248e-06		4779.65706693283	
6.522222222220739	2.449721817667296e-05		4546.401489290427		6.522222222224446	5.790598452519959e-06		4787.892051524679	
6.533333333331847	2.37505250082245e-05		4554.1695794990055		6.533333333335562	5.690067301801352e-06		4796.117529121574	
6.544444444442956	2.2694312350032805e-05		4561.925841144216		6.544444444446676	5.546415069274253e-06		4804.327168218584	
6.555555555554065	2.1372449038508638e-05		4569.667895516086		6.555555555557791	5.343172344568277e-06		4812.513976099931	
6.566666666665173	1.985498345762618e-05		4577.3924671366685		6.566666666668906	5.071830038437596e-06		4820.669439978701	
6.577777777776282	1.8239925579396817e-05		4585.095357135581		6.577777777780021	4.743176634036085e-06		4828.782217896764	
6.58888888888739	1.66541279144505e-05		4592.771881383813		6.588888888891136	4.403096158047537e-06		4836.837592383346	
6.599999999998499	1.5249665360156088e-05		4600.418411557183		6.60000000000225	4.150807816259128e-06		4844.822252045164	
6.611111111109608	1.418748114645688e-05		4608.035635565024		6.611111111113366	4.138607964112069e-06		4852.742370315938	
6.622222222220716	1.3598973548735515e-05		4615.632494563171		6.62222222222448	4.5077886623194915e-06		4860.64290462852	
6.633333333331825	1.3533263449004767e-05		4623.226393214174		6.633333333335595	5.2887081270917695e-06		4868.5814548471135	
6.644444444442933	1.3929086170229669e-05		4630.836328369114		6.644444444446711	6.39794206783985e-06		4876.581831630345	
6.6555555555540415	1.4642475384348575e-05		4638.474404996257		6.655555555557825	7.715247302474177e-06		4884.636717960843	
6.666666666665151	1.5505282621297443e-05		4646.14363408375		6.66666666666894	9.12964848745016e-06		4892.730921224908	
6.677777777776259	1.636961728991042e-05		4653.841207982989		6.677777777780055	1.0547047946586025e-05		4900.851904236174	
6.688888888887368	1.71249910131874e-05		4661.562251435419		6.68888888889117	1.188748474837077e-05		4908.991127611266	
6.699999999998476	1.769860723538842e-05		4669.3018896302465		6.700000000002285	1.3083103370031249e-05		4917.143045765828	
6.7111111111095845	1.8049730906055087e-05		4677.055943214071		6.7111111111134	1.4078027022428338e-05		4925.304046762486	
6.722222222220694	1.8163237526151206e-05		4684.8209662182		6.722222222224515	1.4829300595747947e-05		4933.471711606246	
6.733333333331802	1.8043814476844733e-05		4692.594056807089		6.733333333335629	1.5308088784861905e-05		4941.644335279563	
6.744444444442911	1.771099076213683e-05		4700.372620951033		6.744444444446745	1.5500586134934954e-05		4949.820609657466	
6.755555555554019	1.719492480969467e-05		4708.154148842769		6.7555555555578595	1.5408315002547574e-05		4957.999393474807	
6.766666666665127	1.6532960172079293e-05		4715.936021062496		6.766666666668974	1.5047653794935425e-05		4966.179518468328	
6.777777777776237	1.576708715199179e-05		4723.715354776437		6.777777777780089	1.4448583838154264e-05		4974.359595483754	
6.788888888887345	1.4942518836424312e-05		4731.488912275719		6.788888888891204	1.3652795012080001e-05		4982.5377931954545	
6.7999999999984535	1.410753048725358e-05		4739.25312188652		6.800000000002319	1.271146570012788e-05		4990.711571928978	
6.811111111109562	1.3314424374132211e-05		4747.004305751776		6.8111111111134335	1.1683234063341745e-05		4998.877378922123	
6.82222222222067	1.2620841128630537e-05		4754.739255866924		6.822222222224549	1.0633057035436825e-05		5007.03037835207	
6.83333333333178	1.2089613095795736e-05		4762.456276225741		6.833333333335664	9.632607155765241e-06		5015.16445986792	
6.844444444442888	1.178444682047258e-05		4770.156548678464		6.844444444446778	8.762006070262435e-06		5023.273117105775	
6.855555555553996	1.1759530943787392e-05		4777.845088067582		6.855555555557894	8.109988476157993e-06		5031.35216225503	
6.866666666665105	1.2045388668178287e-05		4785.530134027919		6.866666666669008	7.765155124731582e-06		5039.404525990563	
6.877777777776213	1.2638605828348708e-05		4793.220660791048		6.877777777780123	7.791666932142883e-06		5047.443756028933	
6.8888888888873225	1.3502381536589136e-05		4800.92349147656		6.8888888888912385	8.199844209558302e-06		5055.489822395312	
6.899999999998431	1.4576819891379189e-05		4808.6419267152105		6.900000000002353	8.939049373405314e-06		5063.558508639574	
6.911111111109539	1.579179881823904e-05		4816.376199896797		6.911111111113468	9.9192946682294e-06		5071.655350181496	
6.922222222220648	1.7076793264790366e-05		4824.124728287019		6.922222222224582	1.1037601454238262e-05		5079.777962724611	
6.933333333331756	1.836651227984571e-05		4831.885220385072		6.933333333335698	1.2192121993667368e-05		5087.920891167833	
6.9444444444428655	1.9603627341904812e-05		4839.655335435977		6.9444444444468125	1.3286247401346632e-05		5096.078691481393	
6.955555555553974	2.0740022132298376e-05		4847.43297114069		6.955555555557927	1.4229593284305846e-05		5104.247058131329	
6.966666666665082	2.1737393357057334e-05		4855.216334772874		6.966666666669043	1.4939450796502168e-05		5112.422967732567	
6.977777777776191	2.2567526230061743e-05		4863.003913095756		6.977777777780157	1.534344354311609e-05		5120.604508023073	
6.988888888887299	2.321231199900705e-05		4870.794405205388		6.988888888891272	1.5383014282225266e-05		5128.790686999582	
6.999999999998408	2.366349209318987e-05		4878.586648582783		7.000000000002387	1.5017150241487507e-05		5136.98133495645	
7.011111111109517	2.3922117344276652e-05		4886.379551092947		7.011111111113502	1.4225859074392825e-05		5145.177165686983	
7.022222222220625	2.399774809458196e-05		4894.172034130776		7.022222222224617	1.3013137052469556e-05		5153.380109505315	
7.033333333331734	2.3907463545738893e-05		4901.962989880223		7.033333333335732	1.1409583305560329e-05		5161.594216150607	
7.044444444442842	2.3674779915483508e-05		4909.751256082809		7.044444444446847	9.4758398048359e-06		5169.828017512782	
7.055555555553951	2.332858440009478e-05		4917.535613429618		7.055555555557961	7.311617722121268e-06		5178.101382598136	
7.06666666666506	2.2902164389667178e-05		4925.314812817231		7.066666666669077	5.091761415909832e-06		5186.468849817372	
7.077777777776168	2.2432340364917286e-05		4933.0876411922345		7.077777777780192	3.2434953960510246e-06		5195.098744724995	
7.0888888888872765	2.195859667720968e-05		4940.853033670939		7.088888888891306	2.9152109967335307e-06		5204.132393323688	
7.099999999998385	2.152196746520777e-05		4948.610232886954		7.100000000002421	4.3300005985825375e-06		5212.874681225665	
7.111111111109494	2.1163330853276444e-05		4956.358980303142		7.111111111113536	6.160364412697946e-06		5221.28086661922	
7.122222222220603	2.0920789525595187e-05		4964.099697693839		7.122222222224651	7.821445525309115e-06		5229.563029853959	
7.133333333331711	2.0826073293148765e-05		4971.833589185652		7.133333333335766	9.101751803108505e-06		5237.793525905521	
7.1444444444428195	2.0900400836332167e-05		4979.562588278789		7.144444444446881	9.8910255168691e-06		5245.9970409293355	
7.155555555553928	2.115078364303522e-05		4987.28911536429		7.155555555557996	1.0126898144471846e-05		5254.18299040072	
7.166666666665036	2.1567962418837034e-05		4995.015695173883		7.16666666666911	9.783910593431857e-06		5262.354302533991	
7.177777777776146	2.212676491255583e-05		5002.744559014348		7.177777777780226	8.871677518153719e-06		5270.509367536331	
7.188888888887254	2.2788835305228387e-05		5010.4773631462585		7.1888888888913405	7.436503969260338e-06		5278.6399970245	
7.199999999998362	2.350693666852331e-05		5018.215087054372		7.200000000002455	5.571038225460146e-06		5286.720541812022	
7.211111111109471	2.4229775430844438e-05		5025.958089554634		7.211111111113571	3.4735779183657626e-06		5294.652698702799	
7.222222222220579	2.4906516672334326e-05		5033.706252906478		7.222222222224685	1.9771416308996e-06		5301.976288759842	
7.2333333333316885	2.5490555151850398e-05		5041.459146033275		7.2333333333358	3.2060249622453266e-06		5309.113325464848	
7.244444444442797	2.5942425733583437e-05		5049.216164306986		7.2444444444469145	5.677875977063345e-06		5316.978411563386	
7.255555555553905	2.6231898441225025e-05		5056.976630428138		7.25555555555803	8.238598925134281e-06		5325.036675495726	
7.266666666665014	2.633934554015608e-05		5064.7398579146375		7.266666666669145	1.0609136199700694e-05		5333.152809152313	
7.277777777776122	2.6256455230197506e-05		5072.505185779075		7.277777777780259	1.2638203806416654e-05		5341.293422320576	
7.288888888887231	2.5986343629951705e-05		5080.2719940714005		7.288888888891375	1.421639883049195e-05		5349.447178196797	
7.29999999999834	2.554310352064793e-05		5088.039708604891		7.300000000002489	1.5265495197366193e-05		5357.609597856954	
7.311111111109448	2.495082855207156e-05		5095.807801379326		7.311111111113604	1.573832579499139e-05		5365.779048708489	
7.322222222220557	2.4242162075033024e-05		5103.575791760676		7.3222222222247195	1.5620105636955315e-05		5373.955513530351	
7.333333333331665	2.3456435529777428e-05		5111.343252421304		7.333333333335834	1.492932807025921e-05		5382.140348109541	
7.344444444442774	2.2637478154295164e-05		5119.109822985702		7.344444444446949	1.3718063141127194e-05		5390.336653915877	
7.355555555553883	2.183119511888753e-05		5126.875232556475		7.355555555558064	1.2072503099310363e-05		5398.550447499375	
7.366666666664991	2.1083024531131522e-05		5134.639329022318		7.366666666669179	1.0116387791489088e-05		5406.793437087541	
7.3777777777760996	2.0435396340782368e-05		5142.402107968717		7.3777777777802935	8.024817806799329e-06		5415.089460809776	
7.388888888887208	1.9925329357121457e-05		5150.163728306737		7.388888888891409	6.069221283742497e-06		5423.487367002362	
7.399999999998317	1.9582314376002495e-05		5157.924498880198		7.400000000002524	4.718206403750436e-06		5432.059264101417	
7.411111111109426	1.942663320676777e-05		5165.684825052285		7.411111111113638	4.543734396654592e-06		5440.7539860645165	
7.422222222220534	1.9468242110372384e-05		5173.44511857895		7.422222222224753	5.43382708266361e-06		5449.324565492046	
7.4333333333316425	1.9706297131990142e-05		5181.205692475706		7.433333333335868	6.684494632002082e-06		5457.714917724157	
7.444444444442751	2.0129329921076996e-05		5188.96667319221		7.444444444446983	7.817223532940803e-06		5465.996288098479	
7.45555555555386	2.0716023487070073e-05		5196.727956287625		7.455555555558098	8.607832987692524e-06		5474.21699131584	
7.466666666664969	2.143650989838632e-05		5204.48921216923		7.466666666669213	8.954142928561332e-06		5482.399240982682	
7.477777777776077	2.2254113969293944e-05		5212.249928430781		7.477777777780328	8.81987353231317e-06		5490.551484167658	
7.488888888887185	2.3127477339736786e-05		5220.0094661762805		7.488888888891442	8.216118740219845e-06		5498.673518448339	
7.499999999998294	2.4012996895417662e-05		5227.767110884837		7.500000000002558	7.198655265737574e-06		5506.755929579826	
7.511111111109403	2.486749591411421e-05		5235.522107840914		7.511111111113673	5.881879880769709e-06		5514.7725515906495	
7.5222222222205115	2.5651022579854923e-05		5243.2736813661195		7.522222222224787	4.498715165233081e-06		5522.6592646536	
7.53333333333162	2.6329646518851972e-05		5251.021042980877		7.533333333335903	3.5814684163395354e-06		5530.3061426978675	
7.544444444442728	2.6878102439468186e-05		5258.763396375802		7.544444444447017	3.917932900960783e-06		5537.820203472865	
7.555555555553837	2.72821075922619e-05		5266.499948146366		7.555555555558132	5.401964502681383e-06		5545.547752250843	
7.566666666664946	2.754014996511048e-05		5274.22993383166		7.566666666669247	7.33998819723305e-06		5553.471112190617	
7.577777777776054	2.7664500801937295e-05		5281.952669069478		7.577777777780362	9.343363723093995e-06		5561.487524710179	
7.588888888887163	2.7681149416252003e-05		5289.667634448856		7.588888888891477	1.1226285443660528e-05		5569.54754585473	
7.599999999998271	2.7628310803082585e-05		5297.374597265527		7.600000000002591	1.288180976834516e-05		5577.629647698941	
7.61111111110938	2.755317247221438e-05		5305.073760481704		7.611111111113707	1.4242019946906216e-05		5585.723637773965	
7.622222222220489	2.7506721584301185e-05		5312.765907466573		7.6222222222248215	1.5265077011164068e-05		5593.824252863286	
7.633333333331597	2.7536924238555994e-05		5320.452486799622		7.633333333335936	1.592978162068136e-05		5601.92861079076	
7.644444444442706	2.7681203587480534e-05		5328.1355723591405		7.644444444447052	1.6232181325689984e-05		5610.035107857238	
7.655555555553814	2.7959826600002934e-05		5335.817661809325		7.655555555558166	1.6182644921739465e-05		5618.14290513341	
7.666666666664923	2.837199134176225e-05		5343.50134320832		7.666666666669281	1.5803022299618418e-05		5626.251678013645	
7.677777777776032	2.889576921774099e-05		5351.188928310005		7.677777777780396	1.512391776202652e-05		5634.361496101787	
7.68888888888714	2.9491808315241183e-05		5358.882169979719		7.688888888891511	1.4182238514914246e-05		5642.472778478583	
7.699999999998249	3.010954761184844e-05		5366.582134214086		7.700000000002626	1.301919300407372e-05		5650.586307637362	
7.711111111109357	3.06942357871471e-05		5374.289222819431		7.711111111113741	1.1678865384874765e-05		5658.703313391821	
7.7222222222204655	3.11933365597999e-05		5382.003291778384		7.722222222224856	1.0207420822277738e-05		5666.825674752905	
7.733333333331575	3.15615393382368e-05		5389.7238014992645		7.73333333333597	8.652946673468997e-06		5674.956361615177	
7.744444444442683	3.176417280835287e-05		5397.449954146272		7.744444444447085	7.065988793698343e-06		5683.100423067681	
7.755555555553792	3.1779163953384264e-05		5405.18079806156		7.7555555555582005	5.501214805232545e-06		5691.267360444059	
7.7666666666649	3.159781604994354e-05		5412.91529741813		7.766666666669315	4.022093263488863e-06		5699.477423700849	
7.777777777776008	3.1224685104381725e-05		5420.652374641487		7.77777777778043	2.716272132998342e-06		5707.779865519043	
7.788888888887118	3.0676789539578535e-05		5428.39093658576		7.788888888891545	1.7497273342184562e-06		5716.295165403186	
7.799999999998226	2.9982331658300096e-05		5436.129896161343		7.80000000000266	1.4309374725675975e-06		5725.094086306848	
7.8111111111093345	2.917905323570612e-05		5443.868201038104		7.8111111111137745	1.7240347470033137e-06		5733.7429575323795	
7.822222222220443	2.8312290232718466e-05		5451.6048806185645		7.82222222222489	2.1243849028680093e-06		5742.1045572309895	
7.833333333331551	2.743273090616295e-05		5459.339120659828		7.833333333336005	2.3695786033051103e-06		5750.321161763751	
7.844444444442661	2.659382516148037e-05		5467.070369376644		7.844444444447119	2.382839819620487e-06		5758.456001699209	
7.855555555553769	2.584876772928867e-05		5474.798466724809		7.855555555558235	2.15957144124304e-06		5766.513840953338	
7.8666666666648775	2.524703116342164e-05		5482.523769058739		7.866666666669349	1.7587600349400163e-06		5774.445463351446	
7.877777777775986	2.4830602116962407e-05		5490.2472203506195		7.877777777780464	1.3874820484996359e-06		5782.112120142588	
7.888888888887094	2.463036099999753e-05		5497.970314110911		7.888888888891579	1.5269889582434145e-06		5789.534834806901	
7.899999999998204	2.466330560732147e-05		5505.694915091667		7.900000000002694	2.3264640637652636e-06		5797.203660798612	
7.911111111109312	2.4931330105138864e-05		5513.422967484481		7.911111111113809	3.4501131905818024e-06		5805.123175681962	
7.92222222222042	2.5421901552360116e-05		5521.156175532774		7.9222222222249234	4.684647090617407e-06		5813.151214795678	
7.933333333331529	2.6110374934150075e-05		5528.895759236075		7.933333333336039	5.9136813077457844e-06		5821.227838198554	
7.944444444442637	2.696321298500145e-05		5536.642348130637		7.944444444447154	7.052115884307816e-06		5829.329381027783	
7.9555555555537465	2.7941289388240197e-05		5544.396011319269		7.955555555558268	8.029956253705384e-06		5837.445240417434	
7.966666666664855	2.900271187737171e-05		5552.156375598387		7.966666666669384	8.789982203296465e-06		5845.570057101717	
7.977777777775963	3.0104967256767566e-05		5559.922773595373		7.977777777780498	9.288808191361138e-06		5853.700843936605	
7.988888888887072	3.1206459181898646e-05		5567.694379467179		7.988888888891613	9.498499561278969e-06		5861.835800982435	
7.99999999999818	3.22676196330238e-05		5575.470311872535		8.000000000002728	9.407795750300427e-06		5869.973778255812	
8.011111111109289	3.3251767481416294e-05		5583.249700772659		8.011111111113843	9.022557113507607e-06		5878.114019621623	
8.022222222220398	3.412582894552794e-05		5591.0317234145705		8.022222222224958	8.365278152637513e-06		5886.2560501612	
8.033333333331507	3.486097278381098e-05		5598.815617595044		8.033333333336072	7.473636018585295e-06		5894.399664598708	
8.044444444442615	3.543316921433843e-05		5606.600679815227		8.044444444447187	6.3981355199870996e-06		5902.545040855492	
8.055555555553724	3.5823659505101964e-05		5614.386254258616		8.055555555558303	5.198995283513789e-06		5910.693116941066	
8.066666666664831	3.601931860244924e-05		5622.1717167476545		8.066666666669418	3.942528193612801e-06		5918.8467319825995	
8.07777777777594	3.6012899678367796e-05		5629.956456401377		8.077777777780533	2.6975673541848194e-06		5927.014653925317	
8.08888888888705	3.580316130148566e-05		5637.739856742629		8.088888888891647	1.534315561743133e-06		5935.231460621424	
8.099999999998158	3.53948905775898e-05		5645.521277480212		8.100000000002762	5.560754538990434e-07		5943.76061096124	
8.111111111109267	3.479884566577167e-05		5653.300038094621		8.111111111113877	5.373159989468801e-07		5953.7207928517655	
8.122222222220374	3.403164576566127e-05		5661.075404699131		8.122222222224993	1.1485514086802325e-06		5962.170852435874	
8.133333333331484	3.311563324159497e-05		5668.8465824967625		8.133333333336108	1.6034081753831927e-06		5970.311171813179	
8.144444444442593	3.207871775417368e-05		5676.612717609256		8.144444444447222	1.8853178327304296e-06		5978.359108596753	
8.1555555555537	3.095418202646798e-05		5684.372914171835		8.155555555558337	2.050711028619714e-06		5986.334976983251	
8.16666666666481	2.9780378689623997e-05		5692.126275160804		8.166666666669451	2.2009511627717045e-06		5994.2458605231	
8.177777777775917	2.8600175147172137e-05		5699.8719775440295		8.177777777780566	2.4549556785318153e-06		6002.12260996828	
8.188888888887027	2.745991521707681e-05		5707.609391734846		8.18888888889168	2.8866403377261047e-06		6010.018264897598	
8.199999999998136	2.640759150903509e-05		5715.338247825629		8.200000000002797	3.485354953755528e-06		6017.969057361196	
8.211111111109243	2.5489928592357277e-05		5723.058831708155		8.211111111113912	4.183473339159083e-06		6025.978746248912	
8.222222222220353	2.4748268034297225e-05		5730.7721621890705		8.222222222225026	4.899196846829388e-06		6034.035795899868	
8.23333333333146	2.4213601457816965e-05		5738.480068198407		8.233333333336141	5.557517425484951e-06		6042.127817829565	
8.24444444444257	2.390173171100712e-05		5746.185083401286		8.244444444447256	6.096629979530947e-06		6050.24575725283	
8.255555555553679	2.3809997665563032e-05		5753.8901328171505		8.25555555555837	6.469998036036324e-06		6058.383855060135	
8.266666666664786	2.3916809871935214e-05		5761.598088400996		8.266666666669487	6.647500110110781e-06		6066.538850425801	
8.277777777775896	2.4184308389689386e-05		5769.311347539591		8.277777777780601	6.616172147219457e-06		6074.709364851843	
8.288888888887003	2.4563297951220535e-05		5777.031573968245		8.288888888891716	6.380423829513541e-06		6082.895597064284	
8.299999999998112	2.4998980833806488e-05		5784.759647737255		8.30000000000283	5.961596629855825e-06		6091.0992993684895	
8.311111111109222	2.5436163772459724e-05		5792.495776209355		8.311111111113945	5.39682436122105e-06		6099.323995502124	
8.32222222222033	2.5823232221900753e-05		5800.2396788948145		8.32222222222506	4.73718763642102e-06		6107.575355196676	
8.333333333331439	2.6114783482816504e-05		5807.990773040493		8.333333333336174	4.04492910744503e-06		6115.861383294163	
8.344444444442546	2.6273146219774912e-05		5815.748321276576		8.34444444444729	3.3885338209111213e-06		6124.1912675602625	
8.355555555553655	2.626910160723883e-05		5823.511531486665		8.355555555558405	2.8320967242879213e-06		6132.570294977371	
8.366666666664765	2.608207445180514e-05		5831.279614559435		8.36666666666952	2.4136620081377e-06		6140.989442865406	
8.377777777775872	2.5699977896110438e-05		5839.051810578573		8.377777777780635	2.1177179542593646e-06		6149.41969967671	
8.388888888886981	2.5118821849468738e-05		5846.827393339972		8.38888888889175	1.8713640660430889e-06		6157.828021778964	
8.399999999998089	2.434214731635924e-05		5854.605660465543		8.400000000002864	1.580010031029933e-06		6166.201474646699	
8.411111111109198	2.3380324124301054e-05		5862.385913606815		8.41111111111398	1.1681130399762445e-06		6174.557486867795	
8.422222222220308	2.224974128283565e-05		5870.167430912503		8.422222222225095	6.020599092872861e-07		6183.003086084696	
8.433333333331415	2.0971920718049043e-05		5877.949432130015		8.43333333333621	2.863517459815462e-07		6193.236432116574	
8.444444444442524	1.957259145677802e-05		5885.731035297754		8.444444444447324	1.1490101941326302e-06		6202.085776888493	
8.455555555553632	1.808076906733758e-05		5893.511202867437		8.455555555558439	2.2076983453198433e-06		6210.382601644481	
8.466666666664741	1.6527891869414668e-05		5901.288674374753		8.466666666669553	3.362568791036854e-06		6218.6125543089365	
8.47777777777585	1.4947068818865155e-05		5909.061883048902		8.477777777780668	4.5550764647746675e-06		6226.816550618992	
8.488888888886958	1.3372490396024734e-05		5916.828856788048		8.488888888891784	5.725238028231546e-06		6235.005314429435	
8.499999999998067	1.1839034912985798e-05		5924.587114168075		8.500000000002899	6.813618540367637e-06		6243.1829701203815	
8.511111111109175	1.0382047976655295e-05		5932.333593493932		8.511111111114014	7.765123448868472e-06		6251.3512784196755	
8.522222222220284	9.037136438801355e-06		5940.064715674501		8.522222222225128	8.53276532702801e-06		6259.510818698507	
8.533333333331392	7.839517384319958e-06		5947.776799744817		8.533333333336243	9.081033176952322e-06		6267.661387057233	
8.544444444442501	6.821930816554392e-06		5955.46718950462		8.544444444447358	9.388695686286175e-06		6275.802115188892	
8.55555555555361	6.009617601949331e-06		5963.136359297652		8.555555555558474	9.450948671096616e-06		6283.931457746016	
8.566666666664718	5.411621166325756e-06		5970.790376316727		8.566666666669589	9.280875144857668e-06		6292.047107046509	
8.577777777775827	5.011497723026127e-06		5978.441453111091		8.577777777780703	8.910212007760144e-06		6300.145889011405	
8.588888888886935	4.765245503371079e-06		5986.104498042087		8.588888888891818	8.389332547251438e-06		6308.2237545598955	
8.599999999998044	4.611428680721224e-06		5993.791651923049		8.600000000002932	7.785968173242651e-06		6316.276135697704	
8.611111111109153	4.4877128292641e-06		6001.509498446698		8.611111111114047	7.1811862670933695e-06		6324.299180169403	
8.62222222222026	4.343779804657338e-06		6009.260302700664		8.622222222225162	6.659505560254604e-06		6332.292407707135	
8.63333333333137	4.147102131620737e-06		6017.044988535998		8.633333333336278	6.289840097221227e-06		6340.262180606598	
8.644444444442478	3.884395048198593e-06		6024.865897792995		8.644444444447393	6.10061825156722e-06		6348.222674243466	
8.655555555553587	3.562715140246269e-06		6032.728961569407		8.655555555558507	6.065285941548307e-06		6356.190872665498	
8.666666666664696	3.2130603046776083e-06		6040.645160380871		8.666666666669622	6.113556606151829e-06		6364.178693856061	
8.677777777775804	2.897256047672174e-06		6048.6288732226485		8.677777777780737	6.160523601104366e-06		6372.189411815123	
8.688888888886913	2.710592701860834e-06		6056.685168209509		8.688888888891851	6.132547336605928e-06		6380.219472052649	
8.69999999999802	2.7531649460115123e-06		6064.783560168641		8.700000000002968	5.980514694880078e-06		6388.26159275834	
8.71111111110913	3.0607507654415752e-06		6072.860373082168		8.711111111114082	5.683974928354688e-06		6396.306436341521	
8.722222222220239	3.5790575538841095e-06		6080.872641637188		8.722222222225197	5.2521004308003895e-06		6404.3425933638455	
8.733333333331347	4.217740244278608e-06		6088.818685448293		8.733333333336311	4.72545974377485e-06		6412.355544079592	
8.744444444442456	4.8967635281265875e-06		6096.713618074131		8.744444444447426	4.180485144010282e-06		6420.327226089909	
8.755555555553563	5.555803069306015e-06		6104.571778602752		8.75555555555854	3.7330811732148216e-06		6428.241471241029	
8.766666666664673	6.150636423474061e-06		6112.40290930815		8.766666666669657	3.519522547920652e-06		6436.104346781316	
8.777777777775782	6.649555394067079e-06		6120.212879543883		8.777777777780772	3.622047624541458e-06		6443.9643781366285	
8.78888888888689	7.031735235440607e-06		6128.004889263136		8.788888888891886	3.995759714342205e-06		6451.880579365849	
8.799999999997999	7.286932878636698e-06		6135.780335606365		8.800000000003001	4.510286169296389e-06		6459.873961985911	
8.811111111109106	7.41582408098926e-06		6143.539365662639		8.811111111114116	5.0375164033931215e-06		6467.9349845456	
8.822222222220216	7.430489671530762e-06		6151.281269978879		8.82222222222523	5.486651621593849e-06		6476.048495692994	
8.833333333331325	7.354610709905588e-06		6159.004879434665		8.833333333336345	5.803719594821446e-06		6484.20367406836	
8.844444444442432	7.222778042491267e-06		6166.709130379681		8.844444444447461	5.96583596414034e-06		6492.394990945245	
8.855555555553542	7.078002285476704e-06		6174.39392732101		8.855555555558576	5.9783489036329175e-06		6500.621145160844	
8.86666666666465	6.9663059824470365e-06		6182.061244939842		8.86666666666969	5.87464221410591e-06		6508.883761823754	
8.877777777775758	6.927931012027994e-06		6189.715990487626		8.877777777780805	5.716418184786869e-06		6517.185448169079	
8.888888888886868	6.986935025636687e-06		6197.36577709389		8.88888888889192	5.589883549822838e-06		6525.526100995038	
8.899999999997975	7.143704563056527e-06		6205.019174135485		8.900000000003034	5.589873079042718e-06		6533.897515857896	
8.911111111109085	7.374728731440658e-06		6212.68328624168		8.91111111111415	5.787625365029746e-06		6542.280735039462	
8.922222222220192	7.639583100829414e-06		6220.362196909767		8.922222222225265	6.1980824932873745e-06		6550.652386666533	
8.933333333331301	7.890842256016185e-06		6228.05691947684		8.93333333333638	6.7754913362083266e-06		6558.995902758114	
8.94444444444241	8.082625773975779e-06		6235.766277289073		8.944444444447495	7.438756137348828e-06		6567.305910335286	
8.955555555553518	8.17612416263287e-06		6243.487874846669		8.95555555555861	8.100340900858864e-06		6575.5845530839815	
8.966666666664628	8.142501867741573e-06		6251.2187314695175		8.966666666669724	8.682905802535301e-06		6583.83652533946	
8.977777777775735	7.964163736737624e-06		6258.955520633878		8.977777777780839	9.125569440321097e-06		6592.066257585162	
8.988888888886844	7.635216374718544e-06		6266.694481986837		8.988888888891955	9.385569133105643e-06		6600.276914315591	
8.999999999997954	7.1617314656384e-06		6274.431042976323		9.00000000000307	9.4385942103905e-06		6608.470196521839	
9.011111111109061	6.5624007247663265e-06		6282.159102697781		9.011111111114184	9.27894257429634e-06		6616.646355033478	
9.02222222222017	5.870464125267171e-06		6289.86985431482		9.022222222225299	8.91978727264425e-06		6624.804179380348	
9.033333333331278	5.1384464337189006e-06		6297.5501336902125		9.033333333336413	8.393608701633952e-06		6632.940920668495	
9.044444444442387	4.447693338104659e-06		6305.181435959173		9.044444444447528	7.752723571922491e-06		6641.052273278129	
9.055555555553497	3.920423984150678e-06		6312.745524131719		9.055555555558644	7.069326926011117e-06		6649.132848270783	
9.066666666664604	3.7088901353885112e-06		6320.248959159377		9.066666666669759	6.432753293536549e-06		6657.1781278901535	
9.077777777775713	3.914005683892911e-06		6327.748923154562		9.077777777780874	5.938196597956219e-06		6665.189121140577	
9.088888888886821	4.498631092048105e-06		6335.311607882833		9.088888888891988	5.65986226487805e-06		6673.178404267276	
9.09999999999793	5.340457715686343e-06		6342.954786222109		9.100000000003103	5.615144750591167e-06		6681.170181015203	
9.11111111110904	6.329135647709596e-06		6350.662763027148		9.111111111114218	5.750895687976192e-06		6689.18926185195	
9.122222222220147	7.393653118349384e-06		6358.415650480155		9.122222222225332	5.970669975809142e-06		6697.249747203942	
9.133333333331256	8.492218974632605e-06		6366.198527636852		9.133333333336449	6.176690676899176e-06		6705.354771611296	
9.144444444442364	9.599513125631252e-06		6374.001292257264		9.144444444447563	6.296615754688303e-06		6713.502717659911	
9.155555555553473	1.069817039559635e-05		6381.817076786878		9.155555555558678	6.293572435278596e-06		6721.692301660291	
9.166666666664582	1.1773613287684826e-05		6389.641050152362		9.166666666669792	6.169618378661216e-06		6729.924822280952	
9.17777777777569	1.281104225874742e-05		6397.46968996181		9.177777777780907	5.968896100260418e-06		6738.20412427357	
9.1888888888868	1.379392754418302e-05		6405.300356047131		9.188888888892022	5.779837158418679e-06		6746.533695466244	
9.199999999997907	1.4703644396724516e-05		6413.131029485673		9.200000000003138	5.726408720857632e-06		6754.909420755364	
9.211111111109016	1.5519991601122656e-05		6420.9601365538465		9.211111111114253	5.931091759595133e-06		6763.311314298721	
9.222222222220125	1.6222352076334275e-05		6428.786415104699		9.222222222225367	6.454671519148282e-06		6771.707228823497	
9.233333333331233	1.6791263818771783e-05		6436.60880272027		9.233333333336482	7.265656000099791e-06		6780.071233399492	
9.244444444442342	1.721019517926303e-05		6444.426337264144		9.244444444447597	8.269387676281963e-06		6788.394747152776	
9.25555555555345	1.7467362507063048e-05		6452.238065801794		9.255555555558711	9.354720905466183e-06		6796.681515618375	
9.266666666664559	1.7557483231770528e-05		6460.042960671435		9.266666666669826	1.0420639754280395e-05		6804.939173885219	
9.277777777775668	1.7483413869227567e-05		6467.839844365253		9.277777777780942	1.1384375789153682e-05		6813.174888552014	
9.288888888886776	1.725766856748751e-05		6475.627330185924		9.288888888892057	1.2182218545836631e-05		6821.39422285593	
9.299999999997885	1.6903830605286157e-05		6483.403796065723		9.300000000003172	1.2768704656286192e-05		6829.601249913695	
9.311111111108993	1.6457820258662752e-05		6491.167427342553		9.311111111114286	1.3115680128730305e-05		6837.79895051199	
9.322222222220102	1.5968803572207643e-05		6498.9163909152985		9.3222222222254	1.3211290768773221e-05		6845.989595032785	
9.333333333331211	1.549913751804503e-05		6506.649226097526		9.333333333336515	1.3058690147248413e-05		6854.175057491817	
9.344444444442319	1.5122148067160045e-05		6514.3655137124515		9.344444444447632	1.267432297264601e-05		6862.357080642616	
9.355555555553428	1.4916077290189371e-05		6522.066733302895		9.355555555558746	1.2085779234042215e-05		6870.537525925397	
9.366666666664536	1.4953194699666954e-05		6529.756902662285		9.366666666669861	1.1329362345955586e-05		6878.718643084338	
9.377777777775645	1.5285867683828033e-05		6537.442347075695		9.377777777780976	1.0447671223097747e-05		6886.903392517842	
9.388888888886754	1.5935146382479582e-05		6545.130281526592		9.38888888889209	9.487669654752817e-06		6895.0958455671025	
9.399999999997862	1.6887867312085543e-05		6552.8268383133345		9.400000000003205	8.49989600044598e-06		6903.30165217478	
9.411111111108971	1.8103247651054123e-05		6560.535712929923		9.411111111114321	7.5395555935791985e-06		6911.52843200633	
9.422222222220078	1.9524189364257705e-05		6568.2580052514595		9.422222222225436	6.669836829244083e-06		6919.785537922827	
9.433333333331188	2.108761638510611e-05		6575.992898548553		9.43333333333655	5.965697599953035e-06		6928.081736765089	
9.444444444442297	2.273120320427716e-05		6583.738526265872		9.444444444447665	5.5107558212285655e-06		6936.418725099386	
9.455555555553405	2.4396755226369928e-05		6591.492640284258		9.45555555555878	5.374692685566752e-06		6944.782428041804	
9.466666666664514	2.603156701394508e-05		6599.253003769021		9.466666666669894	5.574383880421838e-06		6953.144314281239	
9.477777777775621	2.7588927351824316e-05		6607.017574533228		9.477777777781009	6.0575856029104015e-06		6961.478916339304	
9.48888888888673	2.9028456869208058e-05		6614.7845647533995		9.488888888892125	6.730851150449641e-06		6969.777371415057	
9.49999999999784	3.031656614857134e-05		6622.55243969849		9.50000000000324	7.4965376154746365e-06		6978.044042251575	
9.511111111108947	3.142707966393749e-05		6630.319892452584		9.511111111114355	8.26992654055255e-06		6986.287839375976	
9.522222222220057	3.234194292628682e-05		6638.085814187657		9.52222222222547	8.98138848454209e-06		6994.51734397271	
9.533333333331164	3.3051869471074876e-05		6645.849269779821		9.533333333336584	9.574777877100515e-06		7002.739490297031	
9.544444444442274	3.355676029013955e-05		6653.609483623773		9.544444444447699	1.0006753051514366e-05		7010.959718811564	
9.555555555553383	3.3865725685843165e-05		6661.365838012682		9.555555555558815	1.0247626414224366e-05		7019.182492476455	
9.56666666666449	3.3996553377573675e-05		6669.117884816231		9.56666666666993	1.028320267902159e-05		7027.411810078341	
9.5777777777756	3.39744994226859e-05		6676.865369360471		9.577777777781044	1.0116990277701513e-05		7035.651628272757	
9.588888888886707	3.3830337840727175e-05		6684.608262763773		9.588888888892159	9.772276549903485e-06		7043.906151683035	
9.599999999997817	3.35977003367031e-05		6692.3467954191665		9.600000000003273	9.293493226659755e-06		7052.179880877038	
9.611111111108926	3.330987329419529e-05		6700.081480569872		9.611111111114388	8.745784741467639e-06		7060.477146256886	
9.622222222220033	3.299638221666064e-05		6707.813114755654		9.622222222225503	8.210439899651349e-06		7068.80068272672	
9.633333333331143	3.267984331860336e-05		6715.5427436439095		9.63333333333662	7.772299069366265e-06		7077.149027522323	
9.64444444444225	3.23736322635743e-05		6723.271588889174		9.644444444447734	7.4965435334683774e-06		7085.513926023522	
9.65555555555336	3.208084736853298e-05		6731.000942979888		9.655555555558848	7.4014799524312155e-06		7093.880894246604	
9.666666666664469	3.1794811987985016e-05		6738.732050053824		9.666666666669963	7.445784807628173e-06		7102.234566054496	
9.677777777775576	3.1501028355483884e-05		6746.465995792513		9.677777777781078	7.542427394183661e-06		7110.5647655417615	
9.688888888886686	3.118018110414789e-05		6754.203625864794		9.688888888892192	7.588056631735545e-06		7118.868214531158	
9.699999999997793	3.0811604932171935e-05		6761.9455020531495		9.700000000003309	7.488188318480026e-06		7127.146281543627	
9.711111111108902	3.0376621851279585e-05		6769.691893594249		9.711111111114423	7.170570957843188e-06		7135.402014347834	
9.722222222220012	2.9861284658381726e-05		6777.4427933645775		9.722222222225538	6.589707244461188e-06		7143.638052203745	
9.73333333333112	2.925825868602934e-05		6785.197946232421		9.733333333336653	5.7271445495443876e-06		7151.8550849183175	
9.744444444442228	2.8567763678876907e-05		6792.956879129572		9.744444444447767	4.590483438796656e-06		7160.049238684734	
9.755555555553336	2.779764338701663e-05		6800.718926939303		9.755555555558882	3.2140525701687666e-06		7168.202247207744	
9.766666666664445	2.696272365138295e-05		6808.483253278595		9.766666666669996	1.679530101669541e-06		7176.213538824482	
9.777777777775555	2.6083667432779072e-05		6816.248869683952		9.777777777781113	6.996427452824839e-07		7182.959653511283	
9.788888888886662	2.5185546459940927e-05		6824.014660229283		9.788888888892227	2.1340020325123253e-06		7190.21132111685	
9.799999999997771	2.4296328120766515e-05		6831.779420942977		9.800000000003342	3.900060510167909e-06		7198.267093928994	
9.811111111108879	2.344542232520356e-05		6839.541923914784		9.811111111114457	5.6155705825538345e-06		7206.41486997482	
9.822222222219988	2.2662346892762217e-05		6847.301013462674		9.822222222225571	7.183452543582905e-06		7214.588589656476	
9.833333333331097	2.1975463199482275e-05		6855.055734531458		9.833333333336686	8.532622364259672e-06		7222.773311351292	
9.844444444442205	2.1410639101645402e-05		6862.8054805381835		9.844444444447802	9.607609826427172e-06		7230.964090713356	
9.855555555553314	2.098966840021771e-05		6870.550130697928		9.855555555558917	1.0369249606256876e-05		7239.159006886424	
9.866666666664422	2.0728371024502773e-05		6878.290132162331		9.866666666670032	1.0796118554023848e-05		7247.357301030149	
9.877777777775531	2.063452378896076e-05		6886.026482008601		9.877777777781146	1.0885253868540995e-05		7255.558725957709	
9.88888888888664	2.0706040244615682e-05		6893.760588540341		9.88888888889226	1.0651792436473122e-05		7263.7632583485365	
9.899999999997748	2.0929961459602857e-05		6901.494036522242		9.900000000003375	1.0127441718284959e-05		7271.970918787794	
9.911111111108857	2.1282702969818404e-05		6909.228323058537		9.911111111114492	9.35781624300297e-06		7280.1815869457805	
9.922222222219965	2.173165754795021e-05		6916.9646414827685		9.922222222225606	8.398771234978421e-06		7288.39471830573	
9.933333333331074	2.2237872631102862e-05		6924.703762844625		9.933333333336721	7.311985740582203e-06		7296.60882200538	
9.944444444442183	2.2759303631056716e-05		6932.4460194870835		9.944444444447836	6.160271778994211e-06		7304.820420162344	
9.95555555555329	2.3254146074519998e-05		6940.191361209401		9.95555555555895	5.00362759719353e-06		7313.021854528744	
9.9666666666644	2.3683888416965276e-05		6947.939444385206		9.966666666670065	3.898562853873153e-06		7321.196380264521	
9.977777777775508	2.401588842491109e-05		6955.68972263915		9.97777777778118	2.9078213693350454e-06		7329.306891300321	
9.988888888886617	2.4225391869645527e-05		6963.441522290497		9.988888888892296	2.140022195420354e-06		7337.277149908341	
9.999999999997726	2.429697224018107e-05		6971.194098312242		10.00000000000341	1.8227433502625273e-06		7345.043624098323	
